/*
 * SPDX-FileCopyrightText: 2026 na2kera
 *
 * SPDX-License-Identifier: MIT
 */
// リールのシート (72x288, RGB565)。上から 技育展 / 技育祭 / 技育博 / 技育CAMP。
// tools/make_reel.py で assets/src/*.svg から生成。手で編集しない。
#include <lvgl.h>

static const uint8_t rl_reel_map[] = {
    0x62, 0x08, 0x62, 0x08, 0x62, 0x08, 0x62, 0x08, 0x62, 0x08, 0x62, 0x08, 0x62, 0x08, 0x62, 0x08, 0x62, 0x08, 0x62, 0x08, 0x62, 0x08, 0x62, 0x08,
    0x62, 0x08, 0x62, 0x08, 0x62, 0x08, 0x62, 0x08, 0x62, 0x08, 0x62, 0x08, 0x62, 0x08, 0x62, 0x08, 0x62, 0x08, 0x62, 0x08, 0x62, 0x08, 0x62, 0x08,
    0x62, 0x08, 0x62, 0x08, 0x62, 0x08, 0x62, 0x08, 0x62, 0x08, 0x62, 0x08, 0x62, 0x08, 0x62, 0x08, 0x62, 0x08, 0x62, 0x08, 0x62, 0x08, 0x62, 0x08,
    0x62, 0x08, 0x62, 0x08, 0x62, 0x08, 0x62, 0x08, 0x62, 0x08, 0x62, 0x08, 0x62, 0x08, 0x62, 0x08, 0x62, 0x08, 0x62, 0x08, 0x62, 0x08, 0x62, 0x08,
    0x62, 0x08, 0x62, 0x08, 0x62, 0x08, 0x62, 0x08, 0x62, 0x08, 0x62, 0x08, 0x62, 0x08, 0x62, 0x08, 0x62, 0x08, 0x62, 0x08, 0x62, 0x08, 0x62, 0x08,
    0x62, 0x08, 0x62, 0x08, 0x62, 0x08, 0x62, 0x08, 0x62, 0x08, 0x62, 0x08, 0x62, 0x08, 0x62, 0x08, 0x62, 0x08, 0x62, 0x08, 0x62, 0x08, 0x62, 0x08,
    0x62, 0x08, 0x62, 0x08, 0x62, 0x08, 0x62, 0x08, 0x62, 0x08, 0x62, 0x08, 0x62, 0x08, 0x62, 0x08, 0x62, 0x08, 0x62, 0x08, 0x62, 0x08, 0x62, 0x08,
    0x62, 0x08, 0x62, 0x08, 0x62, 0x08, 0x62, 0x08, 0x62, 0x08, 0x62, 0x08, 0x62, 0x08, 0x62, 0x08, 0x62, 0x08, 0x62, 0x08, 0x62, 0x08, 0x62, 0x08,
    0x62, 0x08, 0x62, 0x08, 0x62, 0x08, 0x62, 0x08, 0x62, 0x08, 0x62, 0x08, 0x62, 0x08, 0x62, 0x08, 0x62, 0x08, 0x62, 0x08, 0x62, 0x08, 0x62, 0x08,
    0x62, 0x08, 0x62, 0x08, 0x62, 0x08, 0x62, 0x08, 0x62, 0x08, 0x62, 0x08, 0x62, 0x08, 0x62, 0x08, 0x62, 0x08, 0x62, 0x08, 0x62, 0x08, 0x62, 0x08,
    0x62, 0x08, 0x62, 0x08, 0x62, 0x08, 0x62, 0x08, 0x62, 0x08, 0x62, 0x08, 0x62, 0x08, 0x62, 0x08, 0x62, 0x08, 0x62, 0x08, 0x62, 0x08, 0x62, 0x08,
    0x62, 0x08, 0x62, 0x08, 0x62, 0x08, 0x62, 0x08, 0x62, 0x08, 0x62, 0x08, 0x62, 0x08, 0x62, 0x08, 0x62, 0x08, 0x62, 0x08, 0x62, 0x08, 0x62, 0x08,
    0x62, 0x08, 0x62, 0x08, 0x62, 0x08, 0x62, 0x08, 0x62, 0x08, 0x62, 0x08, 0x62, 0x08, 0x62, 0x08, 0x62, 0x08, 0x62, 0x08, 0x62, 0x08, 0x62, 0x08,
    0x62, 0x08, 0x62, 0x08, 0x62, 0x08, 0x62, 0x08, 0x62, 0x08, 0x62, 0x08, 0x62, 0x08, 0x62, 0x08, 0x62, 0x08, 0x62, 0x08, 0x62, 0x08, 0x62, 0x08,
    0x62, 0x08, 0x62, 0x08, 0x62, 0x08, 0x62, 0x08, 0x62, 0x08, 0x62, 0x08, 0x62, 0x08, 0x62, 0x08, 0x62, 0x08, 0x62, 0x08, 0x62, 0x08, 0x62, 0x08,
    0x62, 0x08, 0x62, 0x08, 0x62, 0x08, 0x25, 0x21, 0xba, 0xd6, 0xbf, 0xf7, 0xfb, 0xde, 0xd3, 0x9c, 0x29, 0x42, 0x62, 0x08, 0x62, 0x08, 0x62, 0x08,
    0x62, 0x08, 0x62, 0x08, 0x62, 0x08, 0x62, 0x08, 0x62, 0x08, 0x62, 0x08, 0x62, 0x08, 0x62, 0x08, 0x62, 0x08, 0x62, 0x08, 0x62, 0x08, 0x62, 0x08,
    0x62, 0x08, 0x62, 0x08, 0x62, 0x08, 0x62, 0x08, 0x62, 0x08, 0x62, 0x08, 0x62, 0x08, 0x62, 0x08, 0x62, 0x08, 0x62, 0x08, 0x62, 0x08, 0x62, 0x08,
    0x62, 0x08, 0x62, 0x08, 0x62, 0x08, 0x62, 0x08, 0x62, 0x08, 0x62, 0x08, 0x62, 0x08, 0x62, 0x08, 0x62, 0x08, 0x62, 0x08, 0x62, 0x08, 0x62, 0x08,
    0x62, 0x08, 0x62, 0x08, 0x62, 0x08, 0x62, 0x08, 0x62, 0x08, 0x62, 0x08, 0x62, 0x08, 0x62, 0x08, 0x62, 0x08, 0x62, 0x08, 0x62, 0x08, 0x62, 0x08,
    0x62, 0x08, 0x62, 0x08, 0x62, 0x08, 0x62, 0x08, 0x62, 0x08, 0x62, 0x08, 0x62, 0x08, 0x62, 0x08, 0x62, 0x08, 0x62, 0x08, 0x62, 0x08, 0x62, 0x08,
    0x62, 0x08, 0x62, 0x08, 0x62, 0x08, 0x8e, 0x73, 0xff, 0xff, 0xfc, 0xad, 0xfc, 0xb5, 0x7f, 0xef, 0xff, 0xff, 0x79, 0xce, 0x10, 0x84, 0xe4, 0x18,
    0xe4, 0x18, 0xaf, 0x73, 0x49, 0x4a, 0x62, 0x08, 0x62, 0x08, 0x62, 0x08, 0x62, 0x08, 0x62, 0x08, 0x62, 0x08, 0x62, 0x08, 0x62, 0x08, 0x62, 0x08,
    0x62, 0x08, 0x62, 0x08, 0x62, 0x08, 0x62, 0x08, 0x62, 0x08, 0x62, 0x08, 0x62, 0x08, 0x62, 0x08, 0x62, 0x08, 0x62, 0x08, 0x62, 0x08, 0x62, 0x08,
    0x62, 0x08, 0x62, 0x08, 0x62, 0x08, 0x62, 0x08, 0x62, 0x08, 0x62, 0x08, 0x62, 0x08, 0x62, 0x08, 0x62, 0x08, 0x62, 0x08, 0x62, 0x08, 0x62, 0x08,
    0x62, 0x08, 0x62, 0x08, 0x62, 0x08, 0x62, 0x08, 0x62, 0x08, 0x62, 0x08, 0x62, 0x08, 0x62, 0x08, 0x62, 0x08, 0x62, 0x08, 0x62, 0x08, 0x62, 0x08,
    0x62, 0x08, 0x62, 0x08, 0x62, 0x08, 0x62, 0x08, 0x62, 0x08, 0x62, 0x08, 0x62, 0x08, 0x62, 0x08, 0x62, 0x08, 0x62, 0x08, 0x62, 0x08, 0x62, 0x08,
    0x62, 0x08, 0x62, 0x08, 0x62, 0x08, 0xc7, 0x39, 0xbe, 0xf7, 0xff, 0xff, 0xbf, 0xf7, 0x3b, 0x95, 0xba, 0x7c, 0x7d, 0xc6, 0xff, 0xff, 0xbf, 0xf7,
    0x9e, 0xf7, 0xdf, 0xff, 0xff, 0xff, 0x0c, 0x63, 0x62, 0x08, 0x62, 0x08, 0x62, 0x08, 0x62, 0x08, 0x62, 0x08, 0x62, 0x08, 0x62, 0x08, 0x62, 0x08,
    0x62, 0x08, 0x62, 0x08, 0x62, 0x08, 0x62, 0x08, 0x62, 0x08, 0x62, 0x08, 0x62, 0x08, 0x62, 0x08, 0x62, 0x08, 0x62, 0x08, 0x62, 0x08, 0x62, 0x08,
    0x62, 0x08, 0x62, 0x08, 0x62, 0x08, 0x62, 0x08, 0x62, 0x08, 0x62, 0x08, 0x62, 0x08, 0x62, 0x08, 0x62, 0x08, 0x62, 0x08, 0x62, 0x08, 0x62, 0x08,
    0x62, 0x08, 0x62, 0x08, 0x62, 0x08, 0x62, 0x08, 0x62, 0x08, 0x62, 0x08, 0x62, 0x08, 0x62, 0x08, 0x62, 0x08, 0x62, 0x08, 0x62, 0x08, 0x62, 0x08,
    0x62, 0x08, 0x62, 0x08, 0x62, 0x08, 0x62, 0x08, 0x62, 0x08, 0x62, 0x08, 0x62, 0x08, 0x62, 0x08, 0x62, 0x08, 0x62, 0x08, 0x62, 0x08, 0x62, 0x08,
    0x62, 0x08, 0x62, 0x08, 0x62, 0x08, 0xa3, 0x10, 0xb3, 0x94, 0x18, 0xc6, 0x96, 0xb5, 0xff, 0xff, 0xfc, 0xb5, 0xbc, 0xa5, 0x3d, 0xbe, 0x7d, 0xc6,
    0xff, 0xff, 0xe7, 0x39, 0x18, 0xc6, 0xff, 0xff, 0xf0, 0x7b, 0x62, 0x08, 0x62, 0x08, 0x62, 0x08, 0x62, 0x08, 0x62, 0x08, 0x62, 0x08, 0x62, 0x08,
    0x62, 0x08, 0x62, 0x08, 0x62, 0x08, 0x62, 0x08, 0x62, 0x08, 0x62, 0x08, 0x62, 0x08, 0x62, 0x08, 0x62, 0x08, 0x62, 0x08, 0x62, 0x08, 0x62, 0x08,
    0x62, 0x08, 0x62, 0x08, 0x62, 0x08, 0x62, 0x08, 0x62, 0x08, 0x62, 0x08, 0x62, 0x08, 0x62, 0x08, 0x62, 0x08, 0x62, 0x08, 0x62, 0x08, 0x62, 0x08,
    0x62, 0x08, 0x62, 0x08, 0x62, 0x08, 0x62, 0x08, 0x62, 0x08, 0x62, 0x08, 0x62, 0x08, 0x62, 0x08, 0x62, 0x08, 0x62, 0x08, 0x62, 0x08, 0x62, 0x08,
    0x62, 0x08, 0x62, 0x08, 0x62, 0x08, 0x62, 0x08, 0x62, 0x08, 0x62, 0x08, 0x62, 0x08, 0x04, 0x21, 0x82, 0x10, 0xa3, 0x10, 0xe4, 0x18, 0x62, 0x08,
    0x62, 0x08, 0x62, 0x08, 0x62, 0x08, 0x14, 0xa5, 0x7d, 0xef, 0xdb, 0xde, 0xdb, 0xde, 0xf3, 0x9c, 0xff, 0xff, 0xff, 0xff, 0xff, 0xff, 0xbf, 0xf7,
    0xff, 0xff, 0xe3, 0x18, 0xf3, 0x9c, 0xae, 0x73, 0xff, 0xff, 0x0c, 0x63, 0x62, 0x08, 0x62, 0x08, 0x62, 0x08, 0x62, 0x08, 0x62, 0x08, 0x62, 0x08,
    0x62, 0x08, 0x62, 0x08, 0x62, 0x08, 0x62, 0x08, 0x62, 0x08, 0x62, 0x08, 0x62, 0x08, 0x62, 0x08, 0x62, 0x08, 0x62, 0x08, 0x62, 0x08, 0x62, 0x08,
    0x62, 0x08, 0x62, 0x08, 0x62, 0x08, 0x62, 0x08, 0x62, 0x08, 0x62, 0x08, 0x62, 0x08, 0x62, 0x08, 0x62, 0x08, 0x62, 0x08, 0x62, 0x08, 0x62, 0x08,
    0x62, 0x08, 0x62, 0x08, 0x62, 0x08, 0x62, 0x08, 0x62, 0x08, 0x62, 0x08, 0x62, 0x08, 0x62, 0x08, 0x62, 0x08, 0x62, 0x08, 0x62, 0x08, 0x62, 0x08,
    0x62, 0x08, 0x66, 0x29, 0x29, 0x42, 0x6e, 0x6b, 0xf4, 0x9c, 0x59, 0xce, 0x9e, 0xf7, 0xff, 0xff, 0xdf, 0xff, 0xff, 0xff, 0xff, 0xff, 0xf8, 0xbd,
    0xd7, 0xbd, 0xef, 0x7b, 0xc3, 0x18, 0xbe, 0xf7, 0x0c, 0x63, 0x69, 0x4a, 0xff, 0xff, 0x1c, 0xe7, 0x9f, 0xef, 0x5e, 0xe7, 0xbf, 0xf7, 0xbd, 0xce,
    0xff, 0xff, 0x61, 0x08, 0x3c, 0xe7, 0x2c, 0x63, 0x51, 0x8c, 0xff, 0xff, 0xd3, 0x9c, 0x62, 0x08, 0x62, 0x08, 0x62, 0x08, 0x62, 0x08, 0x62, 0x08,
    0x62, 0x08, 0x62, 0x08, 0x62, 0x08, 0x62, 0x08, 0x62, 0x08, 0x62, 0x08, 0x62, 0x08, 0x62, 0x08, 0x62, 0x08, 0x62, 0x08, 0x62, 0x08, 0x62, 0x08,
    0x62, 0x08, 0x62, 0x08, 0x62, 0x08, 0x62, 0x08, 0x62, 0x08, 0x62, 0x08, 0x62, 0x08, 0x62, 0x08, 0x62, 0x08, 0x62, 0x08, 0x62, 0x08, 0x62, 0x08,
    0x62, 0x08, 0x62, 0x08, 0x62, 0x08, 0x62, 0x08, 0x62, 0x08, 0x62, 0x08, 0x62, 0x08, 0x62, 0x08, 0x62, 0x08, 0x62, 0x08, 0xa3, 0x10, 0xef, 0x7b,
    0x9a, 0xd6, 0xff, 0xff, 0xff, 0xff, 0xff, 0xff, 0x5e, 0xe7, 0x7d, 0xc6, 0x9b, 0xa5, 0xda, 0x84, 0x3b, 0x95, 0x1b, 0x8d, 0x5b, 0x9d, 0x3e, 0xe7,
    0x9d, 0xce, 0xff, 0xff, 0x8e, 0x73, 0xff, 0xff, 0x45, 0x29, 0x92, 0x94, 0xd7, 0xbd, 0xff, 0xff, 0xff, 0xff, 0xfc, 0xad, 0xff, 0xff, 0xff, 0xff,
    0xff, 0xff, 0x20, 0x00, 0x7d, 0xef, 0x8a, 0x52, 0x20, 0x00, 0xb2, 0x94, 0xff, 0xff, 0x10, 0x84, 0x62, 0x08, 0x62, 0x08, 0x62, 0x08, 0x62, 0x08,
    0x62, 0x08, 0x62, 0x08, 0x62, 0x08, 0x62, 0x08, 0x62, 0x08, 0x62, 0x08, 0x62, 0x08, 0x62, 0x08, 0x62, 0x08, 0x62, 0x08, 0x62, 0x08, 0x62, 0x08,
    0x62, 0x08, 0x62, 0x08, 0x62, 0x08, 0x62, 0x08, 0x62, 0x08, 0x62, 0x08, 0x62, 0x08, 0x62, 0x08, 0x62, 0x08, 0x62, 0x08, 0x62, 0x08, 0x62, 0x08,
    0x62, 0x08, 0x62, 0x08, 0x62, 0x08, 0x62, 0x08, 0x62, 0x08, 0x62, 0x08, 0x62, 0x08, 0x62, 0x08, 0xc4, 0x18, 0x72, 0x8c, 0x5d, 0xef, 0xff, 0xff,
    0x9d, 0xce, 0xba, 0x7c, 0x39, 0x6c, 0x58, 0x4b, 0x98, 0x53, 0xfb, 0x8c, 0xfc, 0xb5, 0xfe, 0xde, 0xfe, 0xde, 0x9d, 0xce, 0xbd, 0xce, 0x1c, 0xb6,
    0xbd, 0xce, 0xff, 0xff, 0x9a, 0xd6, 0xff, 0xff, 0xa2, 0x10, 0xd7, 0xbd, 0x49, 0x4a, 0x0c, 0x63, 0xff, 0xff, 0xff, 0xff, 0xff, 0xff, 0x9e, 0xf7,
    0x1c, 0xe7, 0x00, 0x00, 0x24, 0x21, 0x00, 0x00, 0x00, 0x00, 0x28, 0x42, 0xff, 0xff, 0xff, 0xff, 0xae, 0x73, 0x62, 0x08, 0x62, 0x08, 0x62, 0x08,
    0x62, 0x08, 0x62, 0x08, 0x62, 0x08, 0x62, 0x08, 0x62, 0x08, 0x62, 0x08, 0x62, 0x08, 0x62, 0x08, 0x62, 0x08, 0x62, 0x08, 0x62, 0x08, 0x62, 0x08,
    0x62, 0x08, 0x62, 0x08, 0x62, 0x08, 0x62, 0x08, 0x62, 0x08, 0x62, 0x08, 0x62, 0x08, 0x62, 0x08, 0x62, 0x08, 0x62, 0x08, 0x62, 0x08, 0x62, 0x08,
    0x62, 0x08, 0x62, 0x08, 0x62, 0x08, 0x62, 0x08, 0x62, 0x08, 0x62, 0x08, 0x62, 0x08, 0x71, 0x8c, 0x9e, 0xf7, 0xbf, 0xf7, 0xfc, 0xb5, 0xd9, 0x5b,
    0x78, 0x4b, 0x7b, 0x9d, 0x3e, 0xdf, 0xbf, 0xf7, 0xff, 0xff, 0xff, 0xff, 0x7d, 0xef, 0xbe, 0xf7, 0xff, 0xff, 0xbd, 0xce, 0x5e, 0xe7, 0xff, 0xff,
    0xff, 0xff, 0xff, 0xff, 0x18, 0xc6, 0xd3, 0x9c, 0x00, 0x00, 0xa6, 0x31, 0x00, 0x00, 0xd7, 0xbd, 0x59, 0xce, 0xaa, 0x52, 0x69, 0x4a, 0xcb, 0x5a,
    0xc3, 0x18, 0x00, 0x00, 0x00, 0x00, 0x00, 0x00, 0x10, 0x84, 0xff, 0xff, 0x1e, 0xdf, 0xfc, 0xb5, 0xff, 0xff, 0xcb, 0x5a, 0x62, 0x08, 0x62, 0x08,
    0x62, 0x08, 0x62, 0x08, 0x62, 0x08, 0x62, 0x08, 0x62, 0x08, 0x62, 0x08, 0x62, 0x08, 0x62, 0x08, 0x62, 0x08, 0x62, 0x08, 0x62, 0x08, 0x62, 0x08,
    0x62, 0x08, 0x62, 0x08, 0x62, 0x08, 0x62, 0x08, 0x62, 0x08, 0x62, 0x08, 0x62, 0x08, 0x62, 0x08, 0x62, 0x08, 0x62, 0x08, 0x62, 0x08, 0x62, 0x08,
    0x62, 0x08, 0x62, 0x08, 0x62, 0x08, 0x62, 0x08, 0x62, 0x08, 0x25, 0x21, 0xba, 0xd6, 0x59, 0xce, 0x1e, 0xdf, 0xd9, 0x5b, 0x9a, 0x7c, 0x5d, 0xc6,
    0xdf, 0xff, 0xbe, 0xf7, 0x38, 0xc6, 0x3c, 0xe7, 0xba, 0xd6, 0xff, 0xff, 0xff, 0xff, 0xff, 0xff, 0xff, 0xff, 0x5e, 0xe7, 0xbf, 0xf7, 0x1c, 0xe7,
    0xeb, 0x5a, 0xc3, 0x18, 0x00, 0x00, 0x00, 0x00, 0x00, 0x00, 0x00, 0x00, 0x82, 0x10, 0xdf, 0xff, 0xcf, 0x7b, 0x00, 0x00, 0x00, 0x00, 0x00, 0x00,
    0x00, 0x00, 0x00, 0x00, 0xa6, 0x31, 0xd7, 0xbd, 0xff, 0xff, 0x3d, 0xbe, 0x17, 0x3b, 0x17, 0x43, 0x7d, 0xc6, 0x9e, 0xf7, 0xa7, 0x31, 0x62, 0x08,
    0x62, 0x08, 0x62, 0x08, 0x62, 0x08, 0x62, 0x08, 0x62, 0x08, 0x62, 0x08, 0x62, 0x08, 0x62, 0x08, 0x62, 0x08, 0x62, 0x08, 0x62, 0x08, 0x62, 0x08,
    0x62, 0x08, 0x62, 0x08, 0x62, 0x08, 0x62, 0x08, 0x62, 0x08, 0x62, 0x08, 0x62, 0x08, 0x62, 0x08, 0x62, 0x08, 0x62, 0x08, 0x62, 0x08, 0x62, 0x08,
    0x62, 0x08, 0x62, 0x08, 0x62, 0x08, 0x62, 0x08, 0xa3, 0x10, 0x3d, 0xe7, 0x0c, 0x63, 0x55, 0xad, 0xd3, 0x9c, 0xbf, 0xf7, 0x59, 0xce, 0x7d, 0xef,
    0xdb, 0xde, 0x9a, 0xd6, 0x5d, 0xef, 0x79, 0xce, 0xb2, 0x94, 0x5d, 0xef, 0x7d, 0xef, 0xff, 0xff, 0xff, 0xff, 0xff, 0xff, 0xff, 0xff, 0x3c, 0xe7,
    0x00, 0x00, 0x00, 0x00, 0x00, 0x00, 0x00, 0x00, 0x00, 0x00, 0x00, 0x00, 0x6d, 0x6b, 0xff, 0xff, 0xef, 0x7b, 0x00, 0x00, 0x00, 0x00, 0x00, 0x00,
    0x00, 0x00, 0x00, 0x00, 0x79, 0xce, 0xff, 0xff, 0xbf, 0xf7, 0x5b, 0x95, 0xf7, 0x3a, 0xf7, 0x3a, 0x58, 0x4b, 0x3e, 0xe7, 0x1c, 0xe7, 0x25, 0x21,
    0x62, 0x08, 0x62, 0x08, 0x62, 0x08, 0x62, 0x08, 0x62, 0x08, 0x62, 0x08, 0x62, 0x08, 0x62, 0x08, 0x62, 0x08, 0x62, 0x08, 0x62, 0x08, 0x62, 0x08,
    0x62, 0x08, 0x62, 0x08, 0x62, 0x08, 0x62, 0x08, 0x62, 0x08, 0x62, 0x08, 0x62, 0x08, 0x62, 0x08, 0x62, 0x08, 0x62, 0x08, 0x62, 0x08, 0x62, 0x08,
    0x62, 0x08, 0x62, 0x08, 0x62, 0x08, 0x62, 0x08, 0xab, 0x52, 0xff, 0xff, 0xeb, 0x5a, 0x59, 0xce, 0x38, 0xc6, 0x10, 0x84, 0xb6, 0xb5, 0x2c, 0x63,
    0x55, 0xad, 0xf3, 0x9c, 0xeb, 0x5a, 0x59, 0xce, 0xae, 0x73, 0x8e, 0x73, 0xdf, 0xff, 0xff, 0xff, 0xff, 0xff, 0xff, 0xff, 0xff, 0xff, 0x9a, 0xd6,
    0x00, 0x00, 0x00, 0x00, 0x00, 0x00, 0x00, 0x00, 0x00, 0x00, 0x2c, 0x63, 0xff, 0xff, 0xff, 0xff, 0xd7, 0xbd, 0x00, 0x00, 0x61, 0x08, 0xae, 0x73,
    0x34, 0xa5, 0x00, 0x00, 0xf7, 0xbd, 0x9a, 0xd6, 0x1c, 0xe7, 0xff, 0xff, 0xba, 0x7c, 0xf7, 0x3a, 0xf7, 0x3a, 0xb8, 0x5b, 0x7f, 0xef, 0xba, 0xd6,
    0xe4, 0x18, 0x62, 0x08, 0x62, 0x08, 0x62, 0x08, 0x62, 0x08, 0x62, 0x08, 0x62, 0x08, 0x62, 0x08, 0x62, 0x08, 0x62, 0x08, 0x62, 0x08, 0x62, 0x08,
    0x62, 0x08, 0x62, 0x08, 0x62, 0x08, 0x62, 0x08, 0x62, 0x08, 0x62, 0x08, 0x62, 0x08, 0x62, 0x08, 0x62, 0x08, 0x62, 0x08, 0x62, 0x08, 0x62, 0x08,
    0x62, 0x08, 0x62, 0x08, 0x62, 0x08, 0x62, 0x08, 0x35, 0xa5, 0xff, 0xff, 0xeb, 0x5a, 0x5d, 0xef, 0x0c, 0x63, 0xcb, 0x5a, 0xd3, 0x9c, 0xd3, 0x9c,
    0x10, 0x84, 0x10, 0x84, 0x71, 0x8c, 0x38, 0xc6, 0xaa, 0x52, 0x4d, 0x6b, 0xff, 0xff, 0xff, 0xff, 0xff, 0xff, 0xff, 0xff, 0xff, 0xff, 0xf3, 0x9c,
    0x00, 0x00, 0x00, 0x00, 0x00, 0x00, 0x00, 0x00, 0x00, 0x00, 0xb6, 0xb5, 0xff, 0xff, 0xff, 0xff, 0xff, 0xff, 0x1c, 0xe7, 0x9e, 0xf7, 0xff, 0xff,
    0xb6, 0xb5, 0x82, 0x10, 0xa2, 0x10, 0x00, 0x00, 0xa2, 0x10, 0xf7, 0xbd, 0xbf, 0xf7, 0xf7, 0x3a, 0xf7, 0x3a, 0xf7, 0x3a, 0xd9, 0x63, 0xbf, 0xf7,
    0x34, 0xa5, 0x62, 0x08, 0x62, 0x08, 0x62, 0x08, 0x62, 0x08, 0x62, 0x08, 0x62, 0x08, 0x62, 0x08, 0x62, 0x08, 0x62, 0x08, 0x62, 0x08, 0x62, 0x08,
    0x62, 0x08, 0x62, 0x08, 0x62, 0x08, 0x62, 0x08, 0x62, 0x08, 0x62, 0x08, 0x62, 0x08, 0x62, 0x08, 0x62, 0x08, 0x62, 0x08, 0x62, 0x08, 0x62, 0x08,
    0x6a, 0x4a, 0xfb, 0xde, 0x18, 0xc6, 0xc3, 0x18, 0xbe, 0xf7, 0x9f, 0xef, 0x14, 0xa5, 0x10, 0x84, 0xd3, 0x9c, 0x79, 0xce, 0xcf, 0x7b, 0x34, 0xa5,
    0x3c, 0xe7, 0xae, 0x73, 0x71, 0x8c, 0xfb, 0xde, 0xd7, 0xbd, 0xb6, 0xb5, 0x79, 0xce, 0xff, 0xff, 0xff, 0xff, 0xff, 0xff, 0xff, 0xff, 0x34, 0xa5,
    0x00, 0x00, 0x00, 0x00, 0x00, 0x00, 0xcb, 0x5a, 0xc3, 0x18, 0x75, 0xad, 0xff, 0xff, 0xdf, 0xff, 0xba, 0xd6, 0x51, 0x8c, 0x14, 0xa5, 0xb2, 0x94,
    0x0c, 0x63, 0xa2, 0x10, 0x00, 0x00, 0x00, 0x00, 0x00, 0x00, 0x28, 0x42, 0xff, 0xff, 0x5b, 0x95, 0xf7, 0x3a, 0xf7, 0x3a, 0xf7, 0x3a, 0x3b, 0x95,
    0xff, 0xff, 0x49, 0x4a, 0x62, 0x08, 0x62, 0x08, 0x62, 0x08, 0x62, 0x08, 0x62, 0x08, 0x62, 0x08, 0x62, 0x08, 0x62, 0x08, 0x62, 0x08, 0x62, 0x08,
    0x62, 0x08, 0x62, 0x08, 0x62, 0x08, 0x62, 0x08, 0x62, 0x08, 0x62, 0x08, 0x62, 0x08, 0x62, 0x08, 0x62, 0x08, 0x62, 0x08, 0x62, 0x08, 0xab, 0x52,
    0xff, 0xff, 0x5e, 0xe7, 0xff, 0xff, 0x1c, 0xe7, 0xff, 0xff, 0xfe, 0xd6, 0xdf, 0xf7, 0xff, 0xff, 0xff, 0xff, 0xff, 0xff, 0xff, 0xff, 0xff, 0xff,
    0xff, 0xff, 0xff, 0xff, 0xff, 0xff, 0xff, 0xff, 0xbe, 0xf7, 0xff, 0xff, 0xff, 0xff, 0xff, 0xff, 0xff, 0xff, 0xff, 0xff, 0xff, 0xff, 0xdf, 0xff,
    0x71, 0x8c, 0xcb, 0x5a, 0x34, 0xa5, 0xff, 0xff, 0x65, 0x29, 0xd3, 0x9c, 0xdf, 0xff, 0x8e, 0x73, 0x9a, 0xd6, 0x00, 0x00, 0x00, 0x00, 0x00, 0x00,
    0x00, 0x00, 0x20, 0x00, 0x00, 0x00, 0x00, 0x00, 0x00, 0x00, 0x00, 0x00, 0x9e, 0xf7, 0xdf, 0xff, 0xb8, 0x5b, 0xf7, 0x3a, 0xf7, 0x3a, 0x17, 0x43,
    0xfe, 0xd6, 0x7d, 0xef, 0x25, 0x21, 0x62, 0x08, 0x62, 0x08, 0x62, 0x08, 0x62, 0x08, 0x62, 0x08, 0x62, 0x08, 0x62, 0x08, 0x62, 0x08, 0x62, 0x08,
    0x62, 0x08, 0x62, 0x08, 0x62, 0x08, 0x62, 0x08, 0x62, 0x08, 0x62, 0x08, 0x62, 0x08, 0x62, 0x08, 0x62, 0x08, 0x62, 0x08, 0x66, 0x29, 0x7d, 0xef,
    0xbd, 0xce, 0x7d, 0xc6, 0xff, 0xff, 0xff, 0xff, 0x9c, 0xa5, 0x5d, 0xef, 0xcf, 0x7b, 0x8a, 0x52, 0x30, 0x84, 0xff, 0xff, 0x9f, 0xef, 0xdf, 0xff,
    0xff, 0xff, 0xff, 0xff, 0xff, 0xff, 0xff, 0xff, 0x9a, 0xd6, 0xff, 0xff, 0xff, 0xff, 0xff, 0xff, 0xff, 0xff, 0xff, 0xff, 0xff, 0xff, 0xff, 0xff,
    0xff, 0xff, 0xff, 0xff, 0xff, 0xff, 0xff, 0xff, 0xe7, 0x39, 0x08, 0x42, 0xa6, 0x31, 0x18, 0xc6, 0xff, 0xff, 0xcb, 0x5a, 0x00, 0x00, 0x00, 0x00,
    0xe7, 0x39, 0x51, 0x8c, 0x00, 0x00, 0x00, 0x00, 0x00, 0x00, 0xe7, 0x39, 0xbe, 0xf7, 0xff, 0xff, 0x5e, 0xe7, 0xba, 0x84, 0xf7, 0x3a, 0xf7, 0x3a,
    0x78, 0x4b, 0xdf, 0xff, 0xaf, 0x73, 0x62, 0x08, 0x62, 0x08, 0x62, 0x08, 0x62, 0x08, 0x62, 0x08, 0x62, 0x08, 0x62, 0x08, 0x62, 0x08, 0x62, 0x08,
    0x62, 0x08, 0x62, 0x08, 0x62, 0x08, 0x62, 0x08, 0x62, 0x08, 0x62, 0x08, 0x62, 0x08, 0x62, 0x08, 0x82, 0x10, 0xe4, 0x18, 0xdb, 0xde, 0x5e, 0xe7,
    0x5b, 0x9d, 0xff, 0xff, 0x5e, 0xe7, 0x1c, 0xb6, 0xff, 0xff, 0xff, 0xff, 0xff, 0xff, 0x0c, 0x63, 0xff, 0xff, 0xf7, 0xbd, 0x10, 0x84, 0xf3, 0x9c,
    0x75, 0xad, 0x30, 0x84, 0x6d, 0x6b, 0xff, 0xff, 0x9a, 0xd6, 0xff, 0xff, 0xff, 0xff, 0xff, 0xff, 0xff, 0xff, 0xff, 0xff, 0xff, 0xff, 0xff, 0xff,
    0xff, 0xff, 0xff, 0xff, 0xff, 0xff, 0xbe, 0xf7, 0x86, 0x31, 0x00, 0x00, 0xc3, 0x18, 0xbe, 0xf7, 0xff, 0xff, 0xfb, 0xde, 0xe7, 0x39, 0xcf, 0x7b,
    0xdb, 0xde, 0xa2, 0x10, 0x00, 0x00, 0x20, 0x00, 0x92, 0x94, 0xff, 0xff, 0x9f, 0xef, 0xff, 0xff, 0xff, 0xff, 0x5e, 0xe7, 0xf7, 0x3a, 0xf7, 0x3a,
    0xf7, 0x3a, 0x5e, 0xe7, 0xd3, 0x9c, 0x62, 0x08, 0x62, 0x08, 0x62, 0x08, 0x62, 0x08, 0x62, 0x08, 0x62, 0x08, 0x62, 0x08, 0x62, 0x08, 0x62, 0x08,
    0x62, 0x08, 0x62, 0x08, 0x62, 0x08, 0x62, 0x08, 0x62, 0x08, 0x62, 0x08, 0x62, 0x08, 0x69, 0x4a, 0x5d, 0xef, 0xff, 0xff, 0xdf, 0xf7, 0x9a, 0x7c,
    0x3e, 0xe7, 0xff, 0xff, 0x3b, 0x95, 0xbf, 0xf7, 0x7f, 0xef, 0x3e, 0xe7, 0xfe, 0xd6, 0x0c, 0x63, 0xff, 0xff, 0xeb, 0x5a, 0xd3, 0x9c, 0x2c, 0x63,
    0xb2, 0x94, 0x79, 0xce, 0x0c, 0x63, 0xff, 0xff, 0x9a, 0xd6, 0xff, 0xff, 0xff, 0xff, 0xff, 0xff, 0xff, 0xff, 0xff, 0xff, 0xff, 0xff, 0xff, 0xff,
    0xff, 0xff, 0xf7, 0xbd, 0x2c, 0x63, 0x82, 0x10, 0x00, 0x00, 0x00, 0x00, 0x4d, 0x6b, 0xff, 0xff, 0x3c, 0xe7, 0x08, 0x42, 0x71, 0x8c, 0x7d, 0xef,
    0xb2, 0x94, 0x20, 0x00, 0x00, 0x00, 0x71, 0x8c, 0xff, 0xff, 0xdf, 0xff, 0x38, 0x43, 0x1e, 0xdf, 0xff, 0xff, 0xbf, 0xf7, 0x38, 0x43, 0xf7, 0x3a,
    0xf7, 0x3a, 0xdd, 0xd6, 0xdf, 0xff, 0x55, 0xad, 0x82, 0x10, 0x62, 0x08, 0x62, 0x08, 0x62, 0x08, 0x62, 0x08, 0x62, 0x08, 0x62, 0x08, 0x62, 0x08,
    0x62, 0x08, 0x62, 0x08, 0x62, 0x08, 0x62, 0x08, 0x62, 0x08, 0x62, 0x08, 0xe4, 0x18, 0x7d, 0xef, 0xfe, 0xde, 0xff, 0xff, 0x7b, 0x9d, 0x18, 0x43,
    0x7e, 0xef, 0x3b, 0x95, 0x9f, 0xef, 0x3e, 0xe7, 0x5e, 0xe7, 0x5b, 0x95, 0xdf, 0xff, 0x0c, 0x63, 0x9f, 0xef, 0x51, 0x8c, 0x71, 0x8c, 0xf3, 0x9c,
    0xb2, 0x94, 0x79, 0xce, 0x2c, 0x63, 0xff, 0xff, 0x9a, 0xd6, 0xfe, 0xd6, 0x5d, 0xbe, 0x9f, 0xef, 0x7f, 0xef, 0xbd, 0xce, 0xff, 0xff, 0xd7, 0xbd,
    0x65, 0x29, 0x00, 0x00, 0x00, 0x00, 0x00, 0x00, 0x00, 0x00, 0x00, 0x00, 0x51, 0x8c, 0xff, 0xff, 0xff, 0xff, 0x96, 0xb5, 0x61, 0x08, 0x20, 0x00,
    0xc3, 0x18, 0x00, 0x00, 0x08, 0x42, 0xff, 0xff, 0x9f, 0xf7, 0xfe, 0xde, 0x7a, 0x7c, 0xd9, 0x5b, 0xff, 0xff, 0xff, 0xff, 0xfb, 0x8c, 0xf7, 0x3a,
    0xf7, 0x3a, 0x78, 0x4b, 0x7b, 0x9d, 0xff, 0xff, 0xec, 0x5a, 0x62, 0x08, 0x62, 0x08, 0x62, 0x08, 0x62, 0x08, 0x62, 0x08, 0x62, 0x08, 0x62, 0x08,
    0x62, 0x08, 0x62, 0x08, 0x62, 0x08, 0x62, 0x08, 0x62, 0x08, 0x62, 0x08, 0xf0, 0x7b, 0xdf, 0xff, 0x7b, 0x9d, 0xbd, 0xce, 0x38, 0x43, 0xd9, 0x5b,
    0x3b, 0x95, 0xbd, 0xce, 0x3e, 0xe7, 0x9b, 0xa5, 0x3d, 0xbe, 0xff, 0xff, 0xde, 0xd6, 0xbc, 0xce, 0x59, 0x6c, 0x3e, 0xe7, 0x5d, 0xef, 0xff, 0xff,
    0xdf, 0xff, 0x3e, 0xdf, 0x9e, 0xf7, 0xbf, 0xf7, 0x5d, 0xe7, 0x5e, 0xe7, 0xff, 0xff, 0xff, 0xff, 0xff, 0xff, 0xff, 0xff, 0xba, 0xd6, 0x82, 0x10,
    0x00, 0x00, 0x00, 0x00, 0x00, 0x00, 0x00, 0x00, 0x86, 0x31, 0x00, 0x00, 0x8e, 0x73, 0xff, 0xff, 0xff, 0xff, 0xff, 0xff, 0xfb, 0xde, 0xc3, 0x18,
    0x00, 0x00, 0x00, 0x00, 0x45, 0x29, 0xf3, 0x9c, 0xbe, 0xf7, 0xbf, 0xf7, 0x3e, 0xdf, 0xf9, 0x63, 0xdd, 0xd6, 0xff, 0xff, 0x7f, 0xef, 0xf9, 0x63,
    0x5a, 0x74, 0x1b, 0x95, 0xb8, 0x5b, 0x3e, 0xdf, 0x96, 0xb5, 0x62, 0x08, 0x62, 0x08, 0x62, 0x08, 0x62, 0x08, 0x62, 0x08, 0x62, 0x08, 0x62, 0x08,
    0x62, 0x08, 0x62, 0x08, 0x62, 0x08, 0x62, 0x08, 0x62, 0x08, 0x62, 0x08, 0x59, 0xce, 0xfe, 0xd6, 0x9a, 0x7c, 0xf9, 0x63, 0xf7, 0x3a, 0xf7, 0x3a,
    0xfa, 0x8c, 0xfe, 0xd6, 0x78, 0x53, 0x7a, 0x74, 0xff, 0xff, 0x3b, 0x95, 0xf7, 0x3a, 0x19, 0x6c, 0x7f, 0xef, 0xff, 0xff, 0xff, 0xff, 0xdf, 0xff,
    0x3b, 0x95, 0x9b, 0xa5, 0xfe, 0xd6, 0xff, 0xff, 0xff, 0xff, 0xff, 0xff, 0xff, 0xff, 0xff, 0xff, 0xff, 0xff, 0xff, 0xff, 0x10, 0x84, 0x00, 0x00,
    0x00, 0x00, 0x00, 0x00, 0xe3, 0x18, 0xc7, 0x39, 0x10, 0x84, 0x00, 0x00, 0x2c, 0x63, 0x75, 0xad, 0x9e, 0xf7, 0xff, 0xff, 0xb2, 0x94, 0x86, 0x31,
    0x45, 0x29, 0x04, 0x21, 0x00, 0x00, 0x00, 0x00, 0xa2, 0x10, 0x51, 0x8c, 0x9e, 0xf7, 0xff, 0xff, 0xff, 0xff, 0xff, 0xff, 0xff, 0xff, 0xff, 0xff,
    0xff, 0xff, 0xbe, 0xf7, 0x1e, 0xdf, 0xfa, 0x8c, 0xff, 0xff, 0x08, 0x42, 0x62, 0x08, 0x62, 0x08, 0x62, 0x08, 0x62, 0x08, 0x62, 0x08, 0x62, 0x08,
    0x62, 0x08, 0x62, 0x08, 0x62, 0x08, 0x62, 0x08, 0x62, 0x08, 0x62, 0x08, 0xdf, 0xff, 0x3d, 0xbe, 0xf7, 0x3a, 0xf7, 0x3a, 0xf7, 0x3a, 0x78, 0x4b,
    0x7f, 0xef, 0xf9, 0x63, 0xf7, 0x3a, 0xdc, 0xad, 0xdc, 0xad, 0x17, 0x43, 0x98, 0x53, 0xdf, 0xff, 0xff, 0xff, 0xff, 0xff, 0xff, 0xff, 0x59, 0x74,
    0x7a, 0x74, 0x9f, 0xf7, 0xff, 0xff, 0xff, 0xff, 0xff, 0xff, 0xff, 0xff, 0xff, 0xff, 0xff, 0xff, 0xff, 0xff, 0xff, 0xff, 0x38, 0xc6, 0x00, 0x00,
    0x00, 0x00, 0xc7, 0x39, 0x3c, 0xe7, 0x2c, 0x63, 0xa2, 0x10, 0x00, 0x00, 0x8e, 0x73, 0x71, 0x8c, 0xa6, 0x31, 0x30, 0x84, 0x61, 0x08, 0xe3, 0x18,
    0xf3, 0x9c, 0xdf, 0xff, 0x51, 0x8c, 0x41, 0x08, 0x00, 0x00, 0x00, 0x00, 0x41, 0x08, 0x86, 0x31, 0x04, 0x21, 0xa2, 0x10, 0xa2, 0x10, 0x65, 0x29,
    0x69, 0x4a, 0x7d, 0xef, 0x9d, 0xce, 0x17, 0x43, 0x9f, 0xf7, 0xf4, 0x9c, 0x62, 0x08, 0x62, 0x08, 0x62, 0x08, 0x62, 0x08, 0x62, 0x08, 0x62, 0x08,
    0x62, 0x08, 0x62, 0x08, 0x62, 0x08, 0x62, 0x08, 0xa7, 0x31, 0xf0, 0x7b, 0x14, 0xa5, 0xff, 0xff, 0xb9, 0x5b, 0xf7, 0x3a, 0xf7, 0x3a, 0x3c, 0xbe,
    0x7a, 0x74, 0xf7, 0x3a, 0xf7, 0x3a, 0x38, 0x43, 0xf7, 0x3a, 0x9a, 0x7c, 0x1e, 0xdf, 0xff, 0xff, 0xff, 0xff, 0xff, 0xff, 0xbc, 0xa5, 0xfc, 0xb5,
    0xff, 0xff, 0xff, 0xff, 0xff, 0xff, 0xff, 0xff, 0xff, 0xff, 0xff, 0xff, 0xff, 0xff, 0xff, 0xff, 0xff, 0xff, 0xff, 0xff, 0xff, 0xff, 0xcf, 0x7b,
    0xcb, 0x5a, 0x5d, 0xef, 0xff, 0xff, 0xd3, 0x9c, 0x00, 0x00, 0x00, 0x00, 0x92, 0x94, 0xba, 0xd6, 0x00, 0x00, 0x00, 0x00, 0x00, 0x00, 0x2c, 0x63,
    0xff, 0xff, 0xff, 0xff, 0xff, 0xff, 0xdb, 0xde, 0xe7, 0x39, 0x00, 0x00, 0x00, 0x00, 0x00, 0x00, 0x00, 0x00, 0x00, 0x00, 0x00, 0x00, 0xaa, 0x52,
    0xdf, 0xff, 0x9d, 0xc6, 0x38, 0x43, 0xf7, 0x3a, 0x7b, 0x9d, 0xbf, 0xf7, 0x25, 0x21, 0x62, 0x08, 0x62, 0x08, 0x62, 0x08, 0x62, 0x08, 0x62, 0x08,
    0x62, 0x08, 0x62, 0x08, 0x62, 0x08, 0x04, 0x21, 0x7d, 0xef, 0xff, 0xff, 0xdf, 0xff, 0xdf, 0xf7, 0x58, 0x4b, 0xf7, 0x3a, 0x98, 0x53, 0x9b, 0xa5,
    0xf7, 0x3a, 0xf7, 0x3a, 0xf7, 0x3a, 0xf7, 0x3a, 0x58, 0x4b, 0xdf, 0xff, 0xff, 0xff, 0xff, 0xff, 0xff, 0xff, 0xff, 0xff, 0x7f, 0xef, 0xff, 0xff,
    0xff, 0xff, 0xff, 0xff, 0xff, 0xff, 0xff, 0xff, 0xff, 0xff, 0xff, 0xff, 0xff, 0xff, 0xff, 0xff, 0xff, 0xff, 0xff, 0xff, 0xff, 0xff, 0xff, 0xff,
    0xff, 0xff, 0xff, 0xff, 0xff, 0xff, 0xb2, 0x94, 0x00, 0x00, 0x00, 0x00, 0x34, 0xa5, 0xff, 0xff, 0xc7, 0x39, 0x00, 0x00, 0x65, 0x29, 0xdf, 0xff,
    0xff, 0xff, 0xff, 0xff, 0xff, 0xff, 0xff, 0xff, 0xff, 0xff, 0xd3, 0x9c, 0xa2, 0x10, 0x00, 0x00, 0x00, 0x00, 0x41, 0x08, 0xef, 0x7b, 0xff, 0xff,
    0x7e, 0xef, 0x18, 0x43, 0xf7, 0x3a, 0xf7, 0x3a, 0x78, 0x4b, 0xdf, 0xff, 0xcf, 0x7b, 0x62, 0x08, 0x62, 0x08, 0x62, 0x08, 0x62, 0x08, 0x62, 0x08,
    0x62, 0x08, 0x62, 0x08, 0x62, 0x08, 0x34, 0xa5, 0xbf, 0xf7, 0x1e, 0xdf, 0xff, 0xff, 0x5d, 0xbe, 0xf7, 0x3a, 0xf7, 0x3a, 0x5b, 0x95, 0x78, 0x53,
    0xf7, 0x3a, 0xf7, 0x3a, 0xf7, 0x3a, 0xf7, 0x3a, 0x3b, 0x95, 0xff, 0xff, 0xff, 0xff, 0xff, 0xff, 0xff, 0xff, 0xff, 0xff, 0xff, 0xff, 0xff, 0xff,
    0xff, 0xff, 0xff, 0xff, 0xff, 0xff, 0xff, 0xff, 0xff, 0xff, 0xff, 0xff, 0xff, 0xff, 0xff, 0xff, 0xff, 0xff, 0xff, 0xff, 0xff, 0xff, 0x5d, 0xef,
    0xff, 0xff, 0xff, 0xff, 0xff, 0xff, 0x0c, 0x63, 0x00, 0x00, 0x00, 0x00, 0xfb, 0xde, 0xff, 0xff, 0x1c, 0xe7, 0x2c, 0x63, 0x18, 0xc6, 0xff, 0xff,
    0xff, 0xff, 0xff, 0xff, 0xff, 0xff, 0xff, 0xff, 0xff, 0xff, 0x71, 0x8c, 0xae, 0x73, 0x14, 0xa5, 0xd3, 0x9c, 0x9e, 0xf7, 0xff, 0xff, 0x1e, 0xdf,
    0x9f, 0xef, 0x7a, 0x74, 0x78, 0x4b, 0x58, 0x4b, 0xf7, 0x3a, 0x7d, 0xc6, 0x38, 0xc6, 0x62, 0x08, 0x62, 0x08, 0x62, 0x08, 0x62, 0x08, 0x62, 0x08,
    0x62, 0x08, 0x62, 0x08, 0xc4, 0x18, 0xdf, 0xff, 0x7b, 0x9d, 0xdf, 0xf7, 0xff, 0xff, 0xd9, 0x5b, 0xf7, 0x3a, 0xf7, 0x3a, 0x19, 0x6c, 0xf7, 0x3a,
    0xf7, 0x3a, 0xf7, 0x3a, 0xf7, 0x3a, 0xf7, 0x3a, 0x7f, 0xef, 0xff, 0xff, 0xff, 0xff, 0x5e, 0xe7, 0xff, 0xff, 0xff, 0xff, 0xff, 0xff, 0xff, 0xff,
    0xff, 0xff, 0xff, 0xff, 0xff, 0xff, 0xfb, 0xde, 0x18, 0xc6, 0x14, 0xa5, 0x10, 0x84, 0x6d, 0x6b, 0x8a, 0x52, 0x65, 0x29, 0x61, 0x08, 0x00, 0x00,
    0x04, 0x21, 0x30, 0x84, 0xff, 0xff, 0x9a, 0xd6, 0x71, 0x8c, 0x71, 0x8c, 0xff, 0xff, 0xff, 0xff, 0xff, 0xff, 0xff, 0xff, 0xff, 0xff, 0xff, 0xff,
    0x9f, 0xef, 0xff, 0xff, 0xff, 0xff, 0xff, 0xff, 0x9e, 0xf7, 0x41, 0x08, 0x00, 0x00, 0x00, 0x00, 0x34, 0xa5, 0xff, 0xff, 0xba, 0x84, 0xff, 0xff,
    0xff, 0xff, 0x7f, 0xef, 0xff, 0xff, 0x1c, 0xb6, 0x98, 0x53, 0x3b, 0x95, 0xdf, 0xff, 0x82, 0x10, 0x62, 0x08, 0x62, 0x08, 0x62, 0x08, 0x62, 0x08,
    0x62, 0x08, 0x62, 0x08, 0xe8, 0x39, 0xff, 0xff, 0x3b, 0x95, 0xff, 0xff, 0xff, 0xff, 0xb9, 0x5b, 0xf7, 0x3a, 0xf7, 0x3a, 0xf7, 0x3a, 0xf7, 0x3a,
    0xf7, 0x3a, 0xf7, 0x3a, 0x17, 0x43, 0x5b, 0x9d, 0xff, 0xff, 0xff, 0xff, 0xff, 0xff, 0x9f, 0xef, 0xff, 0xff, 0xff, 0xff, 0xff, 0xff, 0xba, 0xd6,
    0x30, 0x84, 0x28, 0x42, 0x61, 0x08, 0x00, 0x00, 0x20, 0x00, 0x61, 0x08, 0x00, 0x00, 0x00, 0x00, 0x00, 0x00, 0x00, 0x00, 0x00, 0x00, 0x00, 0x00,
    0x00, 0x00, 0x61, 0x08, 0x9e, 0xf7, 0xff, 0xff, 0xff, 0xff, 0xff, 0xff, 0xff, 0xff, 0xff, 0xff, 0xff, 0xff, 0xff, 0xff, 0xff, 0xff, 0xff, 0xff,
    0x5d, 0xbe, 0xff, 0xff, 0xff, 0xff, 0xff, 0xff, 0xff, 0xff, 0xb6, 0xb5, 0x00, 0x00, 0x00, 0x00, 0xa2, 0x10, 0xff, 0xff, 0x5e, 0xe7, 0xff, 0xff,
    0xff, 0xff, 0xff, 0xff, 0xff, 0xff, 0xff, 0xff, 0xff, 0xff, 0x5e, 0xe7, 0xff, 0xff, 0x49, 0x4a, 0x62, 0x08, 0x62, 0x08, 0x62, 0x08, 0x62, 0x08,
    0x62, 0x08, 0x62, 0x08, 0x45, 0x29, 0xff, 0xff, 0xfe, 0xd6, 0xff, 0xff, 0xbf, 0xf7, 0x17, 0x43, 0xf7, 0x3a, 0xf7, 0x3a, 0xf7, 0x3a, 0xf7, 0x3a,
    0xf7, 0x3a, 0xf7, 0x3a, 0xfc, 0xb5, 0xbf, 0xf7, 0xff, 0xff, 0xff, 0xff, 0xff, 0xff, 0xff, 0xff, 0xd7, 0xbd, 0x10, 0x84, 0x65, 0x29, 0x00, 0x00,
    0x00, 0x00, 0x65, 0x29, 0x8e, 0x73, 0x14, 0xa5, 0x75, 0xad, 0x75, 0xad, 0x51, 0x8c, 0xcf, 0x7b, 0x24, 0x21, 0x00, 0x00, 0x00, 0x00, 0x00, 0x00,
    0x00, 0x00, 0x00, 0x00, 0x3c, 0xe7, 0xff, 0xff, 0xff, 0xff, 0xff, 0xff, 0xff, 0xff, 0xff, 0xff, 0xff, 0xff, 0xff, 0xff, 0xff, 0xff, 0xff, 0xff,
    0xda, 0x84, 0xff, 0xff, 0xff, 0xff, 0xff, 0xff, 0xff, 0xff, 0x9e, 0xf7, 0x41, 0x08, 0x00, 0x00, 0x8a, 0x52, 0x3c, 0xe7, 0x9a, 0xd6, 0x14, 0xa5,
    0x2c, 0x63, 0xaa, 0x52, 0xaa, 0x52, 0x0c, 0x63, 0xe7, 0x39, 0xba, 0xd6, 0xff, 0xff, 0x92, 0x94, 0x62, 0x08, 0x62, 0x08, 0x62, 0x08, 0x62, 0x08,
    0x62, 0x08, 0x62, 0x08, 0x71, 0x8c, 0xdf, 0xff, 0xbc, 0xa5, 0xff, 0xff, 0x9c, 0xa5, 0xf7, 0x3a, 0xf7, 0x3a, 0xf7, 0x3a, 0xf7, 0x3a, 0xf7, 0x3a,
    0xf7, 0x3a, 0x18, 0x43, 0xfe, 0xde, 0xbd, 0xce, 0xff, 0xff, 0x18, 0xc6, 0x8a, 0x52, 0xe3, 0x18, 0x00, 0x00, 0x00, 0x00, 0x00, 0x00, 0xa6, 0x31,
    0x10, 0x84, 0xdb, 0xde, 0x5d, 0xef, 0xff, 0xff, 0xff, 0xff, 0xff, 0xff, 0xff, 0xff, 0x14, 0xa5, 0x41, 0x08, 0x00, 0x00, 0x00, 0x00, 0x00, 0x00,
    0x00, 0x00, 0xaa, 0x52, 0xff, 0xff, 0xff, 0xff, 0xff, 0xff, 0xff, 0xff, 0xff, 0xff, 0xff, 0xff, 0xff, 0xff, 0xff, 0xff, 0xff, 0xff, 0xff, 0xff,
    0x1c, 0xb6, 0xff, 0xff, 0xff, 0xff, 0xdf, 0xff, 0x18, 0xc6, 0x28, 0x42, 0xe7, 0x39, 0x10, 0x84, 0xd7, 0xbd, 0x2c, 0x63, 0xe7, 0x39, 0x45, 0x29,
    0x04, 0x21, 0xe3, 0x18, 0x61, 0x08, 0x00, 0x00, 0x00, 0x00, 0x65, 0x29, 0xff, 0xff, 0xd7, 0xbd, 0x62, 0x08, 0x62, 0x08, 0x62, 0x08, 0x62, 0x08,
    0x62, 0x08, 0x62, 0x08, 0x1c, 0xe7, 0xfc, 0xb5, 0x1c, 0xb6, 0xff, 0xff, 0x39, 0x6c, 0xf7, 0x3a, 0xf7, 0x3a, 0xf7, 0x3a, 0xf7, 0x3a, 0xf7, 0x3a,
    0xf7, 0x3a, 0xf7, 0x3a, 0x9d, 0xce, 0xdf, 0xf7, 0x9e, 0xf7, 0x45, 0x29, 0x00, 0x00, 0x00, 0x00, 0x00, 0x00, 0xc3, 0x18, 0xef, 0x7b, 0x59, 0xce,
    0xdf, 0xff, 0xff, 0xff, 0xff, 0xff, 0xff, 0xff, 0xff, 0xff, 0xff, 0xff, 0x92, 0x94, 0x82, 0x10, 0x49, 0x4a, 0x6d, 0x6b, 0xcf, 0x7b, 0xb2, 0x94,
    0x9a, 0xd6, 0xdf, 0xff, 0xff, 0xff, 0xff, 0xff, 0xff, 0xff, 0xff, 0xff, 0xff, 0xff, 0xff, 0xff, 0xff, 0xff, 0xff, 0xff, 0xff, 0xff, 0xff, 0xff,
    0xdf, 0xff, 0x96, 0xb5, 0xeb, 0x5a, 0xc7, 0x39, 0xcb, 0x5a, 0xe7, 0x39, 0x38, 0xc6, 0xbe, 0xf7, 0xff, 0xff, 0xbe, 0xf7, 0xff, 0xff, 0xff, 0xff,
    0xff, 0xff, 0x59, 0xce, 0x10, 0x84, 0x2c, 0x63, 0x04, 0x21, 0xa2, 0x10, 0xff, 0xff, 0xba, 0xd6, 0x62, 0x08, 0x62, 0x08, 0x62, 0x08, 0x62, 0x08,
    0x62, 0x08, 0x62, 0x08, 0xbf, 0xf7, 0x5b, 0x9d, 0x9d, 0xce, 0xff, 0xff, 0x39, 0x6c, 0xf7, 0x3a, 0xf7, 0x3a, 0xf7, 0x3a, 0xf7, 0x3a, 0xf7, 0x3a,
    0xfb, 0x8c, 0xb8, 0x5b, 0xdf, 0xff, 0xff, 0xff, 0x14, 0xa5, 0x00, 0x00, 0x00, 0x00, 0x00, 0x00, 0x45, 0x29, 0xfb, 0xde, 0xff, 0xff, 0xff, 0xff,
    0xff, 0xff, 0xff, 0xff, 0xdf, 0xff, 0x38, 0xc6, 0xae, 0x73, 0x04, 0x21, 0x00, 0x00, 0x00, 0x00, 0xe7, 0x39, 0xfb, 0xde, 0xff, 0xff, 0xff, 0xff,
    0xff, 0xff, 0xff, 0xff, 0xff, 0xff, 0xff, 0xff, 0xff, 0xff, 0xff, 0xff, 0xff, 0xff, 0xff, 0xff, 0xff, 0xff, 0xff, 0xff, 0xdb, 0xde, 0x8e, 0x73,
    0x82, 0x10, 0x00, 0x00, 0x00, 0x00, 0xcb, 0x5a, 0x4d, 0x6b, 0x00, 0x00, 0x75, 0xad, 0xff, 0xff, 0x71, 0x8c, 0xef, 0x7b, 0x96, 0xb5, 0x7d, 0xef,
    0xfb, 0xde, 0x5d, 0xef, 0xff, 0xff, 0xdf, 0xff, 0xff, 0xff, 0xff, 0xff, 0xff, 0xff, 0xd7, 0xbd, 0x62, 0x08, 0x62, 0x08, 0x62, 0x08, 0x62, 0x08,
    0x62, 0x08, 0x62, 0x08, 0x3c, 0xe7, 0xdc, 0xad, 0xdf, 0xff, 0xff, 0xff, 0x39, 0x6c, 0xf7, 0x3a, 0x38, 0x4b, 0x39, 0x6c, 0xf7, 0x3a, 0xf7, 0x3a,
    0x1e, 0xdf, 0x7b, 0x9d, 0xff, 0xff, 0xff, 0xff, 0x65, 0x29, 0x00, 0x00, 0x00, 0x00, 0x08, 0x42, 0x34, 0xa5, 0xff, 0xff, 0xff, 0xff, 0x3c, 0xe7,
    0xd3, 0x9c, 0x8a, 0x52, 0x61, 0x08, 0x00, 0x00, 0x61, 0x08, 0x2c, 0x63, 0xcf, 0x7b, 0xcf, 0x7b, 0xbe, 0xf7, 0xff, 0xff, 0xff, 0xff, 0xff, 0xff,
    0xff, 0xff, 0xff, 0xff, 0xff, 0xff, 0xff, 0xff, 0xff, 0xff, 0xff, 0xff, 0xff, 0xff, 0x75, 0xad, 0x0c, 0x63, 0x08, 0x42, 0x00, 0x00, 0x00, 0x00,
    0x00, 0x00, 0x86, 0x31, 0x9a, 0xd6, 0xff, 0xff, 0xaa, 0x52, 0x00, 0x00, 0x82, 0x10, 0x1c, 0xe7, 0x34, 0xa5, 0x00, 0x00, 0x00, 0x00, 0x82, 0x10,
    0xf3, 0x9c, 0xff, 0xff, 0xfc, 0xb5, 0x18, 0x43, 0x39, 0x6c, 0x7a, 0x74, 0xfe, 0xd6, 0x76, 0xad, 0x62, 0x08, 0x62, 0x08, 0x62, 0x08, 0x62, 0x08,
    0x62, 0x08, 0x62, 0x08, 0x7d, 0xef, 0x7b, 0x9d, 0x9d, 0xce, 0xff, 0xff, 0x7a, 0x74, 0x17, 0x3b, 0x19, 0x64, 0xbd, 0xce, 0x17, 0x43, 0xf7, 0x3a,
    0xbf, 0xf7, 0x1b, 0x8d, 0xff, 0xff, 0xfb, 0xde, 0x20, 0x00, 0x00, 0x00, 0x00, 0x00, 0xcb, 0x5a, 0xdb, 0xde, 0x10, 0x84, 0x86, 0x31, 0x00, 0x00,
    0x00, 0x00, 0x00, 0x00, 0x24, 0x21, 0x34, 0xa5, 0xbe, 0xf7, 0xff, 0xff, 0xae, 0x73, 0x45, 0x29, 0xef, 0x7b, 0xff, 0xff, 0xff, 0xff, 0xff, 0xff,
    0xff, 0xff, 0xff, 0xff, 0xff, 0xff, 0xff, 0xff, 0xff, 0xff, 0xff, 0xff, 0xff, 0xff, 0xcf, 0x7b, 0x00, 0x00, 0x00, 0x00, 0x00, 0x00, 0x00, 0x00,
    0xcf, 0x7b, 0xdf, 0xff, 0xff, 0xff, 0x75, 0xad, 0x00, 0x00, 0x00, 0x00, 0x00, 0x00, 0xef, 0x7b, 0x92, 0x94, 0xeb, 0x5a, 0x00, 0x00, 0x00, 0x00,
    0x00, 0x00, 0x18, 0xc6, 0xbd, 0xce, 0xf7, 0x3a, 0xf7, 0x3a, 0xf7, 0x3a, 0x5d, 0xbe, 0x59, 0xce, 0x62, 0x08, 0x62, 0x08, 0x62, 0x08, 0x62, 0x08,
    0x62, 0x08, 0x62, 0x08, 0x9a, 0xd6, 0xdd, 0xd6, 0x5b, 0x95, 0xff, 0xff, 0xda, 0x84, 0xf7, 0x3a, 0x78, 0x4b, 0xff, 0xff, 0xfa, 0x84, 0x39, 0x6c,
    0xff, 0xff, 0x1c, 0xb6, 0xff, 0xff, 0x9a, 0xd6, 0x00, 0x00, 0x00, 0x00, 0x00, 0x00, 0x00, 0x00, 0x20, 0x00, 0x00, 0x00, 0x00, 0x00, 0x00, 0x00,
    0x82, 0x10, 0xb2, 0x94, 0xdf, 0xff, 0xff, 0xff, 0xff, 0xff, 0xff, 0xff, 0x71, 0x8c, 0x00, 0x00, 0x00, 0x00, 0x92, 0x94, 0xff, 0xff, 0xff, 0xff,
    0xff, 0xff, 0xff, 0xff, 0xff, 0xff, 0xff, 0xff, 0xff, 0xff, 0xff, 0xff, 0xff, 0xff, 0x9a, 0xd6, 0x04, 0x21, 0x00, 0x00, 0x00, 0x00, 0xe7, 0x39,
    0xff, 0xff, 0xff, 0xff, 0x79, 0xce, 0x61, 0x08, 0x00, 0x00, 0x00, 0x00, 0x00, 0x00, 0xc3, 0x18, 0x9a, 0xd6, 0x18, 0xc6, 0xcb, 0x5a, 0x00, 0x00,
    0x00, 0x00, 0x6d, 0x6b, 0xdf, 0xf7, 0x17, 0x43, 0xf7, 0x3a, 0xf7, 0x3a, 0x7b, 0x9d, 0xbe, 0xf7, 0x62, 0x08, 0x62, 0x08, 0x62, 0x08, 0x62, 0x08,
    0x62, 0x08, 0x62, 0x08, 0xaf, 0x73, 0xff, 0xff, 0xbd, 0xce, 0xdf, 0xff, 0x58, 0x4b, 0xf7, 0x3a, 0xf7, 0x3a, 0x7d, 0xc6, 0x3d, 0xbe, 0x1c, 0xb6,
    0xff, 0xff, 0xff, 0xff, 0xff, 0xff, 0x75, 0xad, 0x00, 0x00, 0x00, 0x00, 0x00, 0x00, 0x00, 0x00, 0xaa, 0x52, 0x20, 0x00, 0x61, 0x08, 0x6d, 0x6b,
    0x7d, 0xef, 0x79, 0xce, 0x96, 0xb5, 0xff, 0xff, 0xff, 0xff, 0xff, 0xff, 0xae, 0x73, 0x00, 0x00, 0x00, 0x00, 0xc7, 0x39, 0x7d, 0xef, 0x7d, 0xef,
    0x1c, 0xe7, 0xff, 0xff, 0xff, 0xff, 0xff, 0xff, 0xff, 0xff, 0xff, 0xff, 0xff, 0xff, 0xff, 0xff, 0xbe, 0xf7, 0xae, 0x73, 0xe3, 0x18, 0x38, 0xc6,
    0xff, 0xff, 0xb2, 0x94, 0x20, 0x00, 0x00, 0x00, 0x00, 0x00, 0x20, 0x00, 0x8e, 0x73, 0x9e, 0xf7, 0xff, 0xff, 0xff, 0xff, 0xff, 0xff, 0x8e, 0x73,
    0x69, 0x4a, 0xd7, 0xbd, 0xff, 0xff, 0x38, 0x43, 0xf7, 0x3a, 0xf7, 0x3a, 0x9b, 0xa5, 0x5d, 0xef, 0x62, 0x08, 0x62, 0x08, 0x62, 0x08, 0x62, 0x08,
    0x62, 0x08, 0x62, 0x08, 0x31, 0x84, 0xbf, 0xf7, 0xfa, 0x8c, 0xff, 0xff, 0x78, 0x4b, 0xf7, 0x3a, 0xf7, 0x3a, 0x5d, 0xbe, 0x3d, 0xbe, 0x9d, 0xce,
    0xff, 0xff, 0xff, 0xff, 0xff, 0xff, 0x3c, 0xe7, 0x49, 0x4a, 0x00, 0x00, 0x00, 0x00, 0x82, 0x10, 0x7d, 0xef, 0xfb, 0xde, 0x5d, 0xef, 0xff, 0xff,
    0x1c, 0xe7, 0xa2, 0x10, 0x0c, 0x63, 0xff, 0xff, 0x3c, 0xe7, 0xf7, 0xbd, 0xe7, 0x39, 0x00, 0x00, 0x00, 0x00, 0x61, 0x08, 0x0c, 0x63, 0xe3, 0x18,
    0x6d, 0x6b, 0xff, 0xff, 0xff, 0xff, 0xff, 0xff, 0xff, 0xff, 0xff, 0xff, 0xff, 0xff, 0xff, 0xff, 0xff, 0xff, 0xff, 0xff, 0xff, 0xff, 0xff, 0xff,
    0xdf, 0xff, 0x82, 0x10, 0x00, 0x00, 0x00, 0x00, 0x28, 0x42, 0x51, 0x8c, 0xff, 0xff, 0xdf, 0xff, 0x8a, 0x52, 0xa2, 0x10, 0x65, 0x29, 0x55, 0xad,
    0xff, 0xff, 0xff, 0xff, 0xda, 0x84, 0xf7, 0x3a, 0xf7, 0x3a, 0xf7, 0x3a, 0x7d, 0xc6, 0xf8, 0xbd, 0x62, 0x08, 0x62, 0x08, 0x62, 0x08, 0x62, 0x08,
    0x62, 0x08, 0x62, 0x08, 0x6d, 0x6b, 0xff, 0xff, 0x1b, 0x8d, 0xff, 0xff, 0x59, 0x74, 0xf7, 0x3a, 0xf7, 0x3a, 0xbd, 0xce, 0xbd, 0xce, 0xbd, 0xce,
    0xff, 0xff, 0xff, 0xff, 0xff, 0xff, 0xff, 0xff, 0x30, 0x84, 0x00, 0x00, 0x61, 0x08, 0x92, 0x94, 0xff, 0xff, 0xff, 0xff, 0xff, 0xff, 0xff, 0xff,
    0x0c, 0x63, 0x00, 0x00, 0x82, 0x10, 0xd7, 0xbd, 0x55, 0xad, 0x4d, 0x6b, 0x82, 0x10, 0x00, 0x00, 0x00, 0x00, 0x00, 0x00, 0x00, 0x00, 0xcf, 0x7b,
    0xff, 0xff, 0xff, 0xff, 0xff, 0xff, 0xff, 0xff, 0xff, 0xff, 0xff, 0xff, 0xff, 0xff, 0xff, 0xff, 0xff, 0xff, 0xff, 0xff, 0xff, 0xff, 0xff, 0xff,
    0xff, 0xff, 0xaa, 0x52, 0x00, 0x00, 0x10, 0x84, 0xd3, 0x9c, 0x00, 0x00, 0x75, 0xad, 0xef, 0x7b, 0x00, 0x00, 0x00, 0x00, 0x00, 0x00, 0x00, 0x00,
    0xcf, 0x7b, 0xff, 0xff, 0xd9, 0x63, 0xf7, 0x3a, 0xf7, 0x3a, 0xf7, 0x3a, 0x1e, 0xdf, 0x14, 0xa5, 0x62, 0x08, 0x62, 0x08, 0x62, 0x08, 0x62, 0x08,
    0x62, 0x08, 0x62, 0x08, 0xc3, 0x18, 0xff, 0xff, 0x5d, 0xc6, 0xff, 0xff, 0xfb, 0x8c, 0xf7, 0x3a, 0xf7, 0x3a, 0x3c, 0xbe, 0x9f, 0xef, 0x1e, 0xdf,
    0x7f, 0xef, 0xff, 0xff, 0xff, 0xff, 0xdf, 0xff, 0xe3, 0x18, 0x00, 0x00, 0x34, 0xa5, 0xff, 0xff, 0xff, 0xff, 0xff, 0xff, 0x7d, 0xef, 0x51, 0x8c,
    0x41, 0x08, 0x00, 0x00, 0x00, 0x00, 0x61, 0x08, 0xe3, 0x18, 0xe3, 0x18, 0x00, 0x00, 0x00, 0x00, 0x34, 0xa5, 0xbe, 0xf7, 0xff, 0xff, 0xff, 0xff,
    0xff, 0xff, 0xff, 0xff, 0xff, 0xff, 0xff, 0xff, 0xff, 0xff, 0xff, 0xff, 0xff, 0xff, 0xfb, 0xde, 0xff, 0xff, 0xff, 0xff, 0xff, 0xff, 0xff, 0xff,
    0xff, 0xff, 0xff, 0xff, 0xbe, 0xf7, 0xff, 0xff, 0x65, 0x29, 0x00, 0x00, 0x00, 0x00, 0x24, 0x21, 0x55, 0xad, 0x04, 0x21, 0x00, 0x00, 0x00, 0x00,
    0x20, 0x00, 0xbe, 0xf7, 0x7b, 0x9d, 0xf7, 0x3a, 0xf7, 0x3a, 0xf7, 0x3a, 0x7f, 0xef, 0x71, 0x8c, 0x62, 0x08, 0x62, 0x08, 0x62, 0x08, 0x62, 0x08,
    0x62, 0x08, 0x62, 0x08, 0x62, 0x08, 0xf4, 0x9c, 0xff, 0xff, 0xff, 0xff, 0x1b, 0x8d, 0xf7, 0x3a, 0x38, 0x43, 0x9c, 0xa5, 0xff, 0xff, 0xff, 0xff,
    0x3e, 0xe7, 0xff, 0xff, 0xff, 0xff, 0xb2, 0x94, 0x00, 0x00, 0xae, 0x73, 0xff, 0xff, 0xff, 0xff, 0x9a, 0xd6, 0x6d, 0x6b, 0x41, 0x08, 0x00, 0x00,
    0x00, 0x00, 0x00, 0x00, 0x20, 0x00, 0xc3, 0x18, 0x79, 0xce, 0x8a, 0x52, 0x00, 0x00, 0xef, 0x7b, 0xff, 0xff, 0xff, 0xff, 0xff, 0xff, 0xff, 0xff,
    0xff, 0xff, 0xff, 0xff, 0xff, 0xff, 0xff, 0xff, 0xff, 0xff, 0xff, 0xff, 0xff, 0xff, 0x38, 0xc6, 0xff, 0xff, 0xff, 0xff, 0xff, 0xff, 0x1e, 0xdf,
    0x9f, 0xf7, 0xff, 0xff, 0xff, 0xff, 0x9a, 0xd6, 0x00, 0x00, 0x00, 0x00, 0xc7, 0x39, 0xbe, 0xf7, 0xff, 0xff, 0x6d, 0x6b, 0x00, 0x00, 0x00, 0x00,
    0xc3, 0x18, 0x1c, 0xe7, 0x5d, 0xbe, 0xf7, 0x3a, 0xf7, 0x3a, 0xf7, 0x3a, 0xdf, 0xff, 0xcf, 0x7b, 0x62, 0x08, 0x62, 0x08, 0x62, 0x08, 0x62, 0x08,
    0x62, 0x08, 0x62, 0x08, 0x62, 0x08, 0x62, 0x08, 0x86, 0x31, 0xfb, 0xde, 0x1c, 0xb6, 0xf7, 0x3a, 0x3b, 0x95, 0xbd, 0xce, 0x1c, 0xe7, 0x9e, 0xf7,
    0x3e, 0xe7, 0xbf, 0xf7, 0x9e, 0xf7, 0x04, 0x21, 0x49, 0x4a, 0xbe, 0xf7, 0xff, 0xff, 0xef, 0x7b, 0x00, 0x00, 0x00, 0x00, 0x00, 0x00, 0x00, 0x00,
    0x00, 0x00, 0x00, 0x00, 0x00, 0x00, 0x51, 0x8c, 0x1c, 0xe7, 0x20, 0x00, 0x49, 0x4a, 0xff, 0xff, 0xff, 0xff, 0xff, 0xff, 0xff, 0xff, 0xff, 0xff,
    0xff, 0xff, 0xff, 0xff, 0xff, 0xff, 0xff, 0xff, 0xff, 0xff, 0xff, 0xff, 0xff, 0xff, 0x96, 0xb5, 0xff, 0xff, 0xff, 0xff, 0xff, 0xff, 0xba, 0x84,
    0xff, 0xff, 0xff, 0xff, 0xff, 0xff, 0x51, 0x8c, 0x00, 0x00, 0x00, 0x00, 0x96, 0xb5, 0xcf, 0x7b, 0x49, 0x4a, 0xcf, 0x7b, 0x00, 0x00, 0x00, 0x00,
    0x18, 0xc6, 0x7f, 0xef, 0xb9, 0x5b, 0xf7, 0x3a, 0xf7, 0x3a, 0x78, 0x4b, 0xff, 0xff, 0x2d, 0x63, 0x62, 0x08, 0x62, 0x08, 0x62, 0x08, 0x62, 0x08,
    0x62, 0x08, 0x62, 0x08, 0x62, 0x08, 0x62, 0x08, 0x62, 0x08, 0x14, 0xa5, 0x9f, 0xf7, 0x17, 0x43, 0x59, 0x6c, 0x9d, 0xce, 0xbf, 0xf7, 0xfb, 0xde,
    0x7e, 0xe7, 0xdf, 0xff, 0x92, 0x94, 0xc3, 0x18, 0x5d, 0xef, 0xff, 0xff, 0xff, 0xff, 0x04, 0x21, 0x00, 0x00, 0x00, 0x00, 0xa2, 0x10, 0x92, 0x94,
    0x00, 0x00, 0x00, 0x00, 0x41, 0x08, 0x7d, 0xef, 0x0c, 0x63, 0x65, 0x29, 0x9e, 0xf7, 0xff, 0xff, 0xff, 0xff, 0xff, 0xff, 0xff, 0xff, 0x9a, 0xd6,
    0xfb, 0xde, 0xdf, 0xff, 0xff, 0xff, 0xff, 0xff, 0xff, 0xff, 0xff, 0xff, 0xff, 0xff, 0x51, 0x8c, 0x1c, 0xe7, 0xff, 0xff, 0xbc, 0xad, 0xfa, 0x8c,
    0xff, 0xff, 0xff, 0xff, 0xff, 0xff, 0x08, 0x42, 0x00, 0x00, 0xe7, 0x39, 0x28, 0x42, 0x00, 0x00, 0x00, 0x00, 0xcf, 0x7b, 0x00, 0x00, 0x82, 0x10,
    0xff, 0xff, 0xda, 0x84, 0xf7, 0x3a, 0xf7, 0x3a, 0xf7, 0x3a, 0xda, 0x84, 0xff, 0xff, 0xa7, 0x31, 0x62, 0x08, 0x62, 0x08, 0x62, 0x08, 0x62, 0x08,
    0x62, 0x08, 0x62, 0x08, 0x62, 0x08, 0x62, 0x08, 0x62, 0x08, 0x08, 0x42, 0xff, 0xff, 0xba, 0x84, 0xb8, 0x5b, 0x7d, 0xc6, 0xff, 0xff, 0x3c, 0xe7,
    0xff, 0xff, 0x7d, 0xef, 0xc3, 0x18, 0x9a, 0xd6, 0xff, 0xff, 0xff, 0xff, 0xff, 0xff, 0x69, 0x4a, 0x00, 0x00, 0x04, 0x21, 0x3c, 0xe7, 0x9a, 0xd6,
    0x00, 0x00, 0x00, 0x00, 0xcb, 0x5a, 0x59, 0xce, 0x04, 0x21, 0xdb, 0xde, 0xbe, 0xf7, 0xba, 0xd6, 0x38, 0xc6, 0x2c, 0x63, 0x41, 0x08, 0x00, 0x00,
    0x00, 0x00, 0x8e, 0x73, 0xff, 0xff, 0xff, 0xff, 0xff, 0xff, 0xff, 0xff, 0xff, 0xff, 0x65, 0x29, 0x10, 0x84, 0xff, 0xff, 0xda, 0x84, 0xbf, 0xf7,
    0xff, 0xff, 0xff, 0xff, 0x9e, 0xf7, 0x20, 0x00, 0x00, 0x00, 0x69, 0x4a, 0x7d, 0xef, 0x86, 0x31, 0x28, 0x42, 0xf3, 0x9c, 0x00, 0x00, 0x41, 0x08,
    0xff, 0xff, 0x7a, 0x7c, 0xf7, 0x3a, 0xf7, 0x3a, 0xf7, 0x3a, 0x5e, 0xe7, 0xf7, 0xbd, 0x62, 0x08, 0x62, 0x08, 0x62, 0x08, 0x62, 0x08, 0x62, 0x08,
    0x62, 0x08, 0x62, 0x08, 0x62, 0x08, 0x62, 0x08, 0x62, 0x08, 0x62, 0x08, 0x9a, 0xd6, 0x3d, 0xbe, 0xb9, 0x5b, 0xfe, 0xd6, 0x9f, 0xf7, 0xf7, 0xbd,
    0xff, 0xff, 0x14, 0xa5, 0xf3, 0x9c, 0xff, 0xff, 0xff, 0xff, 0xff, 0xff, 0xff, 0xff, 0x9e, 0xf7, 0xd3, 0x9c, 0xbe, 0xf7, 0xff, 0xff, 0xbe, 0xf7,
    0x04, 0x21, 0x00, 0x00, 0x75, 0xad, 0x2c, 0x63, 0xf7, 0xbd, 0xd3, 0x9c, 0x92, 0x94, 0x75, 0xad, 0xcf, 0x7b, 0x82, 0x10, 0x00, 0x00, 0x00, 0x00,
    0x00, 0x00, 0xe7, 0x39, 0xff, 0xff, 0xff, 0xff, 0xff, 0xff, 0xff, 0xff, 0x18, 0xc6, 0x00, 0x00, 0x45, 0x29, 0xff, 0xff, 0xbf, 0xf7, 0xff, 0xff,
    0xff, 0xff, 0xff, 0xff, 0x75, 0xad, 0x00, 0x00, 0x00, 0x00, 0x10, 0x84, 0x10, 0x84, 0x00, 0x00, 0x00, 0x00, 0xcb, 0x5a, 0x00, 0x00, 0x82, 0x10,
    0xff, 0xff, 0x5a, 0x74, 0xf7, 0x3a, 0xf7, 0x3a, 0x78, 0x53, 0xff, 0xff, 0x0c, 0x63, 0x62, 0x08, 0x62, 0x08, 0x62, 0x08, 0x62, 0x08, 0x62, 0x08,
    0x62, 0x08, 0x62, 0x08, 0x62, 0x08, 0x62, 0x08, 0x62, 0x08, 0x62, 0x08, 0x34, 0xa5, 0x5e, 0xe7, 0x19, 0x64, 0xdf, 0xff, 0xff, 0xff, 0x7d, 0xef,
    0x1c, 0xe7, 0x96, 0xb5, 0xff, 0xff, 0xff, 0xff, 0xff, 0xff, 0xff, 0xff, 0xff, 0xff, 0xff, 0xff, 0xff, 0xff, 0xff, 0xff, 0xff, 0xff, 0x7d, 0xef,
    0xf7, 0xbd, 0xeb, 0x5a, 0xcb, 0x5a, 0xeb, 0x5a, 0xe7, 0x39, 0x8e, 0x73, 0xdb, 0xde, 0xff, 0xff, 0xff, 0xff, 0xff, 0xff, 0xd7, 0xbd, 0x24, 0x21,
    0x00, 0x00, 0x69, 0x4a, 0xff, 0xff, 0xff, 0xff, 0xff, 0xff, 0xff, 0xff, 0x69, 0x4a, 0x00, 0x00, 0x04, 0x21, 0x9e, 0xf7, 0xff, 0xff, 0xff, 0xff,
    0xff, 0xff, 0xff, 0xff, 0x10, 0x84, 0x00, 0x00, 0x00, 0x00, 0xb6, 0xb5, 0x04, 0x21, 0x08, 0x42, 0x8a, 0x52, 0x71, 0x8c, 0x00, 0x00, 0xc3, 0x18,
    0xff, 0xff, 0x39, 0x6c, 0xf7, 0x3a, 0xf7, 0x3a, 0xf9, 0x63, 0xff, 0xff, 0x69, 0x4a, 0x62, 0x08, 0x62, 0x08, 0x62, 0x08, 0x62, 0x08, 0x62, 0x08,
    0x62, 0x08, 0x62, 0x08, 0x62, 0x08, 0x62, 0x08, 0x62, 0x08, 0x62, 0x08, 0x6a, 0x4a, 0xff, 0xff, 0xbc, 0xa5, 0xff, 0xff, 0x9e, 0xf7, 0xbe, 0xf7,
    0x3c, 0xe7, 0xff, 0xff, 0xff, 0xff, 0xff, 0xff, 0xff, 0xff, 0xff, 0xff, 0xff, 0xff, 0xff, 0xff, 0xdb, 0xde, 0x92, 0x94, 0xe7, 0x39, 0xa2, 0x10,
    0x00, 0x00, 0x82, 0x10, 0xa2, 0x10, 0x51, 0x8c, 0x3c, 0xe7, 0xff, 0xff, 0xff, 0xff, 0xff, 0xff, 0xff, 0xff, 0xff, 0xff, 0xff, 0xff, 0xff, 0xff,
    0x7d, 0xef, 0xbe, 0xf7, 0xff, 0xff, 0xff, 0xff, 0xff, 0xff, 0x96, 0xb5, 0x00, 0x00, 0x00, 0x00, 0x00, 0x00, 0x18, 0xc6, 0xff, 0xff, 0xff, 0xff,
    0xff, 0xff, 0xff, 0xff, 0x8e, 0x73, 0x00, 0x00, 0x00, 0x00, 0x14, 0xa5, 0xba, 0xd6, 0xff, 0xff, 0x38, 0xc6, 0xef, 0x7b, 0x00, 0x00, 0x04, 0x21,
    0xff, 0xff, 0xf9, 0x63, 0xf7, 0x3a, 0xf7, 0x3a, 0x9b, 0xa5, 0xbe, 0xf7, 0xc4, 0x18, 0x62, 0x08, 0x62, 0x08, 0x62, 0x08, 0x62, 0x08, 0x62, 0x08,
    0x62, 0x08, 0x62, 0x08, 0x62, 0x08, 0x62, 0x08, 0x62, 0x08, 0x62, 0x08, 0x82, 0x10, 0x1c, 0xe7, 0xdf, 0xff, 0xbf, 0xf7, 0x9e, 0xf7, 0xff, 0xff,
    0xbe, 0xf7, 0xb6, 0xb5, 0xff, 0xff, 0xff, 0xff, 0xff, 0xff, 0x7d, 0xef, 0xef, 0x7b, 0x24, 0x21, 0x00, 0x00, 0x00, 0x00, 0x00, 0x00, 0x00, 0x00,
    0x00, 0x00, 0x08, 0x42, 0x7d, 0xef, 0xff, 0xff, 0x9a, 0xd6, 0x55, 0xad, 0x92, 0x94, 0x9a, 0xd6, 0x38, 0xc6, 0xef, 0x7b, 0x5d, 0xef, 0xff, 0xff,
    0xff, 0xff, 0xff, 0xff, 0xff, 0xff, 0xff, 0xff, 0xff, 0xff, 0x08, 0x42, 0x00, 0x00, 0x00, 0x00, 0x00, 0x00, 0x51, 0x8c, 0xff, 0xff, 0xff, 0xff,
    0xff, 0xff, 0xff, 0xff, 0x10, 0x84, 0x00, 0x00, 0x20, 0x00, 0x59, 0xce, 0x69, 0x4a, 0x92, 0x94, 0xb6, 0xb5, 0x65, 0x29, 0x00, 0x00, 0x45, 0x29,
    0xff, 0xff, 0xf9, 0x63, 0x9b, 0xa5, 0x5a, 0x74, 0x7f, 0xef, 0x35, 0xa5, 0x62, 0x08, 0x62, 0x08, 0x62, 0x08, 0x62, 0x08, 0x62, 0x08, 0x62, 0x08,
    0x62, 0x08, 0x62, 0x08, 0x62, 0x08, 0x62, 0x08, 0x62, 0x08, 0x62, 0x08, 0x62, 0x08, 0x6e, 0x6b, 0xff, 0xff, 0x3e, 0xdf, 0xdf, 0xff, 0x55, 0xad,
    0xe8, 0x39, 0xdb, 0xde, 0xff, 0xff, 0xff, 0xff, 0xbe, 0xf7, 0xa2, 0x10, 0x00, 0x00, 0x00, 0x00, 0x00, 0x00, 0x00, 0x00, 0x00, 0x00, 0x04, 0x21,
    0x00, 0x00, 0xd7, 0xbd, 0xff, 0xff, 0xb2, 0x94, 0x00, 0x00, 0x00, 0x00, 0xb6, 0xb5, 0xff, 0xff, 0xff, 0xff, 0x51, 0x8c, 0x82, 0x10, 0x18, 0xc6,
    0xff, 0xff, 0xff, 0xff, 0xbf, 0xf7, 0x5e, 0xe7, 0x38, 0xc6, 0x41, 0x08, 0x00, 0x00, 0x00, 0x00, 0x00, 0x00, 0x04, 0x21, 0xff, 0xff, 0xff, 0xff,
    0xff, 0xff, 0xff, 0xff, 0xbe, 0xf7, 0x10, 0x84, 0x10, 0x84, 0xff, 0xff, 0x75, 0xad, 0x00, 0x00, 0x00, 0x00, 0x00, 0x00, 0x00, 0x00, 0x61, 0x08,
    0xdf, 0xff, 0x7f, 0xef, 0xff, 0xff, 0xff, 0xff, 0x1c, 0xe7, 0x86, 0x31, 0x62, 0x08, 0x62, 0x08, 0x62, 0x08, 0x62, 0x08, 0x62, 0x08, 0x62, 0x08,
    0x62, 0x08, 0x62, 0x08, 0x62, 0x08, 0x62, 0x08, 0x62, 0x08, 0x62, 0x08, 0x62, 0x08, 0x8a, 0x52, 0xff, 0xff, 0xff, 0xff, 0x7f, 0xef, 0xbf, 0xf7,
    0xc7, 0x39, 0xff, 0xff, 0x5e, 0xe7, 0xff, 0xff, 0xff, 0xff, 0x61, 0x08, 0x00, 0x00, 0x00, 0x00, 0x00, 0x00, 0x00, 0x00, 0x30, 0x84, 0xe7, 0x39,
    0x04, 0x21, 0xdf, 0xff, 0xff, 0xff, 0x45, 0x29, 0x00, 0x00, 0x00, 0x00, 0x10, 0x84, 0xff, 0xff, 0xff, 0xff, 0x75, 0xad, 0x00, 0x00, 0x20, 0x00,
    0x4d, 0x6b, 0x3c, 0xe7, 0xff, 0xff, 0xff, 0xff, 0x69, 0x4a, 0x00, 0x00, 0x00, 0x00, 0x00, 0x00, 0x00, 0x00, 0x00, 0x00, 0x9a, 0xd6, 0xff, 0xff,
    0xff, 0xff, 0xff, 0xff, 0xff, 0xff, 0xff, 0xff, 0xff, 0xff, 0xdf, 0xf7, 0xff, 0xff, 0xaa, 0x52, 0x00, 0x00, 0x00, 0x00, 0x00, 0x00, 0xc3, 0x18,
    0xdf, 0xff, 0xff, 0xff, 0xd7, 0xbd, 0xc7, 0x39, 0x82, 0x10, 0x62, 0x08, 0x62, 0x08, 0x62, 0x08, 0x62, 0x08, 0x62, 0x08, 0x62, 0x08, 0x62, 0x08,
    0x62, 0x08, 0x62, 0x08, 0x62, 0x08, 0x62, 0x08, 0x62, 0x08, 0x62, 0x08, 0x45, 0x29, 0xbe, 0xf7, 0x1c, 0xe7, 0xdf, 0xff, 0xbd, 0xce, 0xff, 0xff,
    0x8a, 0x52, 0x9a, 0xd6, 0xbd, 0xce, 0x5e, 0xe7, 0xff, 0xff, 0xd3, 0x9c, 0xc3, 0x18, 0x00, 0x00, 0x61, 0x08, 0x51, 0x8c, 0x38, 0xc6, 0x00, 0x00,
    0x71, 0x8c, 0xff, 0xff, 0xbe, 0xf7, 0x00, 0x00, 0x00, 0x00, 0x00, 0x00, 0x20, 0x00, 0x18, 0xc6, 0x3c, 0xe7, 0x49, 0x4a, 0x00, 0x00, 0xa6, 0x31,
    0x79, 0xce, 0xff, 0xff, 0xff, 0xff, 0xff, 0xff, 0x04, 0x21, 0x00, 0x00, 0x00, 0x00, 0x00, 0x00, 0x00, 0x00, 0x00, 0x00, 0xd7, 0xbd, 0xff, 0xff,
    0xff, 0xff, 0xff, 0xff, 0xff, 0xff, 0xff, 0xff, 0xff, 0xff, 0x19, 0x64, 0x9d, 0xce, 0x59, 0xce, 0x20, 0x00, 0x00, 0x00, 0x00, 0x00, 0x8e, 0x73,
    0xff, 0xff, 0x5d, 0xbe, 0xff, 0xff, 0xab, 0x52, 0x62, 0x08, 0x62, 0x08, 0x62, 0x08, 0x62, 0x08, 0x62, 0x08, 0x62, 0x08, 0x62, 0x08, 0x62, 0x08,
    0x62, 0x08, 0x62, 0x08, 0x62, 0x08, 0x62, 0x08, 0x62, 0x08, 0x62, 0x08, 0x75, 0xad, 0x7d, 0xef, 0xa2, 0x10, 0x18, 0xc6, 0xff, 0xff, 0xff, 0xff,
    0x49, 0x4a, 0x8e, 0x73, 0xff, 0xff, 0xdc, 0xad, 0xdf, 0xff, 0xff, 0xff, 0xff, 0xff, 0x96, 0xb5, 0x3c, 0xe7, 0xff, 0xff, 0x8a, 0x52, 0x20, 0x00,
    0x5d, 0xef, 0xff, 0xff, 0x1c, 0xe7, 0x00, 0x00, 0x00, 0x00, 0x00, 0x00, 0x00, 0x00, 0x41, 0x08, 0x75, 0xad, 0xff, 0xff, 0xfb, 0xde, 0xff, 0xff,
    0xff, 0xff, 0xff, 0xff, 0xff, 0xff, 0xcf, 0x7b, 0x00, 0x00, 0x00, 0x00, 0x00, 0x00, 0x00, 0x00, 0x00, 0x00, 0x00, 0x00, 0xd7, 0xbd, 0xff, 0xff,
    0xff, 0xff, 0x7f, 0xef, 0x5b, 0x95, 0xff, 0xff, 0x5b, 0x9d, 0xf7, 0x3a, 0x5a, 0x74, 0xff, 0xff, 0x6d, 0x6b, 0x00, 0x00, 0x61, 0x08, 0xba, 0xd6,
    0xbd, 0xce, 0x9b, 0xa5, 0xff, 0xff, 0x08, 0x42, 0x62, 0x08, 0x62, 0x08, 0x62, 0x08, 0x62, 0x08, 0x62, 0x08, 0x62, 0x08, 0x62, 0x08, 0x62, 0x08,
    0x62, 0x08, 0x62, 0x08, 0x62, 0x08, 0x62, 0x08, 0x62, 0x08, 0x62, 0x08, 0x9e, 0xf7, 0xef, 0x7b, 0x00, 0x00, 0x00, 0x00, 0x69, 0x4a, 0xfb, 0xde,
    0xbe, 0xf7, 0x6e, 0x6b, 0x35, 0xa5, 0xff, 0xff, 0xdf, 0xff, 0xff, 0xff, 0xff, 0xff, 0xff, 0xff, 0xff, 0xff, 0xdb, 0xde, 0x00, 0x00, 0x28, 0x42,
    0xff, 0xff, 0xdf, 0xff, 0x59, 0xce, 0x00, 0x00, 0x00, 0x00, 0x00, 0x00, 0x00, 0x00, 0x00, 0x00, 0x04, 0x21, 0x7d, 0xef, 0xff, 0xff, 0xff, 0xff,
    0xff, 0xff, 0xff, 0xff, 0x10, 0x84, 0x00, 0x00, 0x00, 0x00, 0x00, 0x00, 0x00, 0x00, 0x00, 0x00, 0x00, 0x00, 0xc3, 0x18, 0xd7, 0xbd, 0xff, 0xff,
    0xff, 0xff, 0xfa, 0x8c, 0xdd, 0xce, 0x5a, 0x74, 0x17, 0x3b, 0x38, 0x43, 0xdc, 0xad, 0xbd, 0xce, 0xff, 0xff, 0x59, 0xce, 0x7d, 0xef, 0xff, 0xff,
    0xdc, 0xad, 0xdf, 0xff, 0xd7, 0xbd, 0x62, 0x08, 0x62, 0x08, 0x62, 0x08, 0x62, 0x08, 0x62, 0x08, 0x62, 0x08, 0x62, 0x08, 0x62, 0x08, 0x62, 0x08,
    0x62, 0x08, 0x62, 0x08, 0x62, 0x08, 0x62, 0x08, 0x62, 0x08, 0x62, 0x08, 0xbe, 0xf7, 0xcf, 0x7b, 0x00, 0x00, 0x00, 0x00, 0x00, 0x00, 0x61, 0x08,
    0x14, 0xa5, 0xff, 0xff, 0x5d, 0xef, 0xff, 0xff, 0x59, 0xce, 0xdf, 0xff, 0x9f, 0xf7, 0xff, 0xff, 0xff, 0xff, 0x2c, 0x63, 0x00, 0x00, 0xef, 0x7b,
    0xf3, 0x9c, 0x2c, 0x63, 0xa6, 0x31, 0x08, 0x42, 0x00, 0x00, 0x00, 0x00, 0x00, 0x00, 0x00, 0x00, 0x00, 0x00, 0xe7, 0x39, 0xb6, 0xb5, 0xfb, 0xde,
    0xdf, 0xff, 0x2c, 0x63, 0x82, 0x10, 0x00, 0x00, 0x00, 0x00, 0x00, 0x00, 0x00, 0x00, 0x00, 0x00, 0xa2, 0x10, 0xd7, 0xbd, 0xff, 0xff, 0xff, 0xff,
    0x7b, 0x9d, 0x1e, 0xdf, 0x5a, 0x74, 0xfa, 0x8c, 0xba, 0x84, 0x3c, 0xbe, 0x9f, 0xf7, 0xdf, 0xff, 0x9f, 0xf7, 0xbd, 0xce, 0xfc, 0xb5, 0x78, 0x4b,
    0x39, 0x6c, 0xdf, 0xff, 0xef, 0x7b, 0x62, 0x08, 0x62, 0x08, 0x62, 0x08, 0x62, 0x08, 0x62, 0x08, 0x62, 0x08, 0x62, 0x08, 0x62, 0x08, 0x62, 0x08,
    0x62, 0x08, 0x62, 0x08, 0x62, 0x08, 0x62, 0x08, 0x62, 0x08, 0x62, 0x08, 0xdb, 0xde, 0x55, 0xad, 0x00, 0x00, 0x00, 0x00, 0x00, 0x00, 0x00, 0x00,
    0x00, 0x00, 0xc7, 0x39, 0x92, 0x94, 0x2c, 0x63, 0x18, 0xc6, 0xff, 0xff, 0x1c, 0xb6, 0x3e, 0xe7, 0x3c, 0xe7, 0x41, 0x08, 0x00, 0x00, 0x41, 0x08,
    0x04, 0x21, 0x41, 0x08, 0xae, 0x73, 0xff, 0xff, 0x96, 0xb5, 0x61, 0x08, 0x00, 0x00, 0x00, 0x00, 0x00, 0x00, 0x00, 0x00, 0x00, 0x00, 0x20, 0x00,
    0x08, 0x42, 0x00, 0x00, 0x00, 0x00, 0x00, 0x00, 0x00, 0x00, 0x00, 0x00, 0x00, 0x00, 0x00, 0x00, 0xae, 0x73, 0xff, 0xff, 0x5d, 0xc6, 0xbc, 0xa5,
    0x7f, 0xef, 0x9d, 0xc6, 0xbd, 0xce, 0x1c, 0xb6, 0x3b, 0x95, 0xff, 0xff, 0xff, 0xff, 0xff, 0xff, 0x9b, 0xa5, 0xf7, 0x3a, 0xf7, 0x3a, 0x78, 0x4b,
    0x9f, 0xef, 0x38, 0xc6, 0x82, 0x10, 0x62, 0x08, 0x62, 0x08, 0x62, 0x08, 0x62, 0x08, 0x62, 0x08, 0x62, 0x08, 0x62, 0x08, 0x62, 0x08, 0x62, 0x08,
    0x62, 0x08, 0x62, 0x08, 0x62, 0x08, 0x62, 0x08, 0x62, 0x08, 0x62, 0x08, 0x10, 0x84, 0xdf, 0xff, 0x2c, 0x63, 0x00, 0x00, 0x00, 0x00, 0x00, 0x00,
    0x00, 0x00, 0x00, 0x00, 0x00, 0x00, 0x28, 0x42, 0xff, 0xff, 0x75, 0xad, 0xff, 0xff, 0xff, 0xff, 0xae, 0x73, 0x00, 0x00, 0x00, 0x00, 0x00, 0x00,
    0x00, 0x00, 0xaa, 0x52, 0xff, 0xff, 0xff, 0xff, 0xff, 0xff, 0xd7, 0xbd, 0x20, 0x00, 0x00, 0x00, 0x00, 0x00, 0x00, 0x00, 0x00, 0x00, 0x00, 0x00,
    0x00, 0x00, 0x00, 0x00, 0x00, 0x00, 0x00, 0x00, 0x00, 0x00, 0x00, 0x00, 0x00, 0x00, 0xe3, 0x18, 0xf3, 0x9c, 0xff, 0xff, 0x9f, 0xef, 0x9d, 0xc6,
    0xfc, 0xb5, 0xff, 0xff, 0xbc, 0xa5, 0x9b, 0xa5, 0xff, 0xff, 0x9e, 0xf7, 0xff, 0xff, 0x9b, 0xa5, 0x58, 0x4b, 0xf7, 0x3a, 0x17, 0x43, 0x9d, 0xce,
    0x5d, 0xef, 0x04, 0x21, 0x62, 0x08, 0x62, 0x08, 0x62, 0x08, 0x62, 0x08, 0x62, 0x08, 0x62, 0x08, 0x62, 0x08, 0x62, 0x08, 0x62, 0x08, 0x62, 0x08,
    0x62, 0x08, 0x62, 0x08, 0x62, 0x08, 0x62, 0x08, 0x62, 0x08, 0x62, 0x08, 0x82, 0x10, 0x7d, 0xef, 0x75, 0xad, 0x00, 0x00, 0x00, 0x00, 0x00, 0x00,
    0x00, 0x00, 0x00, 0x00, 0x00, 0x00, 0x4d, 0x6b, 0xff, 0xff, 0x25, 0x21, 0x3c, 0xe7, 0x79, 0xce, 0x20, 0x00, 0x00, 0x00, 0x00, 0x00, 0x00, 0x00,
    0x04, 0x21, 0x9e, 0xf7, 0xff, 0xff, 0xff, 0xff, 0xff, 0xff, 0xff, 0xff, 0x75, 0xad, 0x20, 0x00, 0x00, 0x00, 0x00, 0x00, 0x00, 0x00, 0x00, 0x00,
    0x00, 0x00, 0x00, 0x00, 0x00, 0x00, 0x00, 0x00, 0x00, 0x00, 0x00, 0x00, 0x00, 0x00, 0x8a, 0x52, 0x5d, 0xef, 0xff, 0xff, 0xde, 0xd6, 0x1e, 0xdf,
    0x5e, 0xe7, 0x9a, 0x7c, 0x7d, 0xc6, 0xff, 0xff, 0x3c, 0xe7, 0xff, 0xff, 0x5d, 0xc6, 0x17, 0x43, 0xf7, 0x3a, 0xf7, 0x3a, 0xbc, 0xad, 0xff, 0xff,
    0x8a, 0x52, 0x62, 0x08, 0x62, 0x08, 0x62, 0x08, 0x62, 0x08, 0x62, 0x08, 0x62, 0x08, 0x62, 0x08, 0x62, 0x08, 0x62, 0x08, 0x62, 0x08, 0x62, 0x08,
    0x62, 0x08, 0x62, 0x08, 0x62, 0x08, 0x62, 0x08, 0x62, 0x08, 0x62, 0x08, 0x62, 0x08, 0x9e, 0xf7, 0xba, 0xd6, 0x86, 0x31, 0x00, 0x00, 0x00, 0x00,
    0x00, 0x00, 0x00, 0x00, 0x00, 0x00, 0x55, 0xad, 0xbe, 0xf7, 0x2d, 0x63, 0xff, 0xff, 0x86, 0x31, 0x00, 0x00, 0x00, 0x00, 0x00, 0x00, 0x00, 0x00,
    0x55, 0xad, 0xff, 0xff, 0xff, 0xff, 0xff, 0xff, 0xff, 0xff, 0xff, 0xff, 0xff, 0xff, 0x34, 0xa5, 0x61, 0x08, 0x00, 0x00, 0x00, 0x00, 0x00, 0x00,
    0x00, 0x00, 0x00, 0x00, 0x00, 0x00, 0x00, 0x00, 0x00, 0x00, 0x00, 0x00, 0x4d, 0x6b, 0x5d, 0xef, 0xff, 0xff, 0xff, 0xff, 0xff, 0xff, 0x1c, 0xb6,
    0xfa, 0x84, 0x7f, 0xef, 0xff, 0xff, 0xdf, 0xff, 0x5d, 0xef, 0x7d, 0xc6, 0x17, 0x3b, 0xf7, 0x3a, 0xf7, 0x3a, 0xba, 0x84, 0xff, 0xff, 0xcf, 0x7b,
    0x62, 0x08, 0x62, 0x08, 0x62, 0x08, 0x62, 0x08, 0x62, 0x08, 0x62, 0x08, 0x62, 0x08, 0x62, 0x08, 0x62, 0x08, 0x62, 0x08, 0x62, 0x08, 0x62, 0x08,
    0x62, 0x08, 0x62, 0x08, 0x62, 0x08, 0x62, 0x08, 0x62, 0x08, 0x62, 0x08, 0x62, 0x08, 0x6e, 0x6b, 0xdf, 0xff, 0xd3, 0x9c, 0x20, 0x00, 0x00, 0x00,
    0x00, 0x00, 0x00, 0x00, 0x00, 0x00, 0x96, 0xb5, 0xdb, 0xde, 0xb3, 0x94, 0x1c, 0xe7, 0x00, 0x00, 0x00, 0x00, 0x00, 0x00, 0x00, 0x00, 0x00, 0x00,
    0x3c, 0xe7, 0xff, 0xff, 0xdf, 0xff, 0xff, 0xff, 0xff, 0xff, 0xff, 0xff, 0xff, 0xff, 0xff, 0xff, 0x14, 0xa5, 0x00, 0x00, 0x00, 0x00, 0x00, 0x00,
    0x00, 0x00, 0x00, 0x00, 0x00, 0x00, 0x00, 0x00, 0x00, 0x00, 0x6d, 0x6b, 0xff, 0xff, 0xff, 0xff, 0xff, 0xff, 0xde, 0xd6, 0x1b, 0x8d, 0x5e, 0xe7,
    0xff, 0xff, 0xdf, 0xff, 0x5d, 0xbe, 0xff, 0xff, 0x3e, 0xe7, 0x98, 0x53, 0xf7, 0x3a, 0xb8, 0x5b, 0xfc, 0xad, 0xff, 0xff, 0x35, 0xa5, 0x62, 0x08,
    0x62, 0x08, 0x62, 0x08, 0x62, 0x08, 0x62, 0x08, 0x62, 0x08, 0x62, 0x08, 0x62, 0x08, 0x62, 0x08, 0x62, 0x08, 0x62, 0x08, 0x62, 0x08, 0x62, 0x08,
    0x62, 0x08, 0x62, 0x08, 0x62, 0x08, 0x62, 0x08, 0x62, 0x08, 0x62, 0x08, 0x62, 0x08, 0x62, 0x08, 0xf0, 0x7b, 0xff, 0xff, 0x71, 0x8c, 0xa2, 0x10,
    0x00, 0x00, 0x00, 0x00, 0x41, 0x08, 0xbe, 0xf7, 0x92, 0x94, 0x30, 0x84, 0x9e, 0xf7, 0x41, 0x08, 0x00, 0x00, 0x00, 0x00, 0x00, 0x00, 0x0c, 0x63,
    0xff, 0xff, 0x10, 0x84, 0x04, 0x21, 0xf3, 0x9c, 0x9e, 0xf7, 0xff, 0xff, 0xff, 0xff, 0xff, 0xff, 0x55, 0xad, 0x61, 0x08, 0x00, 0x00, 0x00, 0x00,
    0x00, 0x00, 0x00, 0x00, 0x00, 0x00, 0x08, 0x42, 0x55, 0xad, 0xff, 0xff, 0xff, 0xff, 0xbd, 0xce, 0xda, 0x84, 0xdc, 0xad, 0xdf, 0xff, 0xff, 0xff,
    0x9d, 0xc6, 0x1b, 0x8d, 0x3e, 0xe7, 0x9d, 0xce, 0x78, 0x4b, 0xf7, 0x3a, 0x17, 0x43, 0x9f, 0xf7, 0x7d, 0xef, 0x51, 0x8c, 0x62, 0x08, 0x62, 0x08,
    0x62, 0x08, 0x62, 0x08, 0x62, 0x08, 0x62, 0x08, 0x62, 0x08, 0x62, 0x08, 0x62, 0x08, 0x62, 0x08, 0x62, 0x08, 0x62, 0x08, 0x62, 0x08, 0x62, 0x08,
    0x62, 0x08, 0x62, 0x08, 0x62, 0x08, 0x62, 0x08, 0x62, 0x08, 0x62, 0x08, 0x62, 0x08, 0x62, 0x08, 0x62, 0x08, 0x31, 0x84, 0xff, 0xff, 0xdf, 0xff,
    0xf3, 0x9c, 0xe3, 0x18, 0x51, 0x8c, 0xff, 0xff, 0xe8, 0x39, 0x8a, 0x52, 0xff, 0xff, 0x65, 0x29, 0x00, 0x00, 0x00, 0x00, 0xeb, 0x5a, 0xff, 0xff,
    0x14, 0xa5, 0x62, 0x08, 0x62, 0x08, 0xfb, 0xde, 0x7f, 0xef, 0xfe, 0xde, 0xff, 0xff, 0xff, 0xff, 0xff, 0xff, 0x9a, 0xd6, 0xef, 0x7b, 0x2c, 0x63,
    0xe7, 0x39, 0x49, 0x4a, 0xf7, 0xbd, 0xff, 0xff, 0xff, 0xff, 0xff, 0xff, 0xfe, 0xd6, 0xfe, 0xd6, 0xff, 0xff, 0xff, 0xff, 0x3e, 0xdf, 0x7a, 0x74,
    0x78, 0x4b, 0x1c, 0xb6, 0xda, 0x84, 0x17, 0x43, 0xf7, 0x3a, 0x17, 0x43, 0xbc, 0xa5, 0xff, 0xff, 0xe8, 0x39, 0x62, 0x08, 0x62, 0x08, 0x62, 0x08,
    0x62, 0x08, 0x62, 0x08, 0x62, 0x08, 0x62, 0x08, 0x62, 0x08, 0x62, 0x08, 0x62, 0x08, 0x62, 0x08, 0x62, 0x08, 0x62, 0x08, 0x62, 0x08, 0x62, 0x08,
    0x62, 0x08, 0x62, 0x08, 0x62, 0x08, 0x62, 0x08, 0x62, 0x08, 0x62, 0x08, 0x62, 0x08, 0x62, 0x08, 0x62, 0x08, 0x62, 0x08, 0x25, 0x21, 0x10, 0x84,
    0xbf, 0xf7, 0xff, 0xff, 0xff, 0xff, 0xd3, 0x9c, 0x62, 0x08, 0xc3, 0x18, 0x7d, 0xef, 0xfb, 0xde, 0x4d, 0x6b, 0x30, 0x84, 0xff, 0xff, 0x35, 0xa5,
    0x62, 0x08, 0x62, 0x08, 0x62, 0x08, 0xd3, 0x9c, 0xff, 0xff, 0xbd, 0xce, 0x3d, 0xbe, 0x1c, 0xb6, 0x3d, 0xbe, 0x1e, 0xdf, 0xdf, 0xff, 0xff, 0xff,
    0xff, 0xff, 0xff, 0xff, 0xbf, 0xf7, 0xdd, 0xd6, 0x7e, 0xef, 0xff, 0xff, 0xff, 0xff, 0xff, 0xff, 0xff, 0xff, 0x1c, 0xb6, 0x38, 0x43, 0xf7, 0x3a,
    0xda, 0x84, 0x58, 0x4b, 0xf7, 0x3a, 0xf7, 0x3a, 0x17, 0x43, 0x3d, 0xbe, 0xff, 0xff, 0xcf, 0x7b, 0x62, 0x08, 0x62, 0x08, 0x62, 0x08, 0x62, 0x08,
    0x62, 0x08, 0x62, 0x08, 0x62, 0x08, 0x62, 0x08, 0x62, 0x08, 0x62, 0x08, 0x62, 0x08, 0x62, 0x08, 0x62, 0x08, 0x62, 0x08, 0x62, 0x08, 0x62, 0x08,
    0x62, 0x08, 0x62, 0x08, 0x62, 0x08, 0x62, 0x08, 0x62, 0x08, 0x62, 0x08, 0x62, 0x08, 0x62, 0x08, 0x62, 0x08, 0x62, 0x08, 0x62, 0x08, 0x62, 0x08,
    0x66, 0x29, 0x6e, 0x6b, 0xc7, 0x39, 0x62, 0x08, 0x62, 0x08, 0x62, 0x08, 0xe8, 0x39, 0xbb, 0xd6, 0xff, 0xff, 0xbe, 0xf7, 0x51, 0x8c, 0x62, 0x08,
    0x62, 0x08, 0x62, 0x08, 0x62, 0x08, 0x82, 0x10, 0x14, 0xa5, 0xbf, 0xf7, 0x7d, 0xef, 0xff, 0xff, 0xff, 0xff, 0xff, 0xff, 0xff, 0xff, 0xff, 0xff,
    0xff, 0xff, 0xff, 0xff, 0xff, 0xff, 0xff, 0xff, 0xff, 0xff, 0xdf, 0xf7, 0xbd, 0xce, 0x1c, 0xb6, 0xba, 0x84, 0x17, 0x43, 0xf7, 0x3a, 0xf7, 0x3a,
    0xf7, 0x3a, 0xf7, 0x3a, 0xf7, 0x3a, 0xf9, 0x63, 0x5d, 0xc6, 0xdf, 0xff, 0xec, 0x5a, 0x62, 0x08, 0x62, 0x08, 0x62, 0x08, 0x62, 0x08, 0x62, 0x08,
    0x62, 0x08, 0x62, 0x08, 0x62, 0x08, 0x62, 0x08, 0x62, 0x08, 0x62, 0x08, 0x62, 0x08, 0x62, 0x08, 0x62, 0x08, 0x62, 0x08, 0x62, 0x08, 0x62, 0x08,
    0x62, 0x08, 0x62, 0x08, 0x62, 0x08, 0x62, 0x08, 0x62, 0x08, 0x62, 0x08, 0x62, 0x08, 0x62, 0x08, 0x62, 0x08, 0x62, 0x08, 0x62, 0x08, 0x62, 0x08,
    0x62, 0x08, 0x62, 0x08, 0x62, 0x08, 0x62, 0x08, 0x62, 0x08, 0x62, 0x08, 0x62, 0x08, 0x62, 0x08, 0xe4, 0x18, 0x82, 0x10, 0x62, 0x08, 0x62, 0x08,
    0x62, 0x08, 0x62, 0x08, 0x62, 0x08, 0xaf, 0x73, 0xff, 0xff, 0xff, 0xff, 0x9e, 0xf7, 0xff, 0xff, 0xff, 0xff, 0xfe, 0xd6, 0x3e, 0xdf, 0x5e, 0xe7,
    0x9d, 0xce, 0x9c, 0xa5, 0x39, 0x6c, 0x5b, 0x95, 0x5d, 0xbe, 0x7a, 0x74, 0xf7, 0x3a, 0xf7, 0x3a, 0xf7, 0x3a, 0xf7, 0x3a, 0xf7, 0x3a, 0xf7, 0x3a,
    0xf7, 0x3a, 0xb9, 0x5b, 0xbd, 0xce, 0xff, 0xff, 0x7d, 0xef, 0xeb, 0x5a, 0x62, 0x08, 0x62, 0x08, 0x62, 0x08, 0x62, 0x08, 0x62, 0x08, 0x62, 0x08,
    0x62, 0x08, 0x62, 0x08, 0x62, 0x08, 0x62, 0x08, 0x62, 0x08, 0x62, 0x08, 0x62, 0x08, 0x62, 0x08, 0x62, 0x08, 0x62, 0x08, 0x62, 0x08, 0x62, 0x08,
    0x62, 0x08, 0x62, 0x08, 0x62, 0x08, 0x62, 0x08, 0x62, 0x08, 0x62, 0x08, 0x62, 0x08, 0x62, 0x08, 0x62, 0x08, 0x62, 0x08, 0x62, 0x08, 0x62, 0x08,
    0x62, 0x08, 0x62, 0x08, 0x62, 0x08, 0x62, 0x08, 0x62, 0x08, 0x62, 0x08, 0x62, 0x08, 0x62, 0x08, 0x62, 0x08, 0x62, 0x08, 0x62, 0x08, 0x62, 0x08,
    0x62, 0x08, 0x62, 0x08, 0x62, 0x08, 0x92, 0x94, 0xdf, 0xff, 0xfb, 0x8c, 0x5e, 0xe7, 0x7b, 0x9d, 0x7d, 0xc6, 0x9f, 0xef, 0xdc, 0xad, 0x78, 0x53,
    0xf7, 0x3a, 0xf7, 0x3a, 0xf7, 0x3a, 0xf7, 0x3a, 0xf7, 0x3a, 0xf7, 0x3a, 0xf7, 0x3a, 0xf7, 0x3a, 0xf7, 0x3a, 0xf7, 0x3a, 0x17, 0x43, 0x9b, 0xa5,
    0x7f, 0xef, 0xff, 0xff, 0x5d, 0xef, 0xcb, 0x5a, 0x82, 0x10, 0x62, 0x08, 0x62, 0x08, 0x62, 0x08, 0x62, 0x08, 0x62, 0x08, 0x62, 0x08, 0x62, 0x08,
    0x62, 0x08, 0x62, 0x08, 0x62, 0x08, 0x62, 0x08, 0x62, 0x08, 0x62, 0x08, 0x62, 0x08, 0x62, 0x08, 0x62, 0x08, 0x62, 0x08, 0x62, 0x08, 0x62, 0x08,
    0x62, 0x08, 0x62, 0x08, 0x62, 0x08, 0x62, 0x08, 0x62, 0x08, 0x62, 0x08, 0x62, 0x08, 0x62, 0x08, 0x62, 0x08, 0x62, 0x08, 0x62, 0x08, 0x62, 0x08,
    0x62, 0x08, 0x62, 0x08, 0x62, 0x08, 0x62, 0x08, 0x62, 0x08, 0x62, 0x08, 0x62, 0x08, 0x62, 0x08, 0x62, 0x08, 0x62, 0x08, 0x62, 0x08, 0x62, 0x08,
    0x62, 0x08, 0x62, 0x08, 0x62, 0x08, 0x04, 0x21, 0x1c, 0xe7, 0x9f, 0xf7, 0xbf, 0xf7, 0xb9, 0x5b, 0xf7, 0x3a, 0x38, 0x43, 0xba, 0x84, 0x38, 0x43,
    0xf7, 0x3a, 0xf7, 0x3a, 0xf7, 0x3a, 0xf7, 0x3a, 0xf7, 0x3a, 0xf7, 0x3a, 0xf7, 0x3a, 0x38, 0x43, 0x7b, 0x9d, 0x7d, 0xc6, 0x5d, 0xbe, 0xff, 0xff,
    0x75, 0xad, 0xcb, 0x5a, 0xa3, 0x10, 0x62, 0x08, 0x62, 0x08, 0x62, 0x08, 0x62, 0x08, 0x62, 0x08, 0x62, 0x08, 0x62, 0x08, 0x62, 0x08, 0x62, 0x08,
    0x62, 0x08, 0x62, 0x08, 0x62, 0x08, 0x62, 0x08, 0x62, 0x08, 0x62, 0x08, 0x62, 0x08, 0x62, 0x08, 0x62, 0x08, 0x62, 0x08, 0x62, 0x08, 0x62, 0x08,
    0x62, 0x08, 0x62, 0x08, 0x62, 0x08, 0x62, 0x08, 0x62, 0x08, 0x62, 0x08, 0x62, 0x08, 0x62, 0x08, 0x62, 0x08, 0x62, 0x08, 0x62, 0x08, 0x62, 0x08,
    0x62, 0x08, 0x62, 0x08, 0x62, 0x08, 0x62, 0x08, 0x62, 0x08, 0x62, 0x08, 0x62, 0x08, 0x62, 0x08, 0x62, 0x08, 0x62, 0x08, 0x62, 0x08, 0x62, 0x08,
    0x62, 0x08, 0x62, 0x08, 0x62, 0x08, 0x62, 0x08, 0x45, 0x29, 0x72, 0x8c, 0x1c, 0xe7, 0xff, 0xff, 0xfc, 0xb5, 0x58, 0x4b, 0xf7, 0x3a, 0xf7, 0x3a,
    0xf7, 0x3a, 0xf7, 0x3a, 0x78, 0x4b, 0x39, 0x6c, 0xf9, 0x63, 0x7b, 0x9d, 0x9f, 0xef, 0xff, 0xff, 0xbe, 0xf7, 0xd7, 0xbd, 0x79, 0xce, 0xd3, 0x9c,
    0xa3, 0x10, 0x62, 0x08, 0x62, 0x08, 0x62, 0x08, 0x62, 0x08, 0x62, 0x08, 0x62, 0x08, 0x62, 0x08, 0x62, 0x08, 0x62, 0x08, 0x62, 0x08, 0x62, 0x08,
    0x62, 0x08, 0x62, 0x08, 0x62, 0x08, 0x62, 0x08, 0x62, 0x08, 0x62, 0x08, 0x62, 0x08, 0x62, 0x08, 0x62, 0x08, 0x62, 0x08, 0x62, 0x08, 0x62, 0x08,
    0x62, 0x08, 0x62, 0x08, 0x62, 0x08, 0x62, 0x08, 0x62, 0x08, 0x62, 0x08, 0x62, 0x08, 0x62, 0x08, 0x62, 0x08, 0x62, 0x08, 0x62, 0x08, 0x62, 0x08,
    0x62, 0x08, 0x62, 0x08, 0x62, 0x08, 0x62, 0x08, 0x62, 0x08, 0x62, 0x08, 0x62, 0x08, 0x62, 0x08, 0x62, 0x08, 0x62, 0x08, 0x62, 0x08, 0x62, 0x08,
    0x62, 0x08, 0x62, 0x08, 0x62, 0x08, 0x62, 0x08, 0x62, 0x08, 0x62, 0x08, 0xc3, 0x18, 0xef, 0x7b, 0xff, 0xff, 0xff, 0xff, 0xbd, 0xce, 0xfc, 0xb5,
    0x9c, 0xa5, 0x7d, 0xc6, 0xbf, 0xf7, 0xff, 0xff, 0xff, 0xff, 0xbe, 0xf7, 0xf3, 0x9c, 0x6e, 0x6b, 0x86, 0x31, 0x62, 0x08, 0x62, 0x08, 0x62, 0x08,
    0x62, 0x08, 0x62, 0x08, 0x62, 0x08, 0x62, 0x08, 0x62, 0x08, 0x62, 0x08, 0x62, 0x08, 0x62, 0x08, 0x62, 0x08, 0x62, 0x08, 0x62, 0x08, 0x62, 0x08,
    0x62, 0x08, 0x62, 0x08, 0x62, 0x08, 0x62, 0x08, 0x62, 0x08, 0x62, 0x08, 0x62, 0x08, 0x62, 0x08, 0x62, 0x08, 0x62, 0x08, 0x62, 0x08, 0x62, 0x08,
    0x62, 0x08, 0x62, 0x08, 0x62, 0x08, 0x62, 0x08, 0x62, 0x08, 0x62, 0x08, 0x62, 0x08, 0x62, 0x08, 0x62, 0x08, 0x62, 0x08, 0x62, 0x08, 0x62, 0x08,
    0x62, 0x08, 0x62, 0x08, 0x62, 0x08, 0x62, 0x08, 0x62, 0x08, 0x62, 0x08, 0x62, 0x08, 0x62, 0x08, 0x62, 0x08, 0x62, 0x08, 0x62, 0x08, 0x62, 0x08,
    0x62, 0x08, 0x62, 0x08, 0x62, 0x08, 0x62, 0x08, 0x62, 0x08, 0x62, 0x08, 0x62, 0x08, 0x62, 0x08, 0xa7, 0x31, 0xaf, 0x73, 0xba, 0xd6, 0x3d, 0xe7,
    0x5d, 0xef, 0xf7, 0xbd, 0x71, 0x8c, 0x08, 0x42, 0x69, 0x4a, 0xc3, 0x18, 0x62, 0x08, 0x62, 0x08, 0x62, 0x08, 0x62, 0x08, 0x62, 0x08, 0x62, 0x08,
    0x62, 0x08, 0x62, 0x08, 0x62, 0x08, 0x62, 0x08, 0x62, 0x08, 0x62, 0x08, 0x62, 0x08, 0x62, 0x08, 0x62, 0x08, 0x62, 0x08, 0x62, 0x08, 0x62, 0x08,
    0x62, 0x08, 0x62, 0x08, 0x62, 0x08, 0x62, 0x08, 0x62, 0x08, 0x62, 0x08, 0x62, 0x08, 0x62, 0x08, 0x62, 0x08, 0x62, 0x08, 0x62, 0x08, 0x62, 0x08,
    0x62, 0x08, 0x62, 0x08, 0x62, 0x08, 0x62, 0x08, 0x62, 0x08, 0x62, 0x08, 0x62, 0x08, 0x62, 0x08, 0x62, 0x08, 0x62, 0x08, 0x62, 0x08, 0x62, 0x08,
    0x62, 0x08, 0x62, 0x08, 0x62, 0x08, 0x62, 0x08, 0x62, 0x08, 0x62, 0x08, 0x62, 0x08, 0x62, 0x08, 0x62, 0x08, 0x62, 0x08, 0x62, 0x08, 0x62, 0x08,
    0x62, 0x08, 0x62, 0x08, 0x62, 0x08, 0x62, 0x08, 0x62, 0x08, 0x62, 0x08, 0x62, 0x08, 0x62, 0x08, 0x62, 0x08, 0x62, 0x08, 0x62, 0x08, 0x62, 0x08,
    0x62, 0x08, 0x62, 0x08, 0x62, 0x08, 0x62, 0x08, 0x62, 0x08, 0x62, 0x08, 0x62, 0x08, 0x62, 0x08, 0x62, 0x08, 0x62, 0x08, 0x62, 0x08, 0x62, 0x08,
    0x62, 0x08, 0x62, 0x08, 0x62, 0x08, 0x62, 0x08, 0x62, 0x08, 0x62, 0x08, 0x62, 0x08, 0x62, 0x08, 0x62, 0x08, 0x62, 0x08, 0x62, 0x08, 0x62, 0x08,
    0x62, 0x08, 0x62, 0x08, 0x62, 0x08, 0x62, 0x08, 0x62, 0x08, 0x62, 0x08, 0x62, 0x08, 0x62, 0x08, 0x62, 0x08, 0x62, 0x08, 0x62, 0x08, 0x62, 0x08,
    0x62, 0x08, 0x62, 0x08, 0x62, 0x08, 0x62, 0x08, 0x62, 0x08, 0x62, 0x08, 0x62, 0x08, 0x62, 0x08, 0x62, 0x08, 0x62, 0x08, 0x62, 0x08, 0x62, 0x08,
    0x62, 0x08, 0x62, 0x08, 0x62, 0x08, 0x62, 0x08, 0x62, 0x08, 0x62, 0x08, 0x62, 0x08, 0x62, 0x08, 0x62, 0x08, 0x62, 0x08, 0x62, 0x08, 0x62, 0x08,
    0x62, 0x08, 0x62, 0x08, 0x62, 0x08, 0x62, 0x08, 0x62, 0x08, 0x62, 0x08, 0x62, 0x08, 0x62, 0x08, 0x62, 0x08, 0x62, 0x08, 0x62, 0x08, 0x62, 0x08,
    0x62, 0x08, 0x62, 0x08, 0x62, 0x08, 0x62, 0x08, 0x62, 0x08, 0x62, 0x08, 0x62, 0x08, 0x62, 0x08, 0x62, 0x08, 0x62, 0x08, 0x62, 0x08, 0x62, 0x08,
    0x62, 0x08, 0x62, 0x08, 0x62, 0x08, 0x62, 0x08, 0x62, 0x08, 0x62, 0x08, 0x62, 0x08, 0x62, 0x08, 0x62, 0x08, 0x62, 0x08, 0x62, 0x08, 0x62, 0x08,
    0x62, 0x08, 0x62, 0x08, 0x62, 0x08, 0x62, 0x08, 0x62, 0x08, 0x62, 0x08, 0x62, 0x08, 0x62, 0x08, 0x62, 0x08, 0x62, 0x08, 0x62, 0x08, 0x62, 0x08,
    0x62, 0x08, 0x62, 0x08, 0x62, 0x08, 0x62, 0x08, 0x62, 0x08, 0x62, 0x08, 0x62, 0x08, 0x62, 0x08, 0x62, 0x08, 0x62, 0x08, 0x62, 0x08, 0x62, 0x08,
    0x62, 0x08, 0x62, 0x08, 0x62, 0x08, 0x62, 0x08, 0x62, 0x08, 0x62, 0x08, 0x62, 0x08, 0x62, 0x08, 0x62, 0x08, 0x62, 0x08, 0x62, 0x08, 0x62, 0x08,
    0x62, 0x08, 0x62, 0x08, 0x62, 0x08, 0x62, 0x08, 0x62, 0x08, 0x62, 0x08, 0x62, 0x08, 0x62, 0x08, 0x62, 0x08, 0x62, 0x08, 0x62, 0x08, 0x62, 0x08,
    0x62, 0x08, 0x62, 0x08, 0x62, 0x08, 0x62, 0x08, 0x62, 0x08, 0x62, 0x08, 0x62, 0x08, 0x62, 0x08, 0x62, 0x08, 0x62, 0x08, 0x62, 0x08, 0x62, 0x08,
    0x62, 0x08, 0x62, 0x08, 0x62, 0x08, 0x62, 0x08, 0x62, 0x08, 0x62, 0x08, 0x62, 0x08, 0x62, 0x08, 0x62, 0x08, 0x62, 0x08, 0x62, 0x08, 0x62, 0x08,
    0x62, 0x08, 0x62, 0x08, 0x62, 0x08, 0x62, 0x08, 0x62, 0x08, 0x62, 0x08, 0x62, 0x08, 0x62, 0x08, 0x62, 0x08, 0x62, 0x08, 0x62, 0x08, 0x62, 0x08,
    0x62, 0x08, 0x62, 0x08, 0x62, 0x08, 0x62, 0x08, 0x62, 0x08, 0x62, 0x08, 0x62, 0x08, 0x62, 0x08, 0x62, 0x08, 0x62, 0x08, 0x62, 0x08, 0x62, 0x08,
    0x62, 0x08, 0x62, 0x08, 0x62, 0x08, 0x62, 0x08, 0x62, 0x08, 0x62, 0x08, 0x62, 0x08, 0x62, 0x08, 0x62, 0x08, 0x62, 0x08, 0x62, 0x08, 0x62, 0x08,
    0x62, 0x08, 0x62, 0x08, 0x62, 0x08, 0x62, 0x08, 0x62, 0x08, 0x62, 0x08, 0x62, 0x08, 0x62, 0x08, 0x62, 0x08, 0x62, 0x08, 0x62, 0x08, 0x62, 0x08,
    0x62, 0x08, 0x62, 0x08, 0x62, 0x08, 0x62, 0x08, 0x62, 0x08, 0x62, 0x08, 0x62, 0x08, 0x62, 0x08, 0x62, 0x08, 0x62, 0x08, 0x62, 0x08, 0x62, 0x08,
    0x62, 0x08, 0x62, 0x08, 0x62, 0x08, 0x62, 0x08, 0x62, 0x08, 0x62, 0x08, 0x62, 0x08, 0x62, 0x08, 0x62, 0x08, 0x62, 0x08, 0x62, 0x08, 0x62, 0x08,
    0x62, 0x08, 0x62, 0x08, 0x62, 0x08, 0x62, 0x08, 0x62, 0x08, 0x62, 0x08, 0x62, 0x08, 0x62, 0x08, 0x62, 0x08, 0x62, 0x08, 0x62, 0x08, 0x62, 0x08,
    0x62, 0x08, 0x62, 0x08, 0x62, 0x08, 0x62, 0x08, 0x62, 0x08, 0x62, 0x08, 0x62, 0x08, 0x62, 0x08, 0x62, 0x08, 0x62, 0x08, 0x62, 0x08, 0x62, 0x08,
    0x62, 0x08, 0x62, 0x08, 0x62, 0x08, 0x62, 0x08, 0x62, 0x08, 0x62, 0x08, 0x62, 0x08, 0x62, 0x08, 0x62, 0x08, 0x62, 0x08, 0x62, 0x08, 0x62, 0x08,
    0x62, 0x08, 0x62, 0x08, 0x62, 0x08, 0x62, 0x08, 0x62, 0x08, 0x62, 0x08, 0x62, 0x08, 0x62, 0x08, 0x62, 0x08, 0x62, 0x08, 0x62, 0x08, 0x62, 0x08,
    0x62, 0x08, 0x62, 0x08, 0x62, 0x08, 0x62, 0x08, 0x62, 0x08, 0x62, 0x08, 0x62, 0x08, 0x62, 0x08, 0x62, 0x08, 0x62, 0x08, 0x62, 0x08, 0x62, 0x08,
    0x62, 0x08, 0x62, 0x08, 0x62, 0x08, 0x62, 0x08, 0x62, 0x08, 0x62, 0x08, 0x62, 0x08, 0x62, 0x08, 0x62, 0x08, 0x62, 0x08, 0x62, 0x08, 0x62, 0x08,
    0x62, 0x08, 0x62, 0x08, 0x62, 0x08, 0x62, 0x08, 0x62, 0x08, 0x62, 0x08, 0x62, 0x08, 0x62, 0x08, 0x62, 0x08, 0x62, 0x08, 0x62, 0x08, 0x62, 0x08,
    0x62, 0x08, 0x62, 0x08, 0x62, 0x08, 0x62, 0x08, 0x62, 0x08, 0x62, 0x08, 0x62, 0x08, 0x62, 0x08, 0x62, 0x08, 0x62, 0x08, 0x62, 0x08, 0x62, 0x08,
    0x62, 0x08, 0x62, 0x08, 0x62, 0x08, 0x62, 0x08, 0x62, 0x08, 0x62, 0x08, 0x62, 0x08, 0x62, 0x08, 0x62, 0x08, 0x62, 0x08, 0x62, 0x08, 0x62, 0x08,
    0x62, 0x08, 0x62, 0x08, 0x62, 0x08, 0x62, 0x08, 0x62, 0x08, 0x62, 0x08, 0x62, 0x08, 0x62, 0x08, 0x62, 0x08, 0x62, 0x08, 0x62, 0x08, 0x62, 0x08,
    0x62, 0x08, 0x62, 0x08, 0x62, 0x08, 0x62, 0x08, 0x62, 0x08, 0x62, 0x08, 0x62, 0x08, 0x62, 0x08, 0x62, 0x08, 0x62, 0x08, 0x62, 0x08, 0x62, 0x08,
    0x62, 0x08, 0x62, 0x08, 0x62, 0x08, 0x62, 0x08, 0x62, 0x08, 0x62, 0x08, 0x62, 0x08, 0x62, 0x08, 0x62, 0x08, 0x62, 0x08, 0x62, 0x08, 0x62, 0x08,
    0x62, 0x08, 0x62, 0x08, 0x62, 0x08, 0x62, 0x08, 0x62, 0x08, 0x62, 0x08, 0x62, 0x08, 0x62, 0x08, 0x62, 0x08, 0x62, 0x08, 0x62, 0x08, 0x62, 0x08,
    0x62, 0x08, 0x62, 0x08, 0x62, 0x08, 0x62, 0x08, 0x62, 0x08, 0x62, 0x08, 0x62, 0x08, 0x62, 0x08, 0x62, 0x08, 0x62, 0x08, 0x62, 0x08, 0x62, 0x08,
    0x62, 0x08, 0x62, 0x08, 0x62, 0x08, 0x62, 0x08, 0x62, 0x08, 0x62, 0x08, 0x62, 0x08, 0x62, 0x08, 0x62, 0x08, 0x62, 0x08, 0x62, 0x08, 0x62, 0x08,
    0x62, 0x08, 0x62, 0x08, 0x62, 0x08, 0x62, 0x08, 0x62, 0x08, 0x62, 0x08, 0x62, 0x08, 0x62, 0x08, 0x62, 0x08, 0x62, 0x08, 0x62, 0x08, 0x62, 0x08,
    0x62, 0x08, 0x62, 0x08, 0x62, 0x08, 0x62, 0x08, 0x62, 0x08, 0x62, 0x08, 0x62, 0x08, 0x62, 0x08, 0x62, 0x08, 0x31, 0x84, 0xbe, 0xf7, 0x18, 0xc6,
    0x04, 0x21, 0x62, 0x08, 0x62, 0x08, 0x62, 0x08, 0x62, 0x08, 0x62, 0x08, 0x62, 0x08, 0x62, 0x08, 0x62, 0x08, 0x62, 0x08, 0x62, 0x08, 0x62, 0x08,
    0x62, 0x08, 0x62, 0x08, 0x62, 0x08, 0x62, 0x08, 0x62, 0x08, 0x62, 0x08, 0x62, 0x08, 0x62, 0x08, 0x62, 0x08, 0x62, 0x08, 0x62, 0x08, 0x62, 0x08,
    0x62, 0x08, 0x62, 0x08, 0x62, 0x08, 0x62, 0x08, 0x62, 0x08, 0x62, 0x08, 0x62, 0x08, 0x62, 0x08, 0x62, 0x08, 0x62, 0x08, 0x62, 0x08, 0x62, 0x08,
    0x62, 0x08, 0x62, 0x08, 0x62, 0x08, 0x62, 0x08, 0x62, 0x08, 0x62, 0x08, 0x62, 0x08, 0x62, 0x08, 0x62, 0x08, 0x62, 0x08, 0x62, 0x08, 0x62, 0x08,
    0x62, 0x08, 0x62, 0x08, 0x62, 0x08, 0x62, 0x08, 0x62, 0x08, 0x62, 0x08, 0x62, 0x08, 0x62, 0x08, 0x62, 0x08, 0x62, 0x08, 0x62, 0x08, 0x62, 0x08,
    0x62, 0x08, 0xc3, 0x18, 0x82, 0x10, 0x62, 0x08, 0x62, 0x08, 0x62, 0x08, 0x62, 0x08, 0x62, 0x08, 0x08, 0x42, 0xff, 0xff, 0x34, 0xa5, 0x9e, 0xf7,
    0x38, 0xc6, 0x45, 0x29, 0x62, 0x08, 0x62, 0x08, 0x62, 0x08, 0x62, 0x08, 0x62, 0x08, 0x62, 0x08, 0x62, 0x08, 0x62, 0x08, 0x62, 0x08, 0x62, 0x08,
    0x62, 0x08, 0x62, 0x08, 0x62, 0x08, 0x62, 0x08, 0x62, 0x08, 0x62, 0x08, 0x62, 0x08, 0x62, 0x08, 0x62, 0x08, 0x62, 0x08, 0x62, 0x08, 0x62, 0x08,
    0x62, 0x08, 0x62, 0x08, 0x62, 0x08, 0x62, 0x08, 0x62, 0x08, 0x62, 0x08, 0x62, 0x08, 0x62, 0x08, 0x62, 0x08, 0x62, 0x08, 0x62, 0x08, 0x62, 0x08,
    0x62, 0x08, 0x62, 0x08, 0x62, 0x08, 0x62, 0x08, 0x62, 0x08, 0x62, 0x08, 0x62, 0x08, 0x62, 0x08, 0x62, 0x08, 0x62, 0x08, 0x62, 0x08, 0x62, 0x08,
    0x62, 0x08, 0x62, 0x08, 0x62, 0x08, 0x62, 0x08, 0x62, 0x08, 0x62, 0x08, 0x62, 0x08, 0x62, 0x08, 0x62, 0x08, 0x62, 0x08, 0x62, 0x08, 0x62, 0x08,
    0x55, 0xad, 0xff, 0xff, 0x3d, 0xe7, 0x86, 0x31, 0x62, 0x08, 0x62, 0x08, 0x62, 0x08, 0x62, 0x08, 0xcb, 0x5a, 0xff, 0xff, 0x82, 0x10, 0xd3, 0x9c,
    0x3c, 0xe7, 0xfb, 0xde, 0x04, 0x21, 0x62, 0x08, 0x62, 0x08, 0x62, 0x08, 0x62, 0x08, 0x62, 0x08, 0x62, 0x08, 0x62, 0x08, 0x62, 0x08, 0x62, 0x08,
    0x62, 0x08, 0x62, 0x08, 0x62, 0x08, 0x62, 0x08, 0x62, 0x08, 0x62, 0x08, 0x62, 0x08, 0x62, 0x08, 0x62, 0x08, 0x62, 0x08, 0x62, 0x08, 0x62, 0x08,
    0x62, 0x08, 0x62, 0x08, 0x62, 0x08, 0x62, 0x08, 0x62, 0x08, 0x62, 0x08, 0x62, 0x08, 0x62, 0x08, 0x62, 0x08, 0x62, 0x08, 0x62, 0x08, 0x62, 0x08,
    0x62, 0x08, 0x62, 0x08, 0x62, 0x08, 0x62, 0x08, 0x62, 0x08, 0x62, 0x08, 0x62, 0x08, 0x62, 0x08, 0x62, 0x08, 0x62, 0x08, 0x62, 0x08, 0x62, 0x08,
    0x62, 0x08, 0x62, 0x08, 0x62, 0x08, 0x62, 0x08, 0x62, 0x08, 0x62, 0x08, 0x62, 0x08, 0x62, 0x08, 0x62, 0x08, 0x62, 0x08, 0x62, 0x08, 0xec, 0x5a,
    0xff, 0xff, 0x8e, 0x73, 0x1c, 0xe7, 0x34, 0xa5, 0xcb, 0x5a, 0x76, 0xad, 0x35, 0xa5, 0x8a, 0x52, 0x2d, 0x63, 0xff, 0xff, 0x20, 0x00, 0x79, 0xce,
    0xe7, 0x39, 0x5d, 0xef, 0x38, 0xc6, 0xc4, 0x18, 0x62, 0x08, 0x62, 0x08, 0x62, 0x08, 0x62, 0x08, 0x62, 0x08, 0x62, 0x08, 0x62, 0x08, 0x62, 0x08,
    0x62, 0x08, 0x62, 0x08, 0x62, 0x08, 0x62, 0x08, 0x62, 0x08, 0x62, 0x08, 0x62, 0x08, 0x62, 0x08, 0x62, 0x08, 0x62, 0x08, 0x62, 0x08, 0x62, 0x08,
    0x62, 0x08, 0x62, 0x08, 0x62, 0x08, 0x62, 0x08, 0x62, 0x08, 0x62, 0x08, 0x62, 0x08, 0x62, 0x08, 0x62, 0x08, 0x62, 0x08, 0x62, 0x08, 0x62, 0x08,
    0x62, 0x08, 0x62, 0x08, 0x62, 0x08, 0x62, 0x08, 0x62, 0x08, 0x62, 0x08, 0x62, 0x08, 0x62, 0x08, 0x62, 0x08, 0x62, 0x08, 0x62, 0x08, 0x62, 0x08,
    0x62, 0x08, 0x62, 0x08, 0x62, 0x08, 0x62, 0x08, 0x62, 0x08, 0x62, 0x08, 0x62, 0x08, 0x62, 0x08, 0x62, 0x08, 0x62, 0x08, 0x62, 0x08, 0x55, 0xad,
    0x59, 0xce, 0x00, 0x00, 0x59, 0xce, 0xff, 0xff, 0xff, 0xff, 0xba, 0xf6, 0x79, 0xf6, 0x9e, 0xff, 0xdf, 0xff, 0xbe, 0xf7, 0x00, 0x00, 0x9e, 0xf7,
    0xef, 0x7b, 0xe7, 0x39, 0xdf, 0xff, 0xba, 0xd6, 0xc3, 0x18, 0x62, 0x08, 0x62, 0x08, 0x62, 0x08, 0x62, 0x08, 0x62, 0x08, 0x62, 0x08, 0x62, 0x08,
    0x62, 0x08, 0x62, 0x08, 0x62, 0x08, 0x62, 0x08, 0x62, 0x08, 0x62, 0x08, 0x62, 0x08, 0x62, 0x08, 0x62, 0x08, 0x62, 0x08, 0x62, 0x08, 0x62, 0x08,
    0x62, 0x08, 0x62, 0x08, 0x62, 0x08, 0x62, 0x08, 0x62, 0x08, 0x62, 0x08, 0x62, 0x08, 0x62, 0x08, 0x62, 0x08, 0x62, 0x08, 0x62, 0x08, 0x62, 0x08,
    0x62, 0x08, 0x62, 0x08, 0x62, 0x08, 0x62, 0x08, 0x62, 0x08, 0x62, 0x08, 0x62, 0x08, 0x62, 0x08, 0x62, 0x08, 0x62, 0x08, 0x62, 0x08, 0x62, 0x08,
    0x62, 0x08, 0x62, 0x08, 0x62, 0x08, 0x62, 0x08, 0x62, 0x08, 0x62, 0x08, 0x62, 0x08, 0x62, 0x08, 0xc4, 0x18, 0xc7, 0x39, 0x6a, 0x4a, 0xba, 0xd6,
    0x34, 0xa5, 0x82, 0x10, 0x5d, 0xef, 0x71, 0x8c, 0xdf, 0xff, 0x3c, 0xff, 0x92, 0xe4, 0x14, 0xed, 0x7d, 0xff, 0x5d, 0xef, 0x00, 0x00, 0xdb, 0xde,
    0xe7, 0x39, 0x00, 0x00, 0xc7, 0x39, 0xff, 0xff, 0x2d, 0x63, 0x62, 0x08, 0x62, 0x08, 0x62, 0x08, 0x62, 0x08, 0x62, 0x08, 0x62, 0x08, 0x62, 0x08,
    0x62, 0x08, 0x62, 0x08, 0x62, 0x08, 0x62, 0x08, 0x62, 0x08, 0x62, 0x08, 0x62, 0x08, 0x62, 0x08, 0x62, 0x08, 0x62, 0x08, 0x62, 0x08, 0x62, 0x08,
    0x62, 0x08, 0x62, 0x08, 0x62, 0x08, 0x62, 0x08, 0x62, 0x08, 0x62, 0x08, 0x62, 0x08, 0x62, 0x08, 0x62, 0x08, 0x62, 0x08, 0x62, 0x08, 0x62, 0x08,
    0x62, 0x08, 0x62, 0x08, 0x62, 0x08, 0x62, 0x08, 0x62, 0x08, 0x62, 0x08, 0x62, 0x08, 0x62, 0x08, 0x62, 0x08, 0x62, 0x08, 0x62, 0x08, 0x62, 0x08,
    0x62, 0x08, 0x62, 0x08, 0x62, 0x08, 0x62, 0x08, 0xa7, 0x31, 0xcf, 0x7b, 0xd7, 0xbd, 0x1c, 0xe7, 0xff, 0xff, 0xff, 0xff, 0xff, 0xff, 0xff, 0xff,
    0x71, 0x8c, 0xa6, 0x31, 0x79, 0xce, 0x00, 0x00, 0x34, 0xa5, 0xff, 0xff, 0xff, 0xff, 0x7d, 0xef, 0x7d, 0xef, 0x96, 0xb5, 0x00, 0x00, 0x20, 0x00,
    0x00, 0x00, 0x41, 0x08, 0xcb, 0x5a, 0xbe, 0xf7, 0xd3, 0x9c, 0x62, 0x08, 0x62, 0x08, 0x62, 0x08, 0x62, 0x08, 0x62, 0x08, 0x62, 0x08, 0x62, 0x08,
    0x62, 0x08, 0x62, 0x08, 0x62, 0x08, 0x62, 0x08, 0x62, 0x08, 0x62, 0x08, 0x62, 0x08, 0x62, 0x08, 0x62, 0x08, 0x62, 0x08, 0x62, 0x08, 0x62, 0x08,
    0x62, 0x08, 0x62, 0x08, 0x62, 0x08, 0x62, 0x08, 0x62, 0x08, 0x62, 0x08, 0x62, 0x08, 0x62, 0x08, 0x62, 0x08, 0x62, 0x08, 0x62, 0x08, 0x62, 0x08,
    0x62, 0x08, 0x62, 0x08, 0xc4, 0x18, 0x83, 0x10, 0x62, 0x08, 0x62, 0x08, 0x62, 0x08, 0x62, 0x08, 0x62, 0x08, 0x62, 0x08, 0x62, 0x08, 0xa7, 0x31,
    0xc7, 0x39, 0x25, 0x21, 0x10, 0x84, 0x1c, 0xe7, 0xff, 0xff, 0xff, 0xff, 0xff, 0xff, 0xff, 0xff, 0xff, 0xff, 0xff, 0xff, 0xd7, 0xbd, 0xcf, 0x7b,
    0xc7, 0x39, 0x82, 0x10, 0x20, 0x00, 0x65, 0x29, 0xff, 0xff, 0x8e, 0x73, 0x24, 0x21, 0xc7, 0x39, 0x45, 0x29, 0x00, 0x00, 0x00, 0x00, 0x00, 0x00,
    0x61, 0x08, 0x71, 0x8c, 0xff, 0xff, 0x5d, 0xff, 0xfb, 0xde, 0x0c, 0x63, 0x82, 0x10, 0x62, 0x08, 0x62, 0x08, 0x62, 0x08, 0x62, 0x08, 0x62, 0x08,
    0x62, 0x08, 0x62, 0x08, 0x62, 0x08, 0x62, 0x08, 0x62, 0x08, 0x62, 0x08, 0x62, 0x08, 0x62, 0x08, 0x62, 0x08, 0x62, 0x08, 0x62, 0x08, 0x62, 0x08,
    0x62, 0x08, 0x62, 0x08, 0x62, 0x08, 0x62, 0x08, 0x62, 0x08, 0x62, 0x08, 0x62, 0x08, 0x62, 0x08, 0x62, 0x08, 0x62, 0x08, 0x62, 0x08, 0x62, 0x08,
    0x62, 0x08, 0x92, 0x94, 0xf7, 0xbd, 0x38, 0xc6, 0x0c, 0x63, 0x62, 0x08, 0x82, 0x10, 0x62, 0x08, 0x62, 0x08, 0x82, 0x10, 0x83, 0x10, 0x9a, 0xd6,
    0x9a, 0xd6, 0xdf, 0xff, 0xff, 0xff, 0xff, 0xff, 0xff, 0xff, 0xff, 0xff, 0xff, 0xff, 0xff, 0xff, 0xaa, 0x52, 0xa2, 0x10, 0x00, 0x00, 0x00, 0x00,
    0x00, 0x00, 0x00, 0x00, 0x00, 0x00, 0x8e, 0x73, 0xff, 0xff, 0x45, 0x29, 0x00, 0x00, 0x00, 0x00, 0x00, 0x00, 0x00, 0x00, 0x00, 0x00, 0x49, 0x4a,
    0x59, 0xce, 0xff, 0xff, 0x5d, 0xff, 0xeb, 0xda, 0x8e, 0xe3, 0x18, 0xf6, 0xba, 0xd6, 0x04, 0x21, 0x62, 0x08, 0xa7, 0x31, 0x59, 0xce, 0xe8, 0x39,
    0x62, 0x08, 0x62, 0x08, 0x62, 0x08, 0x62, 0x08, 0x62, 0x08, 0x62, 0x08, 0x62, 0x08, 0x62, 0x08, 0x62, 0x08, 0x62, 0x08, 0x62, 0x08, 0x62, 0x08,
    0x62, 0x08, 0x62, 0x08, 0x62, 0x08, 0x62, 0x08, 0x62, 0x08, 0x62, 0x08, 0x62, 0x08, 0x62, 0x08, 0x62, 0x08, 0x62, 0x08, 0x62, 0x08, 0x62, 0x08,
    0x86, 0x31, 0x55, 0xad, 0x51, 0x8c, 0xef, 0x7b, 0x1c, 0xe7, 0x59, 0xce, 0xf7, 0xbd, 0xf3, 0x9c, 0xb6, 0xb5, 0xf7, 0xbd, 0xfb, 0xde, 0x96, 0xb5,
    0x55, 0xad, 0x1c, 0xe7, 0x5d, 0xef, 0xff, 0xff, 0xff, 0xff, 0xff, 0xff, 0xff, 0xff, 0xff, 0xff, 0x86, 0x31, 0x00, 0x00, 0x00, 0x00, 0x00, 0x00,
    0x00, 0x00, 0x00, 0x00, 0x41, 0x08, 0xba, 0xd6, 0xff, 0xff, 0x86, 0x31, 0x00, 0x00, 0x00, 0x00, 0x00, 0x00, 0x20, 0x00, 0x00, 0x00, 0xba, 0xd6,
    0xff, 0xff, 0xbe, 0xff, 0x51, 0xe4, 0xd7, 0xf5, 0xcb, 0xda, 0xae, 0xe3, 0xae, 0xe3, 0x18, 0xc6, 0x83, 0x10, 0x2d, 0x63, 0xba, 0xf6, 0x7a, 0xce,
    0x62, 0x08, 0x62, 0x08, 0x62, 0x08, 0x62, 0x08, 0x62, 0x08, 0x62, 0x08, 0x62, 0x08, 0x62, 0x08, 0x62, 0x08, 0x62, 0x08, 0x62, 0x08, 0x62, 0x08,
    0x62, 0x08, 0x62, 0x08, 0x62, 0x08, 0x62, 0x08, 0x62, 0x08, 0x62, 0x08, 0x62, 0x08, 0x62, 0x08, 0x62, 0x08, 0x62, 0x08, 0x62, 0x08, 0x62, 0x08,
    0xab, 0x52, 0x8e, 0x73, 0xba, 0xd6, 0x55, 0xad, 0x1c, 0xe7, 0x0c, 0x63, 0x14, 0xa5, 0x92, 0x94, 0xae, 0x73, 0xf7, 0xbd, 0xeb, 0x5a, 0x96, 0xb5,
    0xef, 0x7b, 0x8e, 0x73, 0xff, 0xff, 0xff, 0xff, 0xff, 0xff, 0xff, 0xff, 0xff, 0xff, 0xff, 0xff, 0xc3, 0x18, 0x00, 0x00, 0x00, 0x00, 0x00, 0x00,
    0x00, 0x00, 0x41, 0x08, 0x79, 0xce, 0xff, 0xff, 0xff, 0xff, 0xae, 0x73, 0x00, 0x00, 0xe3, 0x18, 0x71, 0x8c, 0xd3, 0x9c, 0x00, 0x00, 0x18, 0xc6,
    0xba, 0xd6, 0xdb, 0xde, 0xbe, 0xff, 0x71, 0xe4, 0xef, 0xe3, 0x8a, 0xda, 0x82, 0xc8, 0x1c, 0xff, 0x3c, 0xe7, 0x9a, 0xd6, 0x59, 0xf6, 0xba, 0xf6,
    0x4d, 0x6b, 0x62, 0x08, 0x62, 0x08, 0x62, 0x08, 0x62, 0x08, 0x62, 0x08, 0x62, 0x08, 0x62, 0x08, 0x62, 0x08, 0x62, 0x08, 0x62, 0x08, 0x62, 0x08,
    0x62, 0x08, 0x62, 0x08, 0x62, 0x08, 0x62, 0x08, 0x62, 0x08, 0x62, 0x08, 0x62, 0x08, 0x62, 0x08, 0x62, 0x08, 0x62, 0x08, 0x62, 0x08, 0x62, 0x08,
    0x49, 0x4a, 0xef, 0x7b, 0x9a, 0xd6, 0x10, 0x84, 0x75, 0xad, 0x28, 0x42, 0xd3, 0x9c, 0xd7, 0xbd, 0x69, 0x4a, 0xd3, 0x9c, 0xb2, 0x94, 0x96, 0xb5,
    0xcb, 0x5a, 0x4d, 0x6b, 0xff, 0xff, 0xff, 0xff, 0xff, 0xff, 0xff, 0xff, 0xff, 0xff, 0x1c, 0xe7, 0x00, 0x00, 0x00, 0x00, 0x00, 0x00, 0x00, 0x00,
    0x00, 0x00, 0x45, 0x29, 0xff, 0xff, 0xff, 0xff, 0xff, 0xff, 0xdf, 0xff, 0xfb, 0xde, 0xbe, 0xf7, 0xff, 0xff, 0x14, 0xa5, 0x41, 0x08, 0xc3, 0x18,
    0x00, 0x00, 0x82, 0x10, 0x55, 0xad, 0x9e, 0xff, 0xe3, 0xc8, 0x20, 0xc8, 0x20, 0xc8, 0x6d, 0xdb, 0x1c, 0xff, 0x7d, 0xff, 0xdb, 0xf6, 0xcb, 0xda,
    0xbe, 0xf7, 0xc7, 0x39, 0x62, 0x08, 0x62, 0x08, 0x62, 0x08, 0x62, 0x08, 0x62, 0x08, 0x62, 0x08, 0x62, 0x08, 0x62, 0x08, 0x62, 0x08, 0x62, 0x08,
    0x62, 0x08, 0x62, 0x08, 0x62, 0x08, 0x62, 0x08, 0x62, 0x08, 0x62, 0x08, 0x62, 0x08, 0x62, 0x08, 0x62, 0x08, 0x62, 0x08, 0x62, 0x08, 0x62, 0x08,
    0xa3, 0x10, 0x59, 0xce, 0x0c, 0x63, 0xae, 0x73, 0xba, 0xd6, 0x10, 0x84, 0xae, 0x73, 0x59, 0xce, 0xd7, 0xbd, 0x8e, 0x73, 0xb2, 0x94, 0x38, 0xc6,
    0x18, 0xc6, 0x34, 0xa5, 0x79, 0xce, 0xff, 0xff, 0xff, 0xff, 0xff, 0xff, 0xff, 0xff, 0x3c, 0xe7, 0x00, 0x00, 0x00, 0x00, 0x00, 0x00, 0x41, 0x08,
    0xaa, 0x52, 0x04, 0x21, 0xff, 0xff, 0xff, 0xff, 0x3c, 0xe7, 0xdb, 0xde, 0x55, 0xad, 0x75, 0xad, 0x55, 0xad, 0x2c, 0x63, 0xa2, 0x10, 0x00, 0x00,
    0x00, 0x00, 0x00, 0x00, 0x45, 0x29, 0xff, 0xff, 0xeb, 0xda, 0x00, 0xc0, 0x00, 0xc0, 0x00, 0xc0, 0x41, 0xc8, 0x61, 0xc8, 0x34, 0xed, 0xae, 0xe3,
    0xcb, 0xda, 0x9a, 0xd6, 0x62, 0x08, 0x62, 0x08, 0x62, 0x08, 0x62, 0x08, 0x62, 0x08, 0x62, 0x08, 0x62, 0x08, 0x62, 0x08, 0x62, 0x08, 0x62, 0x08,
    0x62, 0x08, 0x62, 0x08, 0x62, 0x08, 0x62, 0x08, 0x62, 0x08, 0x62, 0x08, 0x62, 0x08, 0x62, 0x08, 0x62, 0x08, 0x62, 0x08, 0x62, 0x08, 0x62, 0x08,
    0x62, 0x08, 0xe8, 0x39, 0xfb, 0xde, 0x59, 0xce, 0x6e, 0x6b, 0xdb, 0xde, 0xff, 0xff, 0xff, 0xff, 0xff, 0xff, 0xff, 0xff, 0xff, 0xff, 0xff, 0xff,
    0xff, 0xff, 0xff, 0xff, 0xff, 0xff, 0xff, 0xff, 0xff, 0xff, 0xff, 0xff, 0xff, 0xff, 0xff, 0xff, 0xd3, 0x9c, 0x08, 0x42, 0xaa, 0x52, 0xba, 0xd6,
    0x55, 0xad, 0x82, 0x10, 0xff, 0xff, 0x3c, 0xe7, 0xcf, 0x7b, 0x71, 0x8c, 0x00, 0x00, 0x20, 0x00, 0x00, 0x00, 0x00, 0x00, 0x00, 0x00, 0x00, 0x00,
    0x00, 0x00, 0x00, 0x00, 0x00, 0x00, 0x79, 0xce, 0xf3, 0xec, 0x00, 0xc0, 0x00, 0xc0, 0x00, 0xc0, 0x00, 0xc0, 0x00, 0xc0, 0x96, 0xed, 0x34, 0xed,
    0xa6, 0xd1, 0xb6, 0xed, 0x08, 0x42, 0x62, 0x08, 0x62, 0x08, 0x62, 0x08, 0x62, 0x08, 0x62, 0x08, 0x62, 0x08, 0x62, 0x08, 0x62, 0x08, 0x62, 0x08,
    0x62, 0x08, 0x62, 0x08, 0x62, 0x08, 0x62, 0x08, 0x62, 0x08, 0x62, 0x08, 0xa7, 0x31, 0x82, 0x10, 0x62, 0x08, 0x62, 0x08, 0x62, 0x08, 0x62, 0x08,
    0xa3, 0x10, 0x79, 0xce, 0x8e, 0x73, 0xef, 0x7b, 0x3c, 0xe7, 0xff, 0xff, 0xff, 0xff, 0xff, 0xff, 0xff, 0xff, 0x71, 0x8c, 0x3c, 0xe7, 0xff, 0xff,
    0x9a, 0xd6, 0xff, 0xff, 0xff, 0xff, 0xff, 0xff, 0xff, 0xff, 0xff, 0xff, 0xff, 0xff, 0xff, 0xff, 0xff, 0xff, 0xff, 0xff, 0xff, 0xff, 0xff, 0xff,
    0xd7, 0xbd, 0x00, 0x00, 0xf3, 0x9c, 0xc7, 0x39, 0x9e, 0xf7, 0x7d, 0xef, 0x82, 0x10, 0x00, 0x00, 0x00, 0x00, 0x86, 0x31, 0xef, 0x7b, 0x00, 0x00,
    0x00, 0x00, 0x00, 0x00, 0x61, 0x08, 0x9a, 0xd6, 0x14, 0xed, 0x00, 0xc0, 0x00, 0xc0, 0x00, 0xc0, 0x00, 0xc0, 0x00, 0xc0, 0xae, 0xe3, 0xf7, 0xf5,
    0x24, 0xd1, 0x10, 0xe4, 0xd3, 0x9c, 0x62, 0x08, 0x62, 0x08, 0x62, 0x08, 0x62, 0x08, 0x62, 0x08, 0x62, 0x08, 0x62, 0x08, 0x62, 0x08, 0x62, 0x08,
    0x62, 0x08, 0x62, 0x08, 0x62, 0x08, 0x62, 0x08, 0x45, 0x29, 0x59, 0xce, 0xff, 0xff, 0xcf, 0x7b, 0x62, 0x08, 0x62, 0x08, 0x62, 0x08, 0x62, 0x08,
    0xd3, 0x9c, 0x71, 0x8c, 0xb6, 0xb5, 0x3c, 0xe7, 0xdf, 0xff, 0xb2, 0x94, 0xef, 0x7b, 0x9e, 0xf7, 0xd7, 0xbd, 0xef, 0x7b, 0xbe, 0xf7, 0xff, 0xff,
    0x9a, 0xd6, 0xff, 0xff, 0xff, 0xff, 0xff, 0xff, 0xff, 0xff, 0xff, 0xff, 0xff, 0xff, 0xff, 0xff, 0xff, 0xff, 0xff, 0xff, 0xff, 0xff, 0xff, 0xff,
    0x18, 0xc6, 0x00, 0x00, 0x00, 0x00, 0xeb, 0x5a, 0xff, 0xff, 0xff, 0xff, 0x92, 0x94, 0x00, 0x00, 0x8a, 0x52, 0xdb, 0xde, 0x04, 0x21, 0x00, 0x00,
    0x00, 0x00, 0x69, 0x4a, 0x5d, 0xef, 0xbe, 0xff, 0xe7, 0xd1, 0x00, 0xc0, 0x00, 0xc0, 0x00, 0xc0, 0x00, 0xc0, 0x00, 0xc0, 0xe3, 0xc8, 0x79, 0xf6,
    0x00, 0xc0, 0x45, 0xd1, 0xdf, 0xff, 0x8e, 0x73, 0x62, 0x08, 0x62, 0x08, 0x62, 0x08, 0x62, 0x08, 0x62, 0x08, 0x62, 0x08, 0x62, 0x08, 0x62, 0x08,
    0x62, 0x08, 0x62, 0x08, 0x62, 0x08, 0x62, 0x08, 0xf0, 0x7b, 0xff, 0xff, 0x9a, 0xd6, 0x45, 0x29, 0x62, 0x08, 0x62, 0x08, 0x62, 0x08, 0x6a, 0x4a,
    0xff, 0xff, 0x5d, 0xef, 0x6d, 0x6b, 0xaa, 0x52, 0x7d, 0xef, 0xd7, 0xbd, 0xcf, 0x7b, 0x75, 0xad, 0xff, 0xff, 0x8e, 0x73, 0x7d, 0xef, 0xff, 0xff,
    0x9a, 0xd6, 0xff, 0xff, 0xff, 0xff, 0xff, 0xff, 0xff, 0xff, 0xff, 0xff, 0xff, 0xff, 0xff, 0xff, 0xff, 0xff, 0xff, 0xff, 0x79, 0xce, 0xcf, 0x7b,
    0x82, 0x10, 0x00, 0x00, 0x00, 0x00, 0xb6, 0xb5, 0xff, 0xff, 0xd7, 0xbd, 0x51, 0x8c, 0xfb, 0xde, 0xff, 0xff, 0x30, 0x84, 0x00, 0x00, 0x00, 0x00,
    0x8a, 0x52, 0xff, 0xff, 0xdb, 0xf6, 0xe3, 0xc8, 0x00, 0xc0, 0x00, 0xc0, 0x00, 0xc0, 0x00, 0xc0, 0x00, 0xc0, 0x00, 0xc0, 0xe3, 0xc8, 0xaa, 0xda,
    0x00, 0xc0, 0x00, 0xc0, 0xcf, 0xe3, 0xbe, 0xff, 0xf3, 0x9c, 0x62, 0x08, 0x62, 0x08, 0x62, 0x08, 0x62, 0x08, 0x62, 0x08, 0x62, 0x08, 0x62, 0x08,
    0x62, 0x08, 0x62, 0x08, 0x62, 0x08, 0x62, 0x08, 0xb6, 0xb5, 0x9e, 0xff, 0x6e, 0x6b, 0x62, 0x08, 0x62, 0x08, 0x62, 0x08, 0xa3, 0x10, 0x1c, 0xe7,
    0x1c, 0xff, 0x18, 0xc6, 0xdb, 0xde, 0xcf, 0x7b, 0x55, 0xad, 0xeb, 0x5a, 0x71, 0x8c, 0x14, 0xa5, 0xbe, 0xf7, 0x4d, 0x6b, 0xfb, 0xde, 0xff, 0xff,
    0x9a, 0xd6, 0xff, 0xff, 0xff, 0xff, 0xff, 0xff, 0xff, 0xff, 0xff, 0xff, 0xff, 0xff, 0xdf, 0xff, 0x14, 0xa5, 0x86, 0x31, 0x00, 0x00, 0x00, 0x00,
    0x00, 0x00, 0x00, 0x00, 0x00, 0x00, 0x9e, 0xf7, 0xff, 0xff, 0x9e, 0xf7, 0xc7, 0x39, 0x20, 0x00, 0x49, 0x4a, 0x08, 0x42, 0x00, 0x00, 0xc3, 0x18,
    0x7d, 0xef, 0xf7, 0xf5, 0x00, 0xc0, 0x00, 0xc0, 0x00, 0xc0, 0x00, 0xc0, 0x00, 0xc0, 0x00, 0xc0, 0x00, 0xc0, 0x00, 0xc0, 0x00, 0xc0, 0x41, 0xc8,
    0x00, 0xc0, 0x00, 0xc0, 0x30, 0xe4, 0x9a, 0xf6, 0xff, 0xff, 0x6a, 0x4a, 0x62, 0x08, 0x62, 0x08, 0x62, 0x08, 0x62, 0x08, 0x62, 0x08, 0x62, 0x08,
    0x62, 0x08, 0x62, 0x08, 0x62, 0x08, 0x25, 0x21, 0xdf, 0xff, 0xbe, 0xf7, 0x04, 0x21, 0x62, 0x08, 0x62, 0x08, 0x62, 0x08, 0x31, 0x84, 0xff, 0xff,
    0xdb, 0xf6, 0x3c, 0xef, 0xb2, 0x94, 0x34, 0xa5, 0xff, 0xff, 0x14, 0xa5, 0xf7, 0xbd, 0xd7, 0xbd, 0xd7, 0xbd, 0x51, 0x8c, 0x51, 0x8c, 0xff, 0xff,
    0xfb, 0xde, 0xff, 0xff, 0xff, 0xff, 0xff, 0xff, 0xff, 0xff, 0xff, 0xff, 0xff, 0xff, 0x8e, 0x73, 0x00, 0x00, 0x00, 0x00, 0x00, 0x00, 0x00, 0x00,
    0x20, 0x00, 0x41, 0x08, 0x00, 0x00, 0xfb, 0xde, 0xff, 0xff, 0xff, 0xff, 0xbe, 0xf7, 0x8e, 0x73, 0x00, 0x00, 0x00, 0x00, 0x00, 0x00, 0xaa, 0x52,
    0xbe, 0xf7, 0xff, 0xff, 0x5d, 0xff, 0xc7, 0xd1, 0x00, 0xc0, 0x00, 0xc0, 0x00, 0xc0, 0x00, 0xc0, 0x00, 0xc0, 0x00, 0xc0, 0x20, 0xc8, 0x41, 0xc8,
    0x00, 0xc0, 0x00, 0xc0, 0xef, 0xe3, 0x1c, 0xff, 0xfb, 0xfe, 0xaf, 0x73, 0x62, 0x08, 0x62, 0x08, 0x62, 0x08, 0x62, 0x08, 0x62, 0x08, 0x62, 0x08,
    0x62, 0x08, 0x62, 0x08, 0x62, 0x08, 0xcf, 0x7b, 0x9e, 0xff, 0x5d, 0xef, 0x62, 0x08, 0x62, 0x08, 0x62, 0x08, 0x66, 0x29, 0xbf, 0xf7, 0x7d, 0xff,
    0x9a, 0xf6, 0xff, 0xff, 0xff, 0xff, 0xff, 0xff, 0xff, 0xff, 0xff, 0xff, 0xff, 0xff, 0xff, 0xff, 0xff, 0xff, 0xff, 0xff, 0xff, 0xff, 0xff, 0xff,
    0xff, 0xff, 0xff, 0xff, 0xff, 0xff, 0xff, 0xff, 0xff, 0xff, 0xff, 0xff, 0xd7, 0xbd, 0x00, 0x00, 0x00, 0x00, 0x00, 0x00, 0x00, 0x00, 0x00, 0x00,
    0x71, 0x8c, 0x82, 0x10, 0x00, 0x00, 0x59, 0xce, 0xba, 0xd6, 0xff, 0xff, 0xff, 0xff, 0x96, 0xb5, 0xa6, 0x31, 0x61, 0x08, 0x00, 0x00, 0x00, 0x00,
    0x41, 0x08, 0x4d, 0x6b, 0x1c, 0xe7, 0xff, 0xff, 0xdb, 0xf6, 0x9a, 0xf6, 0xdb, 0xf6, 0x7d, 0xff, 0x59, 0xf6, 0xba, 0xf6, 0xbe, 0xff, 0xbe, 0xff,
    0xc7, 0xd1, 0x00, 0xc0, 0x82, 0xc8, 0x1c, 0xff, 0xd7, 0xf5, 0xfb, 0xde, 0xa3, 0x10, 0x62, 0x08, 0x62, 0x08, 0x62, 0x08, 0x62, 0x08, 0x62, 0x08,
    0x62, 0x08, 0x62, 0x08, 0x62, 0x08, 0xd3, 0x9c, 0xdf, 0xff, 0xfb, 0xee, 0x62, 0x08, 0x0c, 0x63, 0xe4, 0x18, 0xb6, 0xb5, 0x38, 0xf6, 0x18, 0xf6,
    0x3c, 0xff, 0xff, 0xff, 0x7d, 0xff, 0xdf, 0xff, 0xbe, 0xff, 0xff, 0xff, 0xff, 0xff, 0xff, 0xff, 0xff, 0xff, 0xff, 0xff, 0xff, 0xff, 0xff, 0xff,
    0xff, 0xff, 0xff, 0xff, 0xff, 0xff, 0xff, 0xff, 0xff, 0xff, 0xff, 0xff, 0xfb, 0xde, 0x00, 0x00, 0x00, 0x00, 0x00, 0x00, 0x28, 0x42, 0xb2, 0x94,
    0xeb, 0x5a, 0x00, 0x00, 0x00, 0x00, 0x79, 0xce, 0x08, 0x42, 0x9a, 0xd6, 0xf7, 0xbd, 0x45, 0x29, 0x65, 0x29, 0x4d, 0x6b, 0x14, 0xa5, 0xe3, 0x18,
    0x00, 0x00, 0x00, 0x00, 0x20, 0x00, 0xaa, 0x52, 0x14, 0xa5, 0xf3, 0x9c, 0xb2, 0x94, 0xcf, 0x7b, 0xf3, 0x9c, 0xb2, 0x94, 0x34, 0xa5, 0xff, 0xff,
    0xae, 0xe3, 0x00, 0xc0, 0x00, 0xc0, 0x69, 0xda, 0xa2, 0xc8, 0x7d, 0xff, 0x55, 0xad, 0x83, 0x10, 0x62, 0x08, 0x62, 0x08, 0x62, 0x08, 0x62, 0x08,
    0x62, 0x08, 0x62, 0x08, 0x62, 0x08, 0x55, 0xad, 0xdf, 0xff, 0x96, 0xb5, 0x29, 0x42, 0xff, 0xff, 0xfb, 0xde, 0xdf, 0xff, 0xeb, 0xda, 0x9a, 0xf6,
    0xff, 0xff, 0xff, 0xff, 0xff, 0xff, 0xbe, 0xff, 0x59, 0xf6, 0xff, 0xff, 0xff, 0xff, 0xff, 0xff, 0xff, 0xff, 0xff, 0xff, 0xff, 0xff, 0xff, 0xff,
    0xff, 0xff, 0xff, 0xff, 0xff, 0xff, 0xff, 0xff, 0xff, 0xff, 0xff, 0xff, 0xff, 0xff, 0xcb, 0x5a, 0x00, 0x00, 0x28, 0x42, 0xff, 0xff, 0xbe, 0xf7,
    0x20, 0x00, 0x00, 0x00, 0x00, 0x00, 0x1c, 0xe7, 0xcb, 0x5a, 0x82, 0x10, 0x61, 0x08, 0x41, 0x08, 0x65, 0x29, 0x9e, 0xf7, 0xff, 0xff, 0x9e, 0xf7,
    0x4d, 0x6b, 0x00, 0x00, 0x00, 0x00, 0x00, 0x00, 0x00, 0x00, 0x00, 0x00, 0x00, 0x00, 0x00, 0x00, 0x00, 0x00, 0x49, 0x4a, 0x9e, 0xf7, 0x79, 0xf6,
    0x04, 0xc9, 0xc3, 0xc8, 0x49, 0xda, 0x00, 0xc0, 0x2c, 0xdb, 0xbe, 0xff, 0x1c, 0xff, 0xb2, 0x94, 0x62, 0x08, 0x62, 0x08, 0x62, 0x08, 0x62, 0x08,
    0x62, 0x08, 0x62, 0x08, 0x62, 0x08, 0xf3, 0x9c, 0xff, 0xff, 0xbe, 0xf7, 0x79, 0xce, 0xff, 0xff, 0xff, 0xff, 0x51, 0xe4, 0xb2, 0xec, 0x5d, 0xff,
    0xff, 0xff, 0xff, 0xff, 0xff, 0xff, 0xfb, 0xfe, 0x3c, 0xff, 0xff, 0xff, 0xff, 0xff, 0xff, 0xff, 0xff, 0xff, 0xff, 0xff, 0xff, 0xff, 0xff, 0xff,
    0xff, 0xff, 0xff, 0xff, 0xff, 0xff, 0xff, 0xff, 0xff, 0xff, 0xff, 0xff, 0xff, 0xff, 0x5d, 0xef, 0x96, 0xb5, 0xff, 0xff, 0xff, 0xff, 0xff, 0xff,
    0xc3, 0x18, 0x00, 0x00, 0x61, 0x08, 0xff, 0xff, 0x34, 0xa5, 0x00, 0x00, 0x00, 0x00, 0x82, 0x10, 0xfb, 0xde, 0xff, 0xff, 0xff, 0xff, 0xff, 0xff,
    0xff, 0xff, 0x18, 0xc6, 0x24, 0x21, 0x00, 0x00, 0x00, 0x00, 0x00, 0x00, 0x00, 0x00, 0x00, 0x00, 0xae, 0x73, 0xff, 0xff, 0x59, 0xf6, 0xc3, 0xc8,
    0x00, 0xc0, 0x08, 0xd2, 0x4d, 0xdb, 0x04, 0xc9, 0x1c, 0xff, 0xff, 0xff, 0x38, 0xf6, 0xff, 0xff, 0x8e, 0x73, 0x62, 0x08, 0x62, 0x08, 0x62, 0x08,
    0x62, 0x08, 0x62, 0x08, 0x62, 0x08, 0x72, 0x8c, 0xff, 0xff, 0xbe, 0xff, 0x5d, 0xff, 0x9e, 0xff, 0x9e, 0xff, 0x45, 0xd1, 0x9a, 0xf6, 0x3c, 0xff,
    0xff, 0xff, 0x9e, 0xff, 0xdf, 0xff, 0x9e, 0xff, 0xff, 0xff, 0xff, 0xff, 0xff, 0xff, 0xff, 0xff, 0xff, 0xff, 0xff, 0xff, 0xff, 0xff, 0xff, 0xff,
    0xff, 0xff, 0xff, 0xff, 0xff, 0xff, 0xff, 0xff, 0xff, 0xff, 0xff, 0xff, 0xff, 0xff, 0xff, 0xff, 0xff, 0xff, 0xff, 0xff, 0xff, 0xff, 0x5d, 0xef,
    0x20, 0x00, 0x00, 0x00, 0xa2, 0x10, 0xff, 0xff, 0xdf, 0xff, 0xa6, 0x31, 0x00, 0x00, 0x92, 0x94, 0xff, 0xff, 0xff, 0xff, 0xff, 0xff, 0xff, 0xff,
    0xff, 0xff, 0xff, 0xff, 0xdf, 0xff, 0x51, 0x8c, 0x86, 0x31, 0x41, 0x08, 0xe7, 0x39, 0x34, 0xa5, 0xff, 0xff, 0x30, 0xe4, 0x45, 0xd1, 0x00, 0xc0,
    0x04, 0xc9, 0x8a, 0xda, 0xa2, 0xc8, 0x82, 0xc8, 0xbe, 0xff, 0x9e, 0xff, 0x3c, 0xff, 0xdf, 0xff, 0xef, 0x7b, 0x62, 0x08, 0x62, 0x08, 0x62, 0x08,
    0x62, 0x08, 0x62, 0x08, 0x62, 0x08, 0xf3, 0x9c, 0xff, 0xff, 0x1c, 0xff, 0x9a, 0xf6, 0xba, 0xf6, 0xd3, 0xec, 0x65, 0xd1, 0x18, 0xf6, 0xff, 0xff,
    0x7d, 0xff, 0xba, 0xf6, 0xdf, 0xff, 0xff, 0xff, 0xff, 0xff, 0xff, 0xff, 0xff, 0xff, 0xff, 0xff, 0xff, 0xff, 0xff, 0xff, 0xff, 0xff, 0xff, 0xff,
    0xff, 0xff, 0xff, 0xff, 0xff, 0xff, 0xff, 0xff, 0xff, 0xff, 0xff, 0xff, 0xff, 0xff, 0xff, 0xff, 0xff, 0xff, 0xff, 0xff, 0xff, 0xff, 0xfb, 0xde,
    0x20, 0x00, 0x00, 0x00, 0x4d, 0x6b, 0xff, 0xff, 0xff, 0xff, 0xbe, 0xf7, 0x18, 0xc6, 0xff, 0xff, 0xff, 0xff, 0xff, 0xff, 0xff, 0xff, 0xff, 0xff,
    0xff, 0xff, 0xff, 0xff, 0x08, 0x42, 0xa2, 0x10, 0x6d, 0x6b, 0xfb, 0xde, 0xdf, 0xff, 0x3c, 0xff, 0x71, 0xe4, 0x00, 0xc0, 0x00, 0xc0, 0x00, 0xc8,
    0x75, 0xed, 0xe7, 0xd1, 0x00, 0xc0, 0x0c, 0xdb, 0xdf, 0xff, 0x30, 0xe4, 0xdb, 0xf6, 0xba, 0xd6, 0xa3, 0x10, 0x62, 0x08, 0x62, 0x08, 0x62, 0x08,
    0x62, 0x08, 0x62, 0x08, 0x62, 0x08, 0x96, 0xb5, 0xff, 0xff, 0x3c, 0xff, 0x75, 0xed, 0x7d, 0xff, 0xe7, 0xd1, 0x61, 0xc8, 0x34, 0xed, 0x9e, 0xff,
    0xba, 0xf6, 0xba, 0xf6, 0xff, 0xff, 0xff, 0xff, 0x3c, 0xe7, 0xbe, 0xf7, 0x1c, 0xe7, 0xff, 0xff, 0xff, 0xff, 0xff, 0xff, 0xff, 0xff, 0xff, 0xff,
    0xff, 0xff, 0xff, 0xff, 0xff, 0xff, 0xff, 0xff, 0xff, 0xff, 0xff, 0xff, 0xff, 0xff, 0xff, 0xff, 0xff, 0xff, 0xff, 0xff, 0xff, 0xff, 0xff, 0xff,
    0x7d, 0xef, 0x9a, 0xd6, 0xbe, 0xf7, 0xff, 0xff, 0xff, 0xff, 0xff, 0xff, 0xff, 0xff, 0xff, 0xff, 0xff, 0xff, 0xff, 0xff, 0xff, 0xff, 0xff, 0xff,
    0xff, 0xff, 0xff, 0xff, 0x08, 0x42, 0x00, 0x00, 0x00, 0x00, 0x04, 0x21, 0x9e, 0xf7, 0x51, 0xe4, 0xc7, 0xd1, 0x08, 0xd2, 0xaa, 0xda, 0x8a, 0xda,
    0x30, 0xe4, 0xf3, 0xec, 0x8e, 0xe3, 0x8a, 0xda, 0x2c, 0xdb, 0xeb, 0xda, 0xfb, 0xe6, 0x66, 0x29, 0x62, 0x08, 0x62, 0x08, 0x62, 0x08, 0x62, 0x08,
    0x62, 0x08, 0x62, 0x08, 0x62, 0x08, 0x59, 0xce, 0xff, 0xff, 0x79, 0xf6, 0x51, 0xe4, 0xd7, 0xf5, 0x08, 0xd2, 0x24, 0xd1, 0x38, 0xf6, 0xd7, 0xf5,
    0x59, 0xf6, 0x7d, 0xff, 0x7d, 0xef, 0x0c, 0x63, 0x61, 0x08, 0x00, 0x00, 0x41, 0x08, 0xaa, 0x52, 0xbe, 0xf7, 0xff, 0xff, 0xff, 0xff, 0xff, 0xff,
    0xff, 0xff, 0xff, 0xff, 0x1c, 0xe7, 0xd7, 0xbd, 0x55, 0xad, 0xd3, 0x9c, 0xd3, 0x9c, 0x96, 0xb5, 0xdb, 0xde, 0xdf, 0xff, 0xff, 0xff, 0xff, 0xff,
    0xff, 0xff, 0xff, 0xff, 0xff, 0xff, 0xff, 0xff, 0xff, 0xff, 0xff, 0xff, 0xff, 0xff, 0xff, 0xff, 0xff, 0xff, 0xff, 0xff, 0xff, 0xff, 0xff, 0xff,
    0xff, 0xff, 0xff, 0xff, 0xbe, 0xf7, 0xa2, 0x10, 0x00, 0x00, 0x00, 0x00, 0x38, 0xc6, 0xff, 0xff, 0xff, 0xff, 0xff, 0xff, 0xff, 0xff, 0xff, 0xff,
    0xff, 0xff, 0xff, 0xff, 0xdf, 0xff, 0x1c, 0xff, 0xe7, 0xd1, 0x9a, 0xf6, 0xeb, 0x5a, 0x62, 0x08, 0x62, 0x08, 0x62, 0x08, 0x62, 0x08, 0x62, 0x08,
    0x62, 0x08, 0x62, 0x08, 0x82, 0x10, 0xff, 0xff, 0xff, 0xff, 0x8a, 0xda, 0x18, 0xf6, 0x49, 0xd2, 0xc7, 0xd1, 0xc7, 0xd1, 0xff, 0xff, 0xb6, 0xed,
    0x59, 0xf6, 0xff, 0xff, 0xdb, 0xde, 0x00, 0x00, 0x00, 0x00, 0x00, 0x00, 0x00, 0x00, 0x00, 0x00, 0x49, 0x4a, 0xff, 0xff, 0xff, 0xff, 0xff, 0xff,
    0xff, 0xff, 0x7d, 0xef, 0x82, 0x10, 0x00, 0x00, 0x00, 0x00, 0x00, 0x00, 0x00, 0x00, 0x00, 0x00, 0x20, 0x00, 0x65, 0x29, 0x71, 0x8c, 0xbe, 0xf7,
    0xff, 0xff, 0xff, 0xff, 0xff, 0xff, 0xff, 0xff, 0xff, 0xff, 0xff, 0xff, 0xff, 0xff, 0xff, 0xff, 0xff, 0xff, 0xff, 0xff, 0xff, 0xff, 0xff, 0xff,
    0xff, 0xff, 0xff, 0xff, 0x79, 0xce, 0x24, 0x21, 0x00, 0x00, 0x08, 0x42, 0xba, 0xd6, 0xf7, 0xbd, 0xf3, 0x9c, 0x28, 0x42, 0xc3, 0x18, 0x04, 0x21,
    0x04, 0x21, 0xa2, 0x10, 0x24, 0x21, 0x1c, 0xe7, 0xba, 0xf6, 0xba, 0xf6, 0x8e, 0x73, 0x62, 0x08, 0x62, 0x08, 0x62, 0x08, 0x62, 0x08, 0x62, 0x08,
    0x62, 0x08, 0x62, 0x08, 0x62, 0x08, 0x9a, 0xd6, 0xff, 0xff, 0x69, 0xda, 0x9e, 0xff, 0x69, 0xda, 0x28, 0xd2, 0xaa, 0xda, 0xff, 0xff, 0xf7, 0xf5,
    0x7d, 0xff, 0xff, 0xff, 0xdb, 0xde, 0x00, 0x00, 0x00, 0x00, 0x00, 0x00, 0x00, 0x00, 0x00, 0x00, 0x00, 0x00, 0x1c, 0xe7, 0xff, 0xff, 0xff, 0xff,
    0x7d, 0xef, 0xf7, 0xbd, 0xa2, 0x10, 0x00, 0x00, 0x00, 0x00, 0x00, 0x00, 0x00, 0x00, 0x00, 0x00, 0x00, 0x00, 0x00, 0x00, 0x00, 0x00, 0x45, 0x29,
    0x9e, 0xf7, 0xff, 0xff, 0xff, 0xff, 0xff, 0xff, 0xff, 0xff, 0xff, 0xff, 0xff, 0xff, 0xff, 0xff, 0xff, 0xff, 0xff, 0xff, 0xff, 0xff, 0xff, 0xff,
    0x5d, 0xef, 0xf7, 0xbd, 0x4d, 0x6b, 0x08, 0x42, 0xb2, 0x94, 0xd7, 0xbd, 0x92, 0x94, 0x69, 0x4a, 0x28, 0x42, 0x28, 0x42, 0x28, 0x42, 0xe7, 0x39,
    0x41, 0x08, 0x00, 0x00, 0x00, 0x00, 0x2c, 0x63, 0xff, 0xff, 0x30, 0xe4, 0xf7, 0xbd, 0x62, 0x08, 0x62, 0x08, 0x62, 0x08, 0x62, 0x08, 0x62, 0x08,
    0x62, 0x08, 0x62, 0x08, 0x62, 0x08, 0x96, 0xb5, 0xd7, 0xed, 0x20, 0xc8, 0xdb, 0xf6, 0x6d, 0xdb, 0xc3, 0xc8, 0x8e, 0xe3, 0xff, 0xff, 0x9a, 0xf6,
    0xdf, 0xff, 0xdf, 0xff, 0xe7, 0x39, 0x00, 0x00, 0x00, 0x00, 0x00, 0x00, 0x00, 0x00, 0x00, 0x00, 0x00, 0x00, 0xb6, 0xb5, 0xff, 0xff, 0xff, 0xff,
    0xdb, 0xde, 0x20, 0x00, 0x00, 0x00, 0x00, 0x00, 0x00, 0x00, 0x00, 0x00, 0x00, 0x00, 0x00, 0x00, 0x00, 0x00, 0x00, 0x00, 0x00, 0x00, 0x00, 0x00,
    0xf3, 0x9c, 0xff, 0xff, 0xff, 0xff, 0xff, 0xff, 0xff, 0xff, 0xff, 0xff, 0xff, 0xff, 0xff, 0xff, 0xff, 0xff, 0x1c, 0xe7, 0x71, 0x8c, 0xc7, 0x39,
    0x24, 0x21, 0x08, 0x42, 0xe3, 0x18, 0x59, 0xce, 0xff, 0xff, 0xff, 0xff, 0xff, 0xff, 0xff, 0xff, 0xff, 0xff, 0xff, 0xff, 0x1c, 0xe7, 0x14, 0xa5,
    0x51, 0x8c, 0x4d, 0x6b, 0x45, 0x29, 0x8e, 0x73, 0xff, 0xff, 0xcf, 0xe3, 0x79, 0xd6, 0x62, 0x08, 0x62, 0x08, 0x62, 0x08, 0x62, 0x08, 0x62, 0x08,
    0x62, 0x08, 0x62, 0x08, 0xa3, 0x10, 0x1c, 0xe7, 0x75, 0xed, 0x00, 0xc0, 0x41, 0xc8, 0x8a, 0xda, 0x00, 0xc0, 0xb2, 0xec, 0xff, 0xff, 0x5d, 0xff,
    0xff, 0xff, 0x8a, 0x52, 0x00, 0x00, 0x00, 0x00, 0x00, 0x00, 0x00, 0x00, 0x00, 0x00, 0x00, 0x00, 0x00, 0x00, 0x51, 0x8c, 0xff, 0xff, 0xff, 0xff,
    0x9a, 0xd6, 0x00, 0x00, 0x00, 0x00, 0x00, 0x00, 0x00, 0x00, 0x00, 0x00, 0x00, 0x00, 0x00, 0x00, 0x00, 0x00, 0x00, 0x00, 0x00, 0x00, 0x00, 0x00,
    0x6d, 0x6b, 0xff, 0xff, 0xff, 0xff, 0xff, 0xff, 0xff, 0xff, 0xff, 0xff, 0xff, 0xff, 0x96, 0xb5, 0x49, 0x4a, 0x00, 0x00, 0x00, 0x00, 0x20, 0x00,
    0x4d, 0x6b, 0x10, 0x84, 0x00, 0x00, 0xae, 0x73, 0xff, 0xff, 0x75, 0xad, 0xeb, 0x5a, 0x92, 0x94, 0x38, 0xc6, 0x7d, 0xef, 0xfb, 0xde, 0xff, 0xff,
    0x1c, 0xff, 0xff, 0xff, 0xff, 0xff, 0xff, 0xff, 0x18, 0xf6, 0xcf, 0xe3, 0x35, 0xa5, 0x62, 0x08, 0x62, 0x08, 0x62, 0x08, 0x62, 0x08, 0x62, 0x08,
    0x62, 0x08, 0x62, 0x08, 0x0c, 0x63, 0xdf, 0xff, 0x34, 0xed, 0xa2, 0xc8, 0x00, 0xc0, 0x20, 0xc8, 0x00, 0xc0, 0x59, 0xf6, 0xff, 0xff, 0xff, 0xff,
    0xae, 0x73, 0x00, 0x00, 0x00, 0x00, 0x00, 0x00, 0x00, 0x00, 0x00, 0x00, 0x00, 0x00, 0x00, 0x00, 0x00, 0x00, 0xb6, 0xb5, 0xff, 0xff, 0xff, 0xff,
    0x71, 0x8c, 0x00, 0x00, 0x00, 0x00, 0x00, 0x00, 0x00, 0x00, 0x00, 0x00, 0x00, 0x00, 0x00, 0x00, 0x00, 0x00, 0x00, 0x00, 0x00, 0x00, 0x00, 0x00,
    0xcf, 0x7b, 0xff, 0xff, 0xff, 0xff, 0xff, 0xff, 0xeb, 0x5a, 0x2c, 0x63, 0xe3, 0x18, 0x00, 0x00, 0x00, 0x00, 0x00, 0x00, 0x08, 0x42, 0xfb, 0xde,
    0xff, 0xff, 0x0c, 0x63, 0x00, 0x00, 0x00, 0x00, 0xf7, 0xbd, 0xdb, 0xde, 0x41, 0x08, 0x00, 0x00, 0x00, 0x00, 0x08, 0x42, 0x5d, 0xef, 0x1c, 0xff,
    0x00, 0xc0, 0xa6, 0xd1, 0x08, 0xd2, 0x65, 0xd1, 0x00, 0xc8, 0x30, 0xe4, 0xbe, 0xf7, 0x4d, 0x6b, 0x62, 0x08, 0x62, 0x08, 0x62, 0x08, 0x62, 0x08,
    0x62, 0x08, 0x62, 0x08, 0xc7, 0x39, 0xff, 0xff, 0x71, 0xe4, 0x41, 0xc8, 0x00, 0xc0, 0x00, 0xc0, 0x65, 0xd1, 0xdf, 0xff, 0x59, 0xce, 0x8a, 0x52,
    0x00, 0x00, 0x00, 0x00, 0x00, 0x00, 0x00, 0x00, 0x00, 0x00, 0x00, 0x00, 0x00, 0x00, 0x00, 0x00, 0x08, 0x42, 0xdf, 0xff, 0xff, 0xff, 0xff, 0xff,
    0xd3, 0x9c, 0x00, 0x00, 0x00, 0x00, 0x00, 0x00, 0x00, 0x00, 0x00, 0x00, 0x00, 0x00, 0x00, 0x00, 0x00, 0x00, 0x00, 0x00, 0x00, 0x00, 0xa2, 0x10,
    0x3c, 0xe7, 0xff, 0xff, 0xff, 0xff, 0xff, 0xff, 0xc3, 0x18, 0x00, 0x00, 0x00, 0x00, 0x00, 0x00, 0x00, 0x00, 0x92, 0x94, 0xff, 0xff, 0xff, 0xff,
    0xb6, 0xb5, 0x00, 0x00, 0x00, 0x00, 0x00, 0x00, 0x6d, 0x6b, 0xcf, 0x7b, 0xf3, 0x9c, 0x00, 0x00, 0x00, 0x00, 0x00, 0x00, 0x28, 0x42, 0xff, 0xff,
    0x08, 0xd2, 0xa6, 0xd1, 0x00, 0xc0, 0x00, 0xc0, 0x00, 0xc0, 0xae, 0xe3, 0x7d, 0xff, 0x96, 0xb5, 0x62, 0x08, 0x62, 0x08, 0x62, 0x08, 0x62, 0x08,
    0x62, 0x08, 0x62, 0x08, 0x62, 0x08, 0xbe, 0xf7, 0xfb, 0xf6, 0xf7, 0xf5, 0x41, 0xc8, 0x00, 0xc0, 0xba, 0xf6, 0x9a, 0xd6, 0xc3, 0x18, 0x00, 0x00,
    0x00, 0x00, 0x00, 0x00, 0x00, 0x00, 0x00, 0x00, 0x00, 0x00, 0x82, 0x10, 0xaa, 0x52, 0xeb, 0x5a, 0x24, 0x21, 0x49, 0x4a, 0x75, 0xad, 0xff, 0xff,
    0x14, 0xa5, 0x00, 0x00, 0x00, 0x00, 0x00, 0x00, 0x00, 0x00, 0xcb, 0x5a, 0x4d, 0x6b, 0xa2, 0x10, 0x00, 0x00, 0x00, 0x00, 0x82, 0x10, 0x38, 0xc6,
    0xff, 0xff, 0xff, 0xff, 0xff, 0xff, 0xff, 0xff, 0x10, 0x84, 0x00, 0x00, 0x00, 0x00, 0x00, 0x00, 0x0c, 0x63, 0xff, 0xff, 0xff, 0xff, 0xdb, 0xde,
    0x82, 0x10, 0x00, 0x00, 0x00, 0x00, 0x00, 0x00, 0x20, 0x00, 0xd3, 0x9c, 0x79, 0xce, 0x30, 0x84, 0x00, 0x00, 0x00, 0x00, 0x00, 0x00, 0x5d, 0xef,
    0x51, 0xe4, 0x28, 0xd2, 0x00, 0xc0, 0x00, 0xc0, 0x00, 0xc0, 0x28, 0xd2, 0x3c, 0xff, 0x55, 0xad, 0x62, 0x08, 0x62, 0x08, 0x62, 0x08, 0x62, 0x08,
    0x62, 0x08, 0x62, 0x08, 0x62, 0x08, 0x7d, 0xef, 0x7d, 0xff, 0xff, 0xff, 0x28, 0xd2, 0x61, 0xc8, 0xff, 0xff, 0xeb, 0x5a, 0x00, 0x00, 0x00, 0x00,
    0x00, 0x00, 0x00, 0x00, 0x00, 0x00, 0x00, 0x00, 0x20, 0x00, 0xcf, 0x7b, 0x34, 0xa5, 0xef, 0x7b, 0x45, 0x29, 0x00, 0x00, 0xc3, 0x18, 0xdf, 0xff,
    0x7d, 0xef, 0x61, 0x08, 0x00, 0x00, 0x08, 0x42, 0xba, 0xd6, 0xff, 0xff, 0x38, 0xc6, 0x20, 0x00, 0x00, 0x00, 0x04, 0x21, 0xdb, 0xde, 0xff, 0xff,
    0xff, 0xff, 0xff, 0xff, 0xff, 0xff, 0xff, 0xff, 0xff, 0xff, 0x38, 0xc6, 0x86, 0x31, 0x82, 0x10, 0x38, 0xc6, 0xba, 0xd6, 0xf3, 0x9c, 0x61, 0x08,
    0x00, 0x00, 0x00, 0x00, 0x00, 0x00, 0xe7, 0x39, 0x79, 0xce, 0xff, 0xff, 0xff, 0xff, 0xff, 0xff, 0x34, 0xa5, 0x24, 0x21, 0xeb, 0x5a, 0x1c, 0xe7,
    0xf3, 0xec, 0xe7, 0xd1, 0x00, 0xc0, 0x00, 0xc0, 0x41, 0xc8, 0x86, 0xd1, 0x59, 0xf6, 0x34, 0xa5, 0x62, 0x08, 0x62, 0x08, 0x62, 0x08, 0x62, 0x08,
    0x62, 0x08, 0x62, 0x08, 0x62, 0x08, 0x25, 0x21, 0x49, 0x4a, 0xbe, 0xf7, 0xe7, 0xd1, 0x00, 0xc0, 0x3c, 0xff, 0x71, 0x8c, 0x00, 0x00, 0x00, 0x00,
    0x00, 0x00, 0x00, 0x00, 0x00, 0x00, 0x08, 0x42, 0xdb, 0xde, 0xff, 0xff, 0xff, 0xff, 0x9e, 0xf7, 0x00, 0x00, 0x00, 0x00, 0x00, 0x00, 0x59, 0xce,
    0xff, 0xff, 0xf7, 0xbd, 0xaa, 0x52, 0x38, 0xc6, 0xff, 0xff, 0x9e, 0xf7, 0xc7, 0x39, 0x41, 0x08, 0x86, 0x31, 0x5d, 0xef, 0xff, 0xff, 0xff, 0xff,
    0xff, 0xff, 0xff, 0xff, 0xff, 0xff, 0xff, 0xff, 0xff, 0xff, 0xff, 0xff, 0xff, 0xff, 0x9e, 0xf7, 0x4d, 0x6b, 0x3c, 0xe7, 0x61, 0x08, 0x00, 0x00,
    0x00, 0x00, 0xe3, 0x18, 0xcf, 0x7b, 0xff, 0xff, 0xff, 0xff, 0xf3, 0x9c, 0x69, 0x4a, 0xa6, 0x31, 0xd3, 0x9c, 0xdf, 0xff, 0xff, 0xff, 0x1c, 0xff,
    0x65, 0xd1, 0x61, 0xc8, 0x00, 0xc0, 0x00, 0xc0, 0x00, 0xc0, 0xa2, 0xc8, 0xf3, 0xec, 0xbe, 0xf7, 0x0c, 0x63, 0x62, 0x08, 0x62, 0x08, 0x62, 0x08,
    0x62, 0x08, 0x62, 0x08, 0x4d, 0x6b, 0xaf, 0x73, 0xc3, 0x18, 0x39, 0xc6, 0x8e, 0xe3, 0x00, 0xc0, 0xf7, 0xf5, 0x96, 0xb5, 0x00, 0x00, 0x00, 0x00,
    0x00, 0x00, 0x41, 0x08, 0x92, 0x94, 0xff, 0xff, 0xff, 0xff, 0xff, 0xff, 0xff, 0xff, 0x0c, 0x63, 0x00, 0x00, 0x00, 0x00, 0x00, 0x00, 0x30, 0x84,
    0x45, 0x29, 0x45, 0x29, 0x10, 0x84, 0x1c, 0xe7, 0xdf, 0xff, 0x71, 0x8c, 0x45, 0x29, 0xeb, 0x5a, 0xbe, 0xf7, 0xff, 0xff, 0xff, 0xff, 0xff, 0xff,
    0xff, 0xff, 0xff, 0xff, 0xff, 0xff, 0xff, 0xff, 0xff, 0xff, 0xff, 0xff, 0xff, 0xff, 0x38, 0xc6, 0xc7, 0x39, 0xbe, 0xf7, 0x24, 0x21, 0x00, 0x00,
    0x28, 0x42, 0x18, 0xc6, 0x20, 0x00, 0x18, 0xc6, 0x18, 0xc6, 0xe3, 0x18, 0x00, 0x00, 0x00, 0x00, 0x00, 0x00, 0xe7, 0x39, 0xbe, 0xf7, 0x55, 0xed,
    0x00, 0xc0, 0x00, 0xc0, 0x00, 0xc0, 0x00, 0xc0, 0x00, 0xc0, 0x00, 0xc0, 0xb2, 0xec, 0xff, 0xff, 0x5d, 0xef, 0x62, 0x08, 0x62, 0x08, 0x62, 0x08,
    0x62, 0x08, 0x62, 0x08, 0x9e, 0xf7, 0x79, 0xf6, 0xbe, 0xf7, 0xff, 0xff, 0xba, 0xf6, 0x00, 0xc0, 0x0c, 0xdb, 0xff, 0xff, 0xc7, 0x39, 0x00, 0x00,
    0x41, 0x08, 0x69, 0x4a, 0x8e, 0x73, 0xb6, 0xb5, 0xdf, 0xff, 0xff, 0xff, 0x4d, 0x6b, 0x00, 0x00, 0x00, 0x00, 0x00, 0x00, 0x65, 0x29, 0xff, 0xff,
    0x9e, 0xf7, 0x75, 0xad, 0xc7, 0x39, 0x20, 0x00, 0xe7, 0x39, 0x45, 0x29, 0xd3, 0x9c, 0xff, 0xff, 0xff, 0xff, 0xff, 0xff, 0xff, 0xff, 0xff, 0xff,
    0xff, 0xff, 0xff, 0xff, 0xff, 0xff, 0xff, 0xff, 0xff, 0xff, 0xff, 0xff, 0xdf, 0xff, 0x65, 0x29, 0x04, 0x21, 0xff, 0xff, 0x3c, 0xe7, 0xd7, 0xbd,
    0xdf, 0xff, 0xcb, 0x5a, 0x00, 0x00, 0x20, 0x00, 0x41, 0x08, 0x69, 0x4a, 0xc7, 0x39, 0x00, 0x00, 0x00, 0x00, 0x00, 0x00, 0x51, 0x8c, 0x7d, 0xff,
    0x20, 0xc8, 0x00, 0xc0, 0x00, 0xc0, 0x00, 0xc0, 0x82, 0xc8, 0x65, 0xd1, 0xdb, 0xf6, 0xff, 0xff, 0xbe, 0xf7, 0x62, 0x08, 0x62, 0x08, 0x62, 0x08,
    0x62, 0x08, 0x62, 0x08, 0x8e, 0x73, 0xff, 0xff, 0x5d, 0xff, 0xff, 0xff, 0xff, 0xff, 0x08, 0xd2, 0x00, 0xc0, 0x1c, 0xff, 0x59, 0xce, 0xe7, 0x39,
    0x34, 0xa5, 0x9e, 0xf7, 0x82, 0x10, 0x00, 0x00, 0x24, 0x21, 0xaa, 0x52, 0x00, 0x00, 0x00, 0x00, 0x20, 0x00, 0x2c, 0x63, 0xfb, 0xde, 0xff, 0xff,
    0xff, 0xff, 0xff, 0xff, 0xff, 0xff, 0x86, 0x31, 0x00, 0x00, 0x00, 0x00, 0xeb, 0x5a, 0x3c, 0xe7, 0xff, 0xff, 0xff, 0xff, 0xff, 0xff, 0xff, 0xff,
    0xff, 0xff, 0xff, 0xff, 0xff, 0xff, 0xff, 0xff, 0xff, 0xff, 0xff, 0xff, 0xcf, 0x7b, 0x00, 0x00, 0xe7, 0x39, 0xff, 0xff, 0xff, 0xff, 0xff, 0xff,
    0x9e, 0xf7, 0x41, 0x08, 0x00, 0x00, 0x20, 0x00, 0x55, 0xad, 0xff, 0xff, 0xb6, 0xb5, 0x00, 0x00, 0x00, 0x00, 0x00, 0x00, 0xcb, 0x5a, 0xff, 0xff,
    0x08, 0xd2, 0x00, 0xc0, 0x00, 0xc0, 0x82, 0xc8, 0xa2, 0xc8, 0x28, 0xd2, 0xdf, 0xff, 0x5d, 0xff, 0x9a, 0xd6, 0x62, 0x08, 0x62, 0x08, 0x62, 0x08,
    0x62, 0x08, 0x62, 0x08, 0x62, 0x08, 0x79, 0xce, 0xff, 0xff, 0x7d, 0xef, 0xff, 0xff, 0xeb, 0xda, 0x00, 0xc0, 0x30, 0xe4, 0xff, 0xff, 0xff, 0xff,
    0xfb, 0xde, 0x10, 0x84, 0x24, 0x21, 0x00, 0x00, 0x00, 0x00, 0x00, 0x00, 0x00, 0x00, 0x86, 0x31, 0x38, 0xc6, 0xff, 0xff, 0xdb, 0xde, 0x55, 0xad,
    0x10, 0x84, 0x6d, 0x6b, 0x69, 0x4a, 0x14, 0xa5, 0x34, 0xa5, 0x41, 0x08, 0x00, 0x00, 0x41, 0x08, 0xcf, 0x7b, 0x7d, 0xef, 0xff, 0xff, 0xff, 0xff,
    0xff, 0xff, 0xff, 0xff, 0xff, 0xff, 0xff, 0xff, 0xff, 0xff, 0x75, 0xad, 0x00, 0x00, 0x00, 0x00, 0xeb, 0x5a, 0xff, 0xff, 0xff, 0xff, 0xff, 0xff,
    0x75, 0xad, 0x00, 0x00, 0x00, 0x00, 0xae, 0x73, 0x5d, 0xef, 0xd3, 0x9c, 0x18, 0xc6, 0x00, 0x00, 0x00, 0x00, 0xe3, 0x18, 0x3c, 0xe7, 0xba, 0xf6,
    0x61, 0xc8, 0x00, 0xc0, 0x00, 0xc0, 0x20, 0xc8, 0x82, 0xc8, 0x79, 0xf6, 0x5d, 0xff, 0xdf, 0xff, 0xec, 0x5a, 0x62, 0x08, 0x62, 0x08, 0x62, 0x08,
    0x62, 0x08, 0x62, 0x08, 0x62, 0x08, 0xdb, 0xde, 0xff, 0xff, 0xfb, 0xde, 0x9e, 0xff, 0x45, 0xd1, 0xcf, 0xe3, 0xff, 0xff, 0x59, 0xce, 0x30, 0x84,
    0x14, 0xa5, 0xff, 0xff, 0x3c, 0xe7, 0x00, 0x00, 0x00, 0x00, 0xe7, 0x39, 0x14, 0xa5, 0xb2, 0x94, 0xaa, 0x52, 0xc3, 0x18, 0x00, 0x00, 0x00, 0x00,
    0x00, 0x00, 0x00, 0x00, 0x00, 0x00, 0xcf, 0x7b, 0xff, 0xff, 0x75, 0xad, 0x00, 0x00, 0x00, 0x00, 0x00, 0x00, 0x61, 0x08, 0x8e, 0x73, 0x18, 0xc6,
    0x3c, 0xe7, 0x7d, 0xef, 0xfb, 0xde, 0xf7, 0xbd, 0xcf, 0x7b, 0x20, 0x00, 0x00, 0x00, 0x00, 0x00, 0x08, 0x42, 0xff, 0xff, 0xff, 0xff, 0xff, 0xff,
    0x2c, 0x63, 0x00, 0x00, 0x41, 0x08, 0x30, 0x84, 0x41, 0x08, 0x00, 0x00, 0xcf, 0x7b, 0x00, 0x00, 0x00, 0x00, 0xd3, 0x9c, 0xbe, 0xff, 0xe3, 0xc8,
    0x00, 0xc0, 0x00, 0xc0, 0x61, 0xc8, 0x10, 0xe4, 0xd7, 0xf5, 0xff, 0xff, 0x9e, 0xff, 0x18, 0xc6, 0x62, 0x08, 0x62, 0x08, 0x62, 0x08, 0x62, 0x08,
    0x62, 0x08, 0x62, 0x08, 0x86, 0x31, 0xff, 0xff, 0x5d, 0xef, 0x79, 0xce, 0xfb, 0xfe, 0x45, 0xd1, 0x9a, 0xf6, 0x59, 0xce, 0xa2, 0x10, 0x00, 0x00,
    0x00, 0x00, 0x75, 0xad, 0xc7, 0x39, 0x00, 0x00, 0x45, 0x29, 0x1c, 0xe7, 0x14, 0xa5, 0x00, 0x00, 0x00, 0x00, 0x00, 0x00, 0x00, 0x00, 0x00, 0x00,
    0x00, 0x00, 0x86, 0x31, 0x0c, 0x63, 0xc7, 0x39, 0xff, 0xff, 0xff, 0xff, 0xd3, 0x9c, 0x00, 0x00, 0x00, 0x00, 0x00, 0x00, 0x00, 0x00, 0x00, 0x00,
    0x00, 0x00, 0x00, 0x00, 0x00, 0x00, 0x00, 0x00, 0x00, 0x00, 0x00, 0x00, 0x00, 0x00, 0x00, 0x00, 0xcb, 0x5a, 0xff, 0xff, 0xff, 0xff, 0xff, 0xff,
    0xe3, 0x18, 0x00, 0x00, 0x65, 0x29, 0x55, 0xad, 0x65, 0x29, 0x20, 0x00, 0xb6, 0xb5, 0x00, 0x00, 0x00, 0x00, 0xb2, 0x94, 0xba, 0xf6, 0xa2, 0xc8,
    0x00, 0xc0, 0xa2, 0xc8, 0xef, 0xe3, 0xba, 0xf6, 0xf7, 0xf5, 0x71, 0x8c, 0x46, 0x29, 0x82, 0x10, 0x62, 0x08, 0x62, 0x08, 0x62, 0x08, 0x62, 0x08,
    0x62, 0x08, 0x62, 0x08, 0xf4, 0x9c, 0xff, 0xff, 0x6d, 0x6b, 0xf7, 0xbd, 0xdb, 0xf6, 0x86, 0xd1, 0x34, 0xed, 0xff, 0xff, 0x28, 0x42, 0x00, 0x00,
    0x00, 0x00, 0x00, 0x00, 0x00, 0x00, 0x69, 0x4a, 0x9e, 0xf7, 0x5d, 0xef, 0x0c, 0x63, 0x00, 0x00, 0x00, 0x00, 0x00, 0x00, 0x00, 0x00, 0x00, 0x00,
    0x00, 0x00, 0x41, 0x08, 0x45, 0x29, 0x51, 0x8c, 0xff, 0xff, 0xff, 0xff, 0xff, 0xff, 0xf3, 0x9c, 0x41, 0x08, 0x00, 0x00, 0x00, 0x00, 0x00, 0x00,
    0x00, 0x00, 0x00, 0x00, 0x00, 0x00, 0x00, 0x00, 0x00, 0x00, 0x00, 0x00, 0x00, 0x00, 0x00, 0x00, 0xcf, 0x7b, 0xff, 0xff, 0xff, 0xff, 0x9a, 0xd6,
    0x00, 0x00, 0x00, 0x00, 0xa6, 0x31, 0x7d, 0xef, 0xa6, 0x31, 0x86, 0x31, 0x51, 0x8c, 0x00, 0x00, 0x00, 0x00, 0xd3, 0x9c, 0x79, 0xf6, 0x45, 0xd1,
    0x00, 0xc0, 0x2c, 0xdb, 0xdb, 0xf6, 0x10, 0xe4, 0x18, 0xc6, 0x62, 0x08, 0x62, 0x08, 0x62, 0x08, 0x62, 0x08, 0x62, 0x08, 0x62, 0x08, 0x62, 0x08,
    0x62, 0x08, 0x62, 0x08, 0xfb, 0xde, 0x9e, 0xf7, 0x45, 0x29, 0xae, 0x73, 0xdf, 0xff, 0x71, 0xe4, 0x1c, 0xff, 0x79, 0xce, 0x14, 0xa5, 0x6d, 0x6b,
    0x00, 0x00, 0x41, 0x08, 0x4d, 0x6b, 0x1c, 0xe7, 0xff, 0xff, 0x75, 0xad, 0x00, 0x00, 0x00, 0x00, 0x00, 0x00, 0x00, 0x00, 0x00, 0x00, 0x00, 0x00,
    0x00, 0x00, 0x69, 0x4a, 0xfb, 0xde, 0xff, 0xff, 0xff, 0xff, 0xff, 0xff, 0xff, 0xff, 0xff, 0xff, 0x79, 0xce, 0x24, 0x21, 0x00, 0x00, 0x00, 0x00,
    0x00, 0x00, 0x00, 0x00, 0x00, 0x00, 0x00, 0x00, 0x00, 0x00, 0x00, 0x00, 0x00, 0x00, 0x00, 0x00, 0x96, 0xb5, 0xff, 0xff, 0xff, 0xff, 0x92, 0x94,
    0x00, 0x00, 0x00, 0x00, 0xef, 0x7b, 0x0c, 0x63, 0x00, 0x00, 0x00, 0x00, 0xcf, 0x7b, 0x00, 0x00, 0x00, 0x00, 0x14, 0xa5, 0x38, 0xf6, 0x20, 0xc8,
    0x00, 0xc8, 0xb6, 0xed, 0x08, 0xd2, 0x1c, 0xff, 0xc7, 0x39, 0x62, 0x08, 0x62, 0x08, 0x62, 0x08, 0x62, 0x08, 0x62, 0x08, 0x62, 0x08, 0x62, 0x08,
    0x62, 0x08, 0x62, 0x08, 0x76, 0xad, 0x38, 0xc6, 0x00, 0x00, 0x20, 0x00, 0x14, 0xa5, 0xff, 0xff, 0xff, 0xff, 0xff, 0xff, 0x18, 0xc6, 0x04, 0x21,
    0x82, 0x10, 0xb2, 0x94, 0xff, 0xff, 0x5d, 0xff, 0xdf, 0xff, 0x55, 0xad, 0x00, 0x00, 0x00, 0x00, 0x00, 0x00, 0x00, 0x00, 0x00, 0x00, 0x24, 0x21,
    0xb6, 0xb5, 0xff, 0xff, 0xff, 0xff, 0xff, 0xff, 0xff, 0xff, 0xff, 0xff, 0xff, 0xff, 0xff, 0xff, 0xff, 0xff, 0xff, 0xff, 0x10, 0x84, 0x00, 0x00,
    0x00, 0x00, 0x00, 0x00, 0x00, 0x00, 0x00, 0x00, 0x00, 0x00, 0x00, 0x00, 0x00, 0x00, 0xa6, 0x31, 0xdf, 0xff, 0xff, 0xff, 0xff, 0xff, 0x8e, 0x73,
    0x00, 0x00, 0x00, 0x00, 0xb2, 0x94, 0x6d, 0x6b, 0x51, 0x8c, 0xd3, 0x9c, 0xba, 0xd6, 0x00, 0x00, 0x00, 0x00, 0x55, 0xad, 0x38, 0xf6, 0x00, 0xc0,
    0x82, 0xc8, 0x24, 0xc9, 0xef, 0xe3, 0xff, 0xff, 0xa3, 0x10, 0x62, 0x08, 0x62, 0x08, 0x62, 0x08, 0x62, 0x08, 0x62, 0x08, 0x62, 0x08, 0x62, 0x08,
    0x62, 0x08, 0x62, 0x08, 0x8e, 0x73, 0xdf, 0xff, 0x61, 0x08, 0x00, 0x00, 0x00, 0x00, 0x86, 0x31, 0xef, 0x7b, 0x8a, 0x52, 0x00, 0x00, 0xa6, 0x31,
    0xdb, 0xde, 0xdf, 0xff, 0xd3, 0xec, 0x82, 0xc8, 0x9a, 0xf6, 0x18, 0xc6, 0x00, 0x00, 0x00, 0x00, 0x00, 0x00, 0x61, 0x08, 0x51, 0x8c, 0xdf, 0xff,
    0xff, 0xff, 0xff, 0xff, 0x79, 0xce, 0x10, 0x84, 0xc3, 0x18, 0xd3, 0x9c, 0xff, 0xff, 0xff, 0xff, 0xff, 0xff, 0xff, 0xff, 0xff, 0xff, 0x38, 0xc6,
    0x49, 0x4a, 0x00, 0x00, 0x00, 0x00, 0x00, 0x00, 0x00, 0x00, 0x00, 0x00, 0xe3, 0x18, 0xba, 0xd6, 0xff, 0xff, 0xff, 0xff, 0xff, 0xff, 0xae, 0x73,
    0x00, 0x00, 0x00, 0x00, 0x8e, 0x73, 0x1c, 0xe7, 0xff, 0xff, 0x1c, 0xe7, 0x18, 0xc6, 0x00, 0x00, 0x00, 0x00, 0xb6, 0xb5, 0x18, 0xf6, 0x61, 0xc8,
    0x45, 0xd1, 0x20, 0xc8, 0x1c, 0xff, 0xff, 0xff, 0x04, 0x21, 0x62, 0x08, 0x62, 0x08, 0x62, 0x08, 0x62, 0x08, 0x62, 0x08, 0x62, 0x08, 0x62, 0x08,
    0x62, 0x08, 0x62, 0x08, 0x45, 0x29, 0xff, 0xff, 0xae, 0x73, 0x00, 0x00, 0x00, 0x00, 0x00, 0x00, 0x00, 0x00, 0x00, 0x00, 0x45, 0x29, 0x18, 0xc6,
    0xff, 0xff, 0x49, 0xd2, 0x00, 0xc0, 0x00, 0xc0, 0x49, 0xd2, 0xff, 0xff, 0xf7, 0xbd, 0x92, 0x94, 0x6d, 0x6b, 0x3c, 0xe7, 0x7d, 0xef, 0xb6, 0xb5,
    0x92, 0x94, 0x8e, 0x73, 0xc7, 0x39, 0x00, 0x00, 0x00, 0x00, 0x20, 0x00, 0xbe, 0xf7, 0xff, 0xff, 0xff, 0xff, 0xff, 0xff, 0xff, 0xff, 0xff, 0xff,
    0xff, 0xff, 0x3c, 0xe7, 0x14, 0xa5, 0x51, 0x8c, 0x92, 0x94, 0xf7, 0xbd, 0xdf, 0xff, 0xff, 0xff, 0xff, 0xff, 0xff, 0xff, 0xff, 0xff, 0x14, 0xa5,
    0x20, 0x00, 0x20, 0x00, 0x3c, 0xe7, 0x8a, 0x52, 0x24, 0x21, 0x0c, 0x63, 0x65, 0x29, 0x00, 0x00, 0x00, 0x00, 0xd7, 0xbd, 0xf7, 0xf5, 0x49, 0xd2,
    0x41, 0xc8, 0x30, 0xe4, 0xff, 0xff, 0x9e, 0xf7, 0x82, 0x10, 0x62, 0x08, 0x62, 0x08, 0x62, 0x08, 0x62, 0x08, 0x62, 0x08, 0x62, 0x08, 0x62, 0x08,
    0x62, 0x08, 0x62, 0x08, 0x62, 0x08, 0x35, 0xa5, 0xbe, 0xf7, 0xa6, 0x31, 0x00, 0x00, 0x00, 0x00, 0x00, 0x00, 0xa6, 0x31, 0xdb, 0xde, 0x9e, 0xff,
    0x8a, 0xda, 0xa2, 0xc8, 0x20, 0xc8, 0x49, 0xd2, 0x59, 0xf6, 0xff, 0xff, 0x18, 0xc6, 0xba, 0xd6, 0x38, 0xc6, 0xcf, 0x7b, 0x6d, 0x6b, 0x92, 0x94,
    0xcb, 0x5a, 0xa2, 0x10, 0x41, 0x08, 0x00, 0x00, 0x00, 0x00, 0x00, 0x00, 0x38, 0xc6, 0xff, 0xff, 0xff, 0xff, 0xff, 0xff, 0xff, 0xff, 0xff, 0xff,
    0xff, 0xff, 0xdf, 0xff, 0xff, 0xff, 0xff, 0xff, 0xff, 0xff, 0xff, 0xff, 0xff, 0xff, 0xff, 0xff, 0xff, 0xff, 0xff, 0xff, 0xff, 0xff, 0xff, 0xff,
    0x79, 0xce, 0xb6, 0xb5, 0xff, 0xff, 0xbe, 0xf7, 0xe3, 0x18, 0x00, 0x00, 0x00, 0x00, 0x00, 0x00, 0x00, 0x00, 0x10, 0x84, 0x1c, 0xff, 0x24, 0xc9,
    0x6d, 0xdb, 0x7d, 0xff, 0xfb, 0xfe, 0x75, 0xad, 0x62, 0x08, 0x62, 0x08, 0x62, 0x08, 0x62, 0x08, 0x62, 0x08, 0x62, 0x08, 0x62, 0x08, 0x62, 0x08,
    0x62, 0x08, 0x62, 0x08, 0x62, 0x08, 0xa3, 0x10, 0x7a, 0xce, 0x9e, 0xf7, 0xeb, 0x5a, 0x08, 0x42, 0x14, 0xa5, 0xff, 0xff, 0x9a, 0xf6, 0x65, 0xd1,
    0x00, 0xc0, 0x82, 0xc8, 0xf7, 0xf5, 0xff, 0xff, 0xfb, 0xde, 0x71, 0x8c, 0x14, 0xa5, 0xc7, 0x39, 0x82, 0x10, 0x24, 0x21, 0x45, 0x29, 0x45, 0x29,
    0x45, 0x29, 0x00, 0x00, 0x00, 0x00, 0x00, 0x00, 0x00, 0x00, 0x00, 0x00, 0x38, 0xc6, 0xff, 0xff, 0xff, 0xff, 0xff, 0xff, 0x7d, 0xef, 0xcf, 0x7b,
    0x45, 0x29, 0x00, 0x00, 0x08, 0x42, 0x9a, 0xd6, 0xff, 0xff, 0xff, 0xff, 0xff, 0xff, 0xff, 0xff, 0xff, 0xff, 0xff, 0xff, 0xff, 0xff, 0xff, 0xff,
    0xff, 0xff, 0xff, 0xff, 0xff, 0xff, 0xff, 0xff, 0x96, 0xb5, 0x00, 0x00, 0x00, 0x00, 0x00, 0x00, 0x00, 0x00, 0xf7, 0xbd, 0x9a, 0xf6, 0xd7, 0xf5,
    0x30, 0xe4, 0xb6, 0xed, 0xfb, 0xf6, 0x49, 0x4a, 0x62, 0x08, 0x62, 0x08, 0x62, 0x08, 0x62, 0x08, 0x62, 0x08, 0x62, 0x08, 0x62, 0x08, 0x62, 0x08,
    0x62, 0x08, 0x62, 0x08, 0x62, 0x08, 0x62, 0x08, 0xc3, 0x18, 0x75, 0xad, 0xff, 0xff, 0xff, 0xff, 0xbe, 0xff, 0x8e, 0xe3, 0xc3, 0xc8, 0x00, 0xc0,
    0x00, 0xc0, 0x20, 0xc8, 0xff, 0xff, 0xef, 0x7b, 0x45, 0x29, 0x20, 0x00, 0x00, 0x00, 0x00, 0x00, 0x00, 0x00, 0x00, 0x00, 0x00, 0x00, 0x00, 0x00,
    0x82, 0x10, 0xae, 0x73, 0xf3, 0x9c, 0xf3, 0x9c, 0xa6, 0x31, 0xef, 0x7b, 0xff, 0xff, 0xff, 0xff, 0xff, 0xff, 0xff, 0xff, 0xe7, 0x39, 0x00, 0x00,
    0x00, 0x00, 0x00, 0x00, 0x00, 0x00, 0x20, 0x00, 0x75, 0xad, 0xff, 0xff, 0xff, 0xff, 0xff, 0xff, 0xff, 0xff, 0xff, 0xff, 0xff, 0xff, 0xff, 0xff,
    0xff, 0xff, 0xff, 0xff, 0xff, 0xff, 0x1c, 0xff, 0xdf, 0xff, 0x86, 0x31, 0x00, 0x00, 0x00, 0x00, 0x82, 0x10, 0xff, 0xff, 0xba, 0xf6, 0xb2, 0xec,
    0xfb, 0xfe, 0xff, 0xff, 0xcf, 0x7b, 0x62, 0x08, 0x62, 0x08, 0x62, 0x08, 0x62, 0x08, 0x62, 0x08, 0x62, 0x08, 0x62, 0x08, 0x62, 0x08, 0x62, 0x08,
    0x62, 0x08, 0x62, 0x08, 0x62, 0x08, 0x62, 0x08, 0x62, 0x08, 0x62, 0x08, 0x86, 0x31, 0x6a, 0x4a, 0x14, 0xa5, 0xbe, 0xf7, 0xd3, 0xec, 0x61, 0xc8,
    0x00, 0xc0, 0xc7, 0xd1, 0xff, 0xff, 0x92, 0x94, 0x00, 0x00, 0x00, 0x00, 0x00, 0x00, 0x00, 0x00, 0x00, 0x00, 0x00, 0x00, 0x00, 0x00, 0xae, 0x73,
    0x7d, 0xef, 0xff, 0xff, 0xff, 0xff, 0xff, 0xff, 0xff, 0xff, 0xff, 0xff, 0xff, 0xff, 0xff, 0xff, 0xff, 0xff, 0x9a, 0xd6, 0xc3, 0x18, 0x00, 0x00,
    0x00, 0x00, 0x00, 0x00, 0x00, 0x00, 0x00, 0x00, 0x61, 0x08, 0x5d, 0xef, 0xff, 0xff, 0xff, 0xff, 0xff, 0xff, 0xff, 0xff, 0xff, 0xff, 0xff, 0xff,
    0xff, 0xff, 0xff, 0xff, 0xff, 0xff, 0x7d, 0xff, 0xff, 0xff, 0xf7, 0xbd, 0xa2, 0x10, 0x41, 0x08, 0xb2, 0x94, 0xdf, 0xff, 0x8a, 0xda, 0x34, 0xed,
    0x5d, 0xff, 0x8e, 0x73, 0x62, 0x08, 0x62, 0x08, 0x62, 0x08, 0x62, 0x08, 0x62, 0x08, 0x62, 0x08, 0x62, 0x08, 0x62, 0x08, 0x62, 0x08, 0x62, 0x08,
    0x62, 0x08, 0x62, 0x08, 0x62, 0x08, 0x62, 0x08, 0x62, 0x08, 0x62, 0x08, 0x62, 0x08, 0x62, 0x08, 0x62, 0x08, 0xb3, 0x94, 0xff, 0xff, 0xff, 0xff,
    0xbe, 0xff, 0x7d, 0xff, 0x9a, 0xd6, 0x20, 0x00, 0x00, 0x00, 0x00, 0x00, 0x00, 0x00, 0x00, 0x00, 0x00, 0x00, 0x8e, 0x73, 0xe3, 0x18, 0x41, 0x08,
    0x4d, 0x6b, 0xfb, 0xde, 0xff, 0xff, 0xff, 0xff, 0xff, 0xff, 0xff, 0xff, 0xff, 0xff, 0x9a, 0xf6, 0x9e, 0xff, 0x38, 0xc6, 0x20, 0x00, 0x00, 0x00,
    0x00, 0x00, 0x00, 0x00, 0x00, 0x00, 0x00, 0x00, 0x00, 0x00, 0xf3, 0x9c, 0xff, 0xff, 0xff, 0xff, 0xff, 0xff, 0xff, 0xff, 0xff, 0xff, 0xff, 0xff,
    0xff, 0xff, 0xff, 0xff, 0xff, 0xff, 0xff, 0xff, 0x9a, 0xf6, 0xff, 0xff, 0x9e, 0xf7, 0x7d, 0xef, 0xff, 0xff, 0xcf, 0xe3, 0x0c, 0xdb, 0x3c, 0xff,
    0x8e, 0x73, 0x62, 0x08, 0x62, 0x08, 0x62, 0x08, 0x62, 0x08, 0x62, 0x08, 0x62, 0x08, 0x62, 0x08, 0x62, 0x08, 0x62, 0x08, 0x62, 0x08, 0x62, 0x08,
    0x62, 0x08, 0x62, 0x08, 0x62, 0x08, 0x62, 0x08, 0x62, 0x08, 0x62, 0x08, 0x62, 0x08, 0x62, 0x08, 0xf0, 0x7b, 0xff, 0xff, 0xb2, 0x94, 0xcb, 0x5a,
    0x8e, 0x73, 0x55, 0xad, 0x59, 0xce, 0x20, 0x00, 0x00, 0x00, 0x00, 0x00, 0x00, 0x00, 0x41, 0x08, 0xb2, 0x94, 0xff, 0xff, 0xb2, 0x94, 0x00, 0x00,
    0x00, 0x00, 0x00, 0x00, 0x34, 0xa5, 0xff, 0xff, 0xff, 0xff, 0xff, 0xff, 0xbe, 0xff, 0x8a, 0xda, 0xdf, 0xff, 0xff, 0xff, 0x08, 0x42, 0x00, 0x00,
    0x00, 0x00, 0x00, 0x00, 0x00, 0x00, 0x00, 0x00, 0x00, 0x00, 0xcb, 0x5a, 0xff, 0xff, 0xff, 0xff, 0xff, 0xff, 0xff, 0xff, 0xff, 0xff, 0xff, 0xff,
    0xff, 0xff, 0xff, 0xff, 0xff, 0xff, 0x1c, 0xff, 0xba, 0xf6, 0xcf, 0xe3, 0xef, 0xe3, 0xef, 0xe3, 0x65, 0xd1, 0xeb, 0xda, 0x3c, 0xff, 0x7a, 0xd6,
    0x62, 0x08, 0x62, 0x08, 0x62, 0x08, 0x62, 0x08, 0x62, 0x08, 0x62, 0x08, 0x62, 0x08, 0x62, 0x08, 0x62, 0x08, 0x62, 0x08, 0x62, 0x08, 0x62, 0x08,
    0x62, 0x08, 0x62, 0x08, 0x62, 0x08, 0x62, 0x08, 0x62, 0x08, 0x62, 0x08, 0x62, 0x08, 0x8e, 0x73, 0xff, 0xff, 0x92, 0x94, 0x00, 0x00, 0x00, 0x00,
    0x00, 0x00, 0x20, 0x00, 0xef, 0x7b, 0x38, 0xc6, 0x04, 0x21, 0x20, 0x00, 0x28, 0x42, 0xef, 0x7b, 0xba, 0xd6, 0xdf, 0xff, 0xdf, 0xff, 0x82, 0x10,
    0x00, 0x00, 0x00, 0x00, 0xc7, 0x39, 0xff, 0xff, 0xdf, 0xff, 0xff, 0xff, 0x9e, 0xff, 0x9e, 0xff, 0xff, 0xff, 0xbe, 0xf7, 0x04, 0x21, 0x00, 0x00,
    0x00, 0x00, 0x00, 0x00, 0x00, 0x00, 0x00, 0x00, 0x00, 0x00, 0xe7, 0x39, 0xff, 0xff, 0xff, 0xff, 0xff, 0xff, 0xff, 0xff, 0xff, 0xff, 0xff, 0xff,
    0xff, 0xff, 0xff, 0xff, 0x5d, 0xff, 0xdb, 0xf6, 0xc7, 0xd1, 0x00, 0xc0, 0x00, 0xc0, 0xe7, 0xd1, 0x96, 0xed, 0xff, 0xff, 0x9a, 0xd6, 0xa7, 0x31,
    0x62, 0x08, 0x62, 0x08, 0x62, 0x08, 0x62, 0x08, 0x62, 0x08, 0x62, 0x08, 0x62, 0x08, 0x62, 0x08, 0x62, 0x08, 0x62, 0x08, 0x62, 0x08, 0x62, 0x08,
    0x62, 0x08, 0x62, 0x08, 0x62, 0x08, 0x62, 0x08, 0x62, 0x08, 0x62, 0x08, 0x86, 0x31, 0xdf, 0xff, 0x92, 0x94, 0x00, 0x00, 0x00, 0x00, 0x00, 0x00,
    0x00, 0x00, 0x08, 0x42, 0xbe, 0xf7, 0xff, 0xff, 0xff, 0xff, 0xff, 0xff, 0xff, 0xff, 0xdb, 0xde, 0x65, 0x29, 0xe3, 0x18, 0x30, 0x84, 0x28, 0x42,
    0x00, 0x00, 0x00, 0x00, 0x45, 0x29, 0xff, 0xff, 0x9e, 0xf7, 0x1c, 0xe7, 0xb6, 0xb5, 0x30, 0x84, 0xaa, 0x52, 0x82, 0x10, 0x00, 0x00, 0x00, 0x00,
    0x00, 0x00, 0x00, 0x00, 0x00, 0x00, 0x00, 0x00, 0x00, 0x00, 0x28, 0x42, 0xff, 0xff, 0xff, 0xff, 0xff, 0xff, 0xff, 0xff, 0xdf, 0xff, 0xff, 0xff,
    0xbe, 0xff, 0xfb, 0xfe, 0x55, 0xed, 0x86, 0xd1, 0x41, 0xc8, 0xc7, 0xd1, 0xf3, 0xec, 0xdf, 0xff, 0xdf, 0xff, 0xfb, 0xe6, 0x86, 0x31, 0x62, 0x08,
    0x62, 0x08, 0x62, 0x08, 0x62, 0x08, 0x62, 0x08, 0x62, 0x08, 0x62, 0x08, 0x62, 0x08, 0x62, 0x08, 0x62, 0x08, 0x62, 0x08, 0x62, 0x08, 0x62, 0x08,
    0x62, 0x08, 0x62, 0x08, 0x62, 0x08, 0x62, 0x08, 0x62, 0x08, 0x62, 0x08, 0x71, 0x8c, 0x5d, 0xef, 0x20, 0x00, 0x00, 0x00, 0x00, 0x00, 0x00, 0x00,
    0x00, 0x00, 0x4d, 0x6b, 0xba, 0xd6, 0xff, 0xff, 0x10, 0xe4, 0xeb, 0xda, 0xaa, 0xda, 0xba, 0xf6, 0xdf, 0xff, 0xcb, 0x5a, 0x00, 0x00, 0x00, 0x00,
    0x00, 0x00, 0x00, 0x00, 0x45, 0x29, 0xff, 0xff, 0x3c, 0xe7, 0xb6, 0xb5, 0xf3, 0x9c, 0xa6, 0x31, 0x00, 0x00, 0x00, 0x00, 0x00, 0x00, 0x00, 0x00,
    0x00, 0x00, 0x00, 0x00, 0x00, 0x00, 0x00, 0x00, 0x00, 0x00, 0xae, 0x73, 0xff, 0xff, 0xff, 0xff, 0xff, 0xff, 0xff, 0xff, 0x3c, 0xff, 0x1c, 0xff,
    0xf3, 0xec, 0xf3, 0xec, 0x86, 0xd1, 0x2c, 0xdb, 0x9e, 0xff, 0x1c, 0xe7, 0xec, 0x5a, 0x66, 0x29, 0x82, 0x10, 0x62, 0x08, 0x62, 0x08, 0x62, 0x08,
    0x62, 0x08, 0x62, 0x08, 0x62, 0x08, 0x62, 0x08, 0x62, 0x08, 0x62, 0x08, 0x62, 0x08, 0x62, 0x08, 0x62, 0x08, 0x62, 0x08, 0x62, 0x08, 0x62, 0x08,
    0x62, 0x08, 0x62, 0x08, 0x62, 0x08, 0x62, 0x08, 0x62, 0x08, 0x62, 0x08, 0x96, 0xb5, 0xb6, 0xb5, 0x00, 0x00, 0x00, 0x00, 0x00, 0x00, 0x00, 0x00,
    0x00, 0x00, 0x0c, 0x63, 0xff, 0xff, 0xd7, 0xed, 0x45, 0xd1, 0x20, 0xc8, 0x00, 0xc0, 0x20, 0xc8, 0x34, 0xed, 0x9e, 0xf7, 0x20, 0x00, 0x00, 0x00,
    0x00, 0x00, 0x00, 0x00, 0xaa, 0x52, 0xff, 0xff, 0xbe, 0xf7, 0x75, 0xad, 0xcf, 0x7b, 0xe7, 0x39, 0x00, 0x00, 0x00, 0x00, 0x00, 0x00, 0x00, 0x00,
    0x00, 0x00, 0x00, 0x00, 0x00, 0x00, 0x00, 0x00, 0x00, 0x00, 0x9a, 0xd6, 0xdf, 0xff, 0x7d, 0xff, 0x1c, 0xff, 0x9e, 0xff, 0xd3, 0xec, 0x8e, 0xe3,
    0x4d, 0xdb, 0x08, 0xd2, 0xcf, 0xe3, 0x3c, 0xff, 0xdf, 0xff, 0xe8, 0x39, 0x62, 0x08, 0x62, 0x08, 0x62, 0x08, 0x62, 0x08, 0x62, 0x08, 0x62, 0x08,
    0x62, 0x08, 0x62, 0x08, 0x62, 0x08, 0x62, 0x08, 0x62, 0x08, 0x62, 0x08, 0x62, 0x08, 0x62, 0x08, 0x62, 0x08, 0x62, 0x08, 0x62, 0x08, 0x62, 0x08,
    0x62, 0x08, 0x62, 0x08, 0x62, 0x08, 0x62, 0x08, 0x62, 0x08, 0x62, 0x08, 0xd3, 0x9c, 0xba, 0xd6, 0x00, 0x00, 0x00, 0x00, 0x00, 0x00, 0x00, 0x00,
    0x00, 0x00, 0x75, 0xad, 0x1c, 0xff, 0x28, 0xd2, 0x69, 0xda, 0x45, 0xd1, 0x00, 0xc8, 0x00, 0xc0, 0xef, 0xe3, 0xdf, 0xff, 0x61, 0x08, 0x00, 0x00,
    0x00, 0x00, 0x00, 0x00, 0x96, 0xb5, 0xba, 0xf6, 0xcf, 0xe3, 0x38, 0xf6, 0xff, 0xff, 0xdf, 0xff, 0xd3, 0x9c, 0x61, 0x08, 0x00, 0x00, 0x00, 0x00,
    0x00, 0x00, 0x00, 0x00, 0x00, 0x00, 0x00, 0x00, 0x4d, 0x6b, 0xff, 0xff, 0xd7, 0xed, 0x14, 0xed, 0x92, 0xe4, 0x24, 0xc9, 0xc3, 0xc8, 0xa2, 0xc8,
    0xeb, 0xda, 0x71, 0xe4, 0x55, 0xed, 0x3c, 0xf7, 0x8a, 0x52, 0x62, 0x08, 0x62, 0x08, 0x62, 0x08, 0x62, 0x08, 0x62, 0x08, 0x62, 0x08, 0x62, 0x08,
    0x62, 0x08, 0x62, 0x08, 0x62, 0x08, 0x62, 0x08, 0x62, 0x08, 0x62, 0x08, 0x62, 0x08, 0x62, 0x08, 0x62, 0x08, 0x62, 0x08, 0x62, 0x08, 0x62, 0x08,
    0x62, 0x08, 0x62, 0x08, 0x62, 0x08, 0x62, 0x08, 0x62, 0x08, 0x62, 0x08, 0x0c, 0x63, 0xff, 0xff, 0x82, 0x10, 0x00, 0x00, 0x00, 0x00, 0x00, 0x00,
    0x00, 0x00, 0x3c, 0xe7, 0xbe, 0xff, 0x38, 0xf6, 0xc7, 0xd1, 0x00, 0xc0, 0x00, 0xc0, 0x00, 0xc0, 0xdb, 0xf6, 0xf3, 0x9c, 0x00, 0x00, 0x00, 0x00,
    0x00, 0x00, 0x45, 0x29, 0xff, 0xff, 0x2c, 0xdb, 0x00, 0xc0, 0x00, 0xc0, 0xc3, 0xc8, 0xae, 0xe3, 0xbe, 0xff, 0x9e, 0xf7, 0x49, 0x4a, 0x00, 0x00,
    0x00, 0x00, 0x00, 0x00, 0x00, 0x00, 0xaa, 0x52, 0xdf, 0xff, 0x55, 0xed, 0x49, 0xd2, 0x20, 0xc8, 0x61, 0xc8, 0x82, 0xc8, 0x86, 0xd1, 0x28, 0xd2,
    0x75, 0xed, 0x75, 0xed, 0xfb, 0xe6, 0xe8, 0x39, 0x62, 0x08, 0x62, 0x08, 0x62, 0x08, 0x62, 0x08, 0x62, 0x08, 0x62, 0x08, 0x62, 0x08, 0x62, 0x08,
    0x62, 0x08, 0x62, 0x08, 0x62, 0x08, 0x62, 0x08, 0x62, 0x08, 0x62, 0x08, 0x62, 0x08, 0x62, 0x08, 0x62, 0x08, 0x62, 0x08, 0x62, 0x08, 0x62, 0x08,
    0x62, 0x08, 0x62, 0x08, 0x62, 0x08, 0x62, 0x08, 0x62, 0x08, 0x62, 0x08, 0x04, 0x21, 0xdf, 0xff, 0x30, 0x84, 0x00, 0x00, 0x00, 0x00, 0x00, 0x00,
    0xeb, 0x5a, 0xff, 0xff, 0x7d, 0xff, 0x7d, 0xff, 0x9e, 0xff, 0x92, 0xe4, 0xa6, 0xd1, 0x0c, 0xdb, 0xbe, 0xff, 0x14, 0xa5, 0x20, 0x00, 0x00, 0x00,
    0x00, 0x00, 0x55, 0xad, 0x3c, 0xff, 0x20, 0xc8, 0x00, 0xc0, 0x00, 0xc0, 0x00, 0xc0, 0x00, 0xc0, 0x86, 0xd1, 0x79, 0xf6, 0xdf, 0xff, 0x59, 0xce,
    0x10, 0x84, 0x30, 0x84, 0xf7, 0xbd, 0xff, 0xff, 0x34, 0xed, 0x20, 0xc8, 0x00, 0xc0, 0x82, 0xc8, 0xc3, 0xc8, 0x28, 0xd2, 0xd3, 0xec, 0x10, 0xe4,
    0x4d, 0xdb, 0x9a, 0xd6, 0x45, 0x29, 0x62, 0x08, 0x62, 0x08, 0x62, 0x08, 0x62, 0x08, 0x62, 0x08, 0x62, 0x08, 0x62, 0x08, 0x62, 0x08, 0x62, 0x08,
    0x62, 0x08, 0x62, 0x08, 0x62, 0x08, 0x62, 0x08, 0x62, 0x08, 0x62, 0x08, 0x62, 0x08, 0x62, 0x08, 0x62, 0x08, 0x62, 0x08, 0x62, 0x08, 0x62, 0x08,
    0x62, 0x08, 0x62, 0x08, 0x62, 0x08, 0x62, 0x08, 0x62, 0x08, 0x62, 0x08, 0x62, 0x08, 0x10, 0x84, 0xff, 0xff, 0xd3, 0x9c, 0x45, 0x29, 0x61, 0x08,
    0xdb, 0xde, 0xff, 0xff, 0xff, 0xff, 0xdf, 0xff, 0x9e, 0xff, 0xba, 0xf6, 0x59, 0xf6, 0xeb, 0xda, 0x51, 0xe4, 0xff, 0xff, 0xef, 0x7b, 0xa2, 0x10,
    0xd3, 0x9c, 0xff, 0xff, 0x4d, 0xdb, 0x00, 0xc0, 0x20, 0xc8, 0x61, 0xc8, 0x00, 0xc8, 0x00, 0xc0, 0x20, 0xc8, 0xa2, 0xc8, 0x30, 0xe4, 0x96, 0xed,
    0x7d, 0xff, 0x1c, 0xff, 0xd7, 0xed, 0xaa, 0xda, 0x00, 0xc0, 0xc3, 0xc8, 0xeb, 0xda, 0x8e, 0xe3, 0x51, 0xe4, 0x9a, 0xf6, 0x92, 0xe4, 0x55, 0xed,
    0x1c, 0xe7, 0x25, 0x21, 0x62, 0x08, 0x62, 0x08, 0x62, 0x08, 0x62, 0x08, 0x62, 0x08, 0x62, 0x08, 0x62, 0x08, 0x62, 0x08, 0x62, 0x08, 0x62, 0x08,
    0x62, 0x08, 0x62, 0x08, 0x62, 0x08, 0x62, 0x08, 0x62, 0x08, 0x62, 0x08, 0x62, 0x08, 0x62, 0x08, 0x62, 0x08, 0x62, 0x08, 0x62, 0x08, 0x62, 0x08,
    0x62, 0x08, 0x62, 0x08, 0x62, 0x08, 0x62, 0x08, 0x62, 0x08, 0x62, 0x08, 0x62, 0x08, 0x82, 0x10, 0x92, 0x94, 0x7d, 0xef, 0xff, 0xff, 0xff, 0xff,
    0xff, 0xff, 0x59, 0xce, 0x14, 0xa5, 0xbe, 0xf7, 0xdf, 0xff, 0xbe, 0xff, 0x5d, 0xff, 0xba, 0xf6, 0x34, 0xed, 0xb6, 0xed, 0xff, 0xff, 0xdf, 0xff,
    0x9e, 0xff, 0x8e, 0xe3, 0x49, 0xd2, 0xe3, 0xc8, 0xc3, 0xc8, 0x00, 0xc0, 0x20, 0xc8, 0x00, 0xc0, 0x82, 0xc8, 0x20, 0xc8, 0x00, 0xc0, 0x00, 0xc0,
    0x41, 0xc8, 0x65, 0xd1, 0xe7, 0xd1, 0xeb, 0xda, 0x49, 0xd2, 0x71, 0xe4, 0xba, 0xf6, 0xbe, 0xff, 0x1c, 0xff, 0xbe, 0xff, 0x7d, 0xff, 0x14, 0xa5,
    0x45, 0x29, 0x62, 0x08, 0x62, 0x08, 0x62, 0x08, 0x62, 0x08, 0x62, 0x08, 0x62, 0x08, 0x62, 0x08, 0x62, 0x08, 0x62, 0x08, 0x62, 0x08, 0x62, 0x08,
    0x62, 0x08, 0x62, 0x08, 0x62, 0x08, 0x62, 0x08, 0x62, 0x08, 0x62, 0x08, 0x62, 0x08, 0x62, 0x08, 0x62, 0x08, 0x62, 0x08, 0x62, 0x08, 0x62, 0x08,
    0x62, 0x08, 0x62, 0x08, 0x62, 0x08, 0x62, 0x08, 0x62, 0x08, 0x62, 0x08, 0x62, 0x08, 0x62, 0x08, 0x62, 0x08, 0xc3, 0x18, 0x6a, 0x4a, 0x2d, 0x63,
    0x66, 0x29, 0x62, 0x08, 0x62, 0x08, 0xe4, 0x18, 0x2d, 0x63, 0x14, 0xa5, 0xb3, 0x94, 0x9a, 0xd6, 0xff, 0xff, 0xbe, 0xff, 0xff, 0xff, 0xff, 0xff,
    0x9e, 0xff, 0x18, 0xf6, 0xb6, 0xed, 0xba, 0xf6, 0xdf, 0xff, 0x3c, 0xff, 0x75, 0xed, 0x8e, 0xe3, 0xe7, 0xd1, 0x61, 0xc8, 0x41, 0xc8, 0xa2, 0xc8,
    0x61, 0xc8, 0x45, 0xd1, 0x08, 0xd2, 0x51, 0xe4, 0x9a, 0xe6, 0x31, 0x84, 0x8a, 0x52, 0xaf, 0x73, 0x4d, 0x6b, 0xe8, 0x39, 0x45, 0x29, 0x62, 0x08,
    0x62, 0x08, 0x62, 0x08, 0x62, 0x08, 0x62, 0x08, 0x62, 0x08, 0x62, 0x08, 0x62, 0x08, 0x62, 0x08, 0x62, 0x08, 0x62, 0x08, 0x62, 0x08, 0x62, 0x08,
    0x62, 0x08, 0x62, 0x08, 0x62, 0x08, 0x62, 0x08, 0x62, 0x08, 0x62, 0x08, 0x62, 0x08, 0x62, 0x08, 0x62, 0x08, 0x62, 0x08, 0x62, 0x08, 0x62, 0x08,
    0x62, 0x08, 0x62, 0x08, 0x62, 0x08, 0x62, 0x08, 0x62, 0x08, 0x62, 0x08, 0x62, 0x08, 0x62, 0x08, 0x62, 0x08, 0x62, 0x08, 0x62, 0x08, 0x62, 0x08,
    0x62, 0x08, 0x62, 0x08, 0x62, 0x08, 0x62, 0x08, 0x62, 0x08, 0x62, 0x08, 0x62, 0x08, 0x82, 0x10, 0x31, 0x84, 0xd3, 0x9c, 0x04, 0x21, 0xae, 0x73,
    0xcf, 0x7b, 0xff, 0xff, 0x3c, 0xe7, 0xff, 0xff, 0x9a, 0xd6, 0xe8, 0x39, 0xeb, 0x5a, 0x10, 0x84, 0x55, 0xad, 0x18, 0xc6, 0x7a, 0xd6, 0xba, 0xee,
    0xfb, 0xe6, 0x9a, 0xd6, 0x55, 0xad, 0x2d, 0x63, 0xc3, 0x18, 0x62, 0x08, 0x62, 0x08, 0x62, 0x08, 0x62, 0x08, 0x62, 0x08, 0x62, 0x08, 0x62, 0x08,
    0x62, 0x08, 0x62, 0x08, 0x62, 0x08, 0x62, 0x08, 0x62, 0x08, 0x62, 0x08, 0x62, 0x08, 0x62, 0x08, 0x62, 0x08, 0x62, 0x08, 0x62, 0x08, 0x62, 0x08,
    0x62, 0x08, 0x62, 0x08, 0x62, 0x08, 0x62, 0x08, 0x62, 0x08, 0x62, 0x08, 0x62, 0x08, 0x62, 0x08, 0x62, 0x08, 0x62, 0x08, 0x62, 0x08, 0x62, 0x08,
    0x62, 0x08, 0x62, 0x08, 0x62, 0x08, 0x62, 0x08, 0x62, 0x08, 0x62, 0x08, 0x62, 0x08, 0x62, 0x08, 0x62, 0x08, 0x62, 0x08, 0x62, 0x08, 0x62, 0x08,
    0x62, 0x08, 0x62, 0x08, 0x62, 0x08, 0x62, 0x08, 0x62, 0x08, 0x62, 0x08, 0x62, 0x08, 0x62, 0x08, 0x62, 0x08, 0x62, 0x08, 0x62, 0x08, 0x62, 0x08,
    0xc3, 0x18, 0xdb, 0xde, 0x59, 0xce, 0x1c, 0xe7, 0x0c, 0x63, 0x62, 0x08, 0x62, 0x08, 0x62, 0x08, 0x62, 0x08, 0x62, 0x08, 0x62, 0x08, 0x62, 0x08,
    0x62, 0x08, 0x62, 0x08, 0x62, 0x08, 0x62, 0x08, 0x62, 0x08, 0x62, 0x08, 0x62, 0x08, 0x62, 0x08, 0x62, 0x08, 0x62, 0x08, 0x62, 0x08, 0x62, 0x08,
    0x62, 0x08, 0x62, 0x08, 0x62, 0x08, 0x62, 0x08, 0x62, 0x08, 0x62, 0x08, 0x62, 0x08, 0x62, 0x08, 0x62, 0x08, 0x62, 0x08, 0x62, 0x08, 0x62, 0x08,
    0x62, 0x08, 0x62, 0x08, 0x62, 0x08, 0x62, 0x08, 0x62, 0x08, 0x62, 0x08, 0x62, 0x08, 0x62, 0x08, 0x62, 0x08, 0x62, 0x08, 0x62, 0x08, 0x62, 0x08,
    0x62, 0x08, 0x62, 0x08, 0x62, 0x08, 0x62, 0x08, 0x62, 0x08, 0x62, 0x08, 0x62, 0x08, 0x62, 0x08, 0x62, 0x08, 0x62, 0x08, 0x62, 0x08, 0x62, 0x08,
    0x62, 0x08, 0x62, 0x08, 0x62, 0x08, 0x62, 0x08, 0x62, 0x08, 0x62, 0x08, 0x62, 0x08, 0x62, 0x08, 0x62, 0x08, 0x62, 0x08, 0x62, 0x08, 0x62, 0x08,
    0x62, 0x08, 0x62, 0x08, 0x62, 0x08, 0x62, 0x08, 0x62, 0x08, 0x62, 0x08, 0x62, 0x08, 0x62, 0x08, 0x62, 0x08, 0x62, 0x08, 0x62, 0x08, 0x62, 0x08,
    0x62, 0x08, 0x62, 0x08, 0x62, 0x08, 0x62, 0x08, 0x62, 0x08, 0x62, 0x08, 0x62, 0x08, 0x62, 0x08, 0x62, 0x08, 0x62, 0x08, 0x62, 0x08, 0x62, 0x08,
    0x62, 0x08, 0x62, 0x08, 0x62, 0x08, 0x62, 0x08, 0x62, 0x08, 0x62, 0x08, 0x62, 0x08, 0x62, 0x08, 0x62, 0x08, 0x62, 0x08, 0x62, 0x08, 0x62, 0x08,
    0x62, 0x08, 0x62, 0x08, 0x62, 0x08, 0x62, 0x08, 0x62, 0x08, 0x62, 0x08, 0x62, 0x08, 0x62, 0x08, 0x62, 0x08, 0x62, 0x08, 0x62, 0x08, 0x62, 0x08,
    0x62, 0x08, 0x62, 0x08, 0x62, 0x08, 0x62, 0x08, 0x62, 0x08, 0x62, 0x08, 0x62, 0x08, 0x62, 0x08, 0x62, 0x08, 0x62, 0x08, 0x62, 0x08, 0x62, 0x08,
    0x62, 0x08, 0x62, 0x08, 0x62, 0x08, 0x62, 0x08, 0x62, 0x08, 0x62, 0x08, 0x62, 0x08, 0x62, 0x08, 0x62, 0x08, 0x62, 0x08, 0x62, 0x08, 0x62, 0x08,
    0x62, 0x08, 0x62, 0x08, 0x62, 0x08, 0x62, 0x08, 0x62, 0x08, 0x62, 0x08, 0x62, 0x08, 0x62, 0x08, 0x62, 0x08, 0x62, 0x08, 0x62, 0x08, 0x62, 0x08,
    0x62, 0x08, 0x62, 0x08, 0x62, 0x08, 0x62, 0x08, 0x62, 0x08, 0x62, 0x08, 0x62, 0x08, 0x62, 0x08, 0x62, 0x08, 0x62, 0x08, 0x62, 0x08, 0x62, 0x08,
    0x62, 0x08, 0x62, 0x08, 0x62, 0x08, 0x62, 0x08, 0x62, 0x08, 0x62, 0x08, 0x62, 0x08, 0x62, 0x08, 0x62, 0x08, 0x62, 0x08, 0x62, 0x08, 0x62, 0x08,
    0x62, 0x08, 0x62, 0x08, 0x62, 0x08, 0x62, 0x08, 0x62, 0x08, 0x62, 0x08, 0x62, 0x08, 0x62, 0x08, 0x62, 0x08, 0x62, 0x08, 0x62, 0x08, 0x62, 0x08,
    0x62, 0x08, 0x62, 0x08, 0x62, 0x08, 0x62, 0x08, 0x62, 0x08, 0x62, 0x08, 0x62, 0x08, 0x62, 0x08, 0x62, 0x08, 0x62, 0x08, 0x62, 0x08, 0x62, 0x08,
    0x62, 0x08, 0x62, 0x08, 0x62, 0x08, 0x62, 0x08, 0x62, 0x08, 0x62, 0x08, 0x62, 0x08, 0x62, 0x08, 0x62, 0x08, 0x62, 0x08, 0x62, 0x08, 0x62, 0x08,
    0x62, 0x08, 0x62, 0x08, 0x62, 0x08, 0x62, 0x08, 0x62, 0x08, 0x62, 0x08, 0x62, 0x08, 0x62, 0x08, 0x62, 0x08, 0x62, 0x08, 0x62, 0x08, 0x62, 0x08,
    0x62, 0x08, 0x62, 0x08, 0x62, 0x08, 0x62, 0x08, 0x62, 0x08, 0x62, 0x08, 0x62, 0x08, 0x62, 0x08, 0x62, 0x08, 0x62, 0x08, 0x62, 0x08, 0x62, 0x08,
    0x62, 0x08, 0x62, 0x08, 0x62, 0x08, 0x62, 0x08, 0x62, 0x08, 0x62, 0x08, 0x62, 0x08, 0x62, 0x08, 0x62, 0x08, 0x62, 0x08, 0x62, 0x08, 0x62, 0x08,
    0x62, 0x08, 0x62, 0x08, 0x62, 0x08, 0x62, 0x08, 0x62, 0x08, 0x62, 0x08, 0x62, 0x08, 0x62, 0x08, 0x62, 0x08, 0x62, 0x08, 0x62, 0x08, 0x62, 0x08,
    0x62, 0x08, 0x62, 0x08, 0x62, 0x08, 0x62, 0x08, 0x62, 0x08, 0x62, 0x08, 0x62, 0x08, 0x62, 0x08, 0x62, 0x08, 0x62, 0x08, 0x62, 0x08, 0x62, 0x08,
    0x62, 0x08, 0x62, 0x08, 0x62, 0x08, 0x62, 0x08, 0x62, 0x08, 0x62, 0x08, 0x62, 0x08, 0x62, 0x08, 0x62, 0x08, 0x62, 0x08, 0x62, 0x08, 0x62, 0x08,
    0x62, 0x08, 0x62, 0x08, 0x62, 0x08, 0x62, 0x08, 0x62, 0x08, 0x62, 0x08, 0x62, 0x08, 0x62, 0x08, 0x62, 0x08, 0x62, 0x08, 0x62, 0x08, 0x62, 0x08,
    0x62, 0x08, 0x62, 0x08, 0x62, 0x08, 0x62, 0x08, 0x62, 0x08, 0x62, 0x08, 0x62, 0x08, 0x62, 0x08, 0x62, 0x08, 0x62, 0x08, 0x62, 0x08, 0x62, 0x08,
    0x62, 0x08, 0x62, 0x08, 0x62, 0x08, 0x62, 0x08, 0x62, 0x08, 0x62, 0x08, 0x62, 0x08, 0x62, 0x08, 0x62, 0x08, 0x62, 0x08, 0x62, 0x08, 0x62, 0x08,
    0x62, 0x08, 0x62, 0x08, 0x62, 0x08, 0x62, 0x08, 0x62, 0x08, 0x62, 0x08, 0x62, 0x08, 0x62, 0x08, 0x62, 0x08, 0x62, 0x08, 0x62, 0x08, 0x62, 0x08,
    0x62, 0x08, 0x62, 0x08, 0x62, 0x08, 0x62, 0x08, 0x62, 0x08, 0x62, 0x08, 0x62, 0x08, 0x62, 0x08, 0x62, 0x08, 0x62, 0x08, 0x62, 0x08, 0x62, 0x08,
    0x62, 0x08, 0x62, 0x08, 0x62, 0x08, 0x62, 0x08, 0x62, 0x08, 0x62, 0x08, 0x62, 0x08, 0x62, 0x08, 0x62, 0x08, 0x62, 0x08, 0x62, 0x08, 0x62, 0x08,
    0x62, 0x08, 0x62, 0x08, 0x62, 0x08, 0x62, 0x08, 0x62, 0x08, 0x62, 0x08, 0x62, 0x08, 0x62, 0x08, 0x62, 0x08, 0x62, 0x08, 0x62, 0x08, 0x62, 0x08,
    0x62, 0x08, 0x62, 0x08, 0x62, 0x08, 0x62, 0x08, 0x62, 0x08, 0x62, 0x08, 0x62, 0x08, 0x62, 0x08, 0x62, 0x08, 0x62, 0x08, 0x62, 0x08, 0x62, 0x08,
    0x62, 0x08, 0x62, 0x08, 0x62, 0x08, 0x62, 0x08, 0x62, 0x08, 0x62, 0x08, 0x62, 0x08, 0x62, 0x08, 0x62, 0x08, 0x62, 0x08, 0x62, 0x08, 0x62, 0x08,
    0x62, 0x08, 0x62, 0x08, 0x62, 0x08, 0x62, 0x08, 0x62, 0x08, 0x62, 0x08, 0x62, 0x08, 0x62, 0x08, 0x62, 0x08, 0x62, 0x08, 0x62, 0x08, 0x62, 0x08,
    0x62, 0x08, 0x62, 0x08, 0x62, 0x08, 0x62, 0x08, 0x62, 0x08, 0x62, 0x08, 0x62, 0x08, 0x62, 0x08, 0x62, 0x08, 0x62, 0x08, 0x62, 0x08, 0x62, 0x08,
    0x62, 0x08, 0x62, 0x08, 0x62, 0x08, 0x62, 0x08, 0x62, 0x08, 0x62, 0x08, 0x62, 0x08, 0x62, 0x08, 0x62, 0x08, 0x62, 0x08, 0x62, 0x08, 0x62, 0x08,
    0x62, 0x08, 0x62, 0x08, 0x62, 0x08, 0x62, 0x08, 0x62, 0x08, 0x62, 0x08, 0x62, 0x08, 0x62, 0x08, 0x62, 0x08, 0x62, 0x08, 0x62, 0x08, 0x62, 0x08,
    0x62, 0x08, 0x62, 0x08, 0x62, 0x08, 0x62, 0x08, 0x62, 0x08, 0x62, 0x08, 0x62, 0x08, 0x62, 0x08, 0x62, 0x08, 0x62, 0x08, 0x62, 0x08, 0x62, 0x08,
    0x62, 0x08, 0x62, 0x08, 0x62, 0x08, 0x62, 0x08, 0x62, 0x08, 0x62, 0x08, 0x62, 0x08, 0x62, 0x08, 0x62, 0x08, 0x62, 0x08, 0x62, 0x08, 0x62, 0x08,
    0x62, 0x08, 0x62, 0x08, 0x62, 0x08, 0x62, 0x08, 0x62, 0x08, 0x62, 0x08, 0x62, 0x08, 0x62, 0x08, 0x62, 0x08, 0x62, 0x08, 0x62, 0x08, 0x62, 0x08,
    0x62, 0x08, 0x62, 0x08, 0x62, 0x08, 0x62, 0x08, 0x62, 0x08, 0x62, 0x08, 0x62, 0x08, 0x62, 0x08, 0x62, 0x08, 0x62, 0x08, 0x62, 0x08, 0x62, 0x08,
    0x62, 0x08, 0x62, 0x08, 0x62, 0x08, 0x62, 0x08, 0x62, 0x08, 0x62, 0x08, 0x62, 0x08, 0x62, 0x08, 0x62, 0x08, 0x62, 0x08, 0xc3, 0x18, 0x62, 0x08,
    0x62, 0x08, 0x62, 0x08, 0x62, 0x08, 0x82, 0x10, 0xa7, 0x31, 0xf0, 0x7b, 0x72, 0x8c, 0xf4, 0x9c, 0x7a, 0xce, 0x7d, 0xef, 0xbe, 0xf7, 0x1c, 0xe7,
    0x1c, 0xe7, 0x96, 0xb5, 0x10, 0x84, 0x6e, 0x6b, 0x45, 0x29, 0x62, 0x08, 0x62, 0x08, 0x62, 0x08, 0x62, 0x08, 0x62, 0x08, 0x62, 0x08, 0x10, 0x84,
    0xdb, 0xde, 0xd3, 0x9c, 0x82, 0x10, 0x62, 0x08, 0x62, 0x08, 0x62, 0x08, 0x62, 0x08, 0x62, 0x08, 0x62, 0x08, 0x62, 0x08, 0x62, 0x08, 0x62, 0x08,
    0x62, 0x08, 0x62, 0x08, 0x62, 0x08, 0x62, 0x08, 0x62, 0x08, 0x62, 0x08, 0x62, 0x08, 0x62, 0x08, 0x62, 0x08, 0x62, 0x08, 0x62, 0x08, 0x62, 0x08,
    0x62, 0x08, 0x62, 0x08, 0x62, 0x08, 0x62, 0x08, 0x62, 0x08, 0x62, 0x08, 0x62, 0x08, 0x62, 0x08, 0x62, 0x08, 0x62, 0x08, 0x62, 0x08, 0x62, 0x08,
    0x62, 0x08, 0x62, 0x08, 0x62, 0x08, 0x62, 0x08, 0x62, 0x08, 0x62, 0x08, 0x62, 0x08, 0x6a, 0x4a, 0x55, 0xad, 0x38, 0xc6, 0xf7, 0xbd, 0x8a, 0x52,
    0x25, 0x21, 0x4d, 0x6b, 0xb6, 0xb5, 0xbe, 0xf7, 0xff, 0xff, 0x5d, 0xef, 0xba, 0xce, 0x7c, 0xe7, 0xff, 0xff, 0xff, 0xff, 0xff, 0xff, 0xff, 0xff,
    0xff, 0xff, 0xff, 0xff, 0xbe, 0xf7, 0xdf, 0xff, 0xff, 0xff, 0x9e, 0xf7, 0x38, 0xc6, 0xef, 0x7b, 0x86, 0x31, 0x62, 0x08, 0x31, 0x84, 0xff, 0xff,
    0x75, 0xad, 0xff, 0xff, 0xf4, 0x9c, 0xa3, 0x10, 0x62, 0x08, 0x62, 0x08, 0x62, 0x08, 0x62, 0x08, 0x62, 0x08, 0x62, 0x08, 0x62, 0x08, 0x62, 0x08,
    0x62, 0x08, 0x62, 0x08, 0x62, 0x08, 0x62, 0x08, 0x62, 0x08, 0x62, 0x08, 0x62, 0x08, 0x62, 0x08, 0x62, 0x08, 0x62, 0x08, 0x62, 0x08, 0x62, 0x08,
    0x62, 0x08, 0x62, 0x08, 0x62, 0x08, 0x62, 0x08, 0x62, 0x08, 0x62, 0x08, 0x62, 0x08, 0x62, 0x08, 0x62, 0x08, 0x62, 0x08, 0x62, 0x08, 0x62, 0x08,
    0x62, 0x08, 0x62, 0x08, 0x62, 0x08, 0x62, 0x08, 0x62, 0x08, 0x62, 0x08, 0x31, 0x84, 0xdf, 0xff, 0x16, 0xb6, 0x5c, 0xe7, 0xff, 0xff, 0xff, 0xff,
    0xff, 0xff, 0x5d, 0xef, 0xd5, 0xa5, 0x2e, 0x65, 0x08, 0x2d, 0x24, 0x05, 0x45, 0x0d, 0x45, 0x0d, 0x9b, 0xd7, 0xff, 0xff, 0xff, 0xff, 0xff, 0xff,
    0xff, 0xff, 0xff, 0xff, 0xfe, 0xf7, 0xff, 0xff, 0xbd, 0xef, 0xd1, 0x7d, 0x92, 0x8d, 0x1c, 0xdf, 0xff, 0xff, 0xba, 0xd6, 0x1c, 0xe7, 0xdf, 0xff,
    0x00, 0x00, 0xf7, 0xbd, 0xbe, 0xf7, 0xb6, 0xb5, 0x82, 0x10, 0x62, 0x08, 0x62, 0x08, 0x62, 0x08, 0x62, 0x08, 0x62, 0x08, 0x62, 0x08, 0x62, 0x08,
    0x62, 0x08, 0x62, 0x08, 0x62, 0x08, 0x62, 0x08, 0x62, 0x08, 0x62, 0x08, 0x62, 0x08, 0x62, 0x08, 0x62, 0x08, 0x62, 0x08, 0x62, 0x08, 0x62, 0x08,
    0x62, 0x08, 0x62, 0x08, 0x62, 0x08, 0x62, 0x08, 0x62, 0x08, 0x62, 0x08, 0x62, 0x08, 0x62, 0x08, 0x62, 0x08, 0x62, 0x08, 0x62, 0x08, 0x62, 0x08,
    0x62, 0x08, 0x62, 0x08, 0x62, 0x08, 0x62, 0x08, 0xa3, 0x10, 0x55, 0xad, 0x9e, 0xf7, 0x0d, 0x65, 0x16, 0xb6, 0xd5, 0xa5, 0x17, 0xb6, 0xb4, 0x9d,
    0x0c, 0x55, 0x25, 0x0d, 0x24, 0x05, 0x24, 0x05, 0x24, 0x05, 0x24, 0x05, 0x24, 0x05, 0xec, 0x4d, 0xff, 0xff, 0xde, 0xef, 0xff, 0xff, 0xff, 0xff,
    0xff, 0xff, 0xff, 0xff, 0xff, 0xff, 0x30, 0x84, 0xdb, 0xde, 0xbd, 0xe7, 0x31, 0x7e, 0x26, 0x1d, 0xe9, 0x3c, 0x72, 0x8d, 0x7d, 0xef, 0x5d, 0xef,
    0x00, 0x00, 0x9a, 0xd6, 0x49, 0x4a, 0xdf, 0xff, 0xd3, 0x9c, 0x62, 0x08, 0x62, 0x08, 0x62, 0x08, 0x62, 0x08, 0x62, 0x08, 0x62, 0x08, 0x62, 0x08,
    0x62, 0x08, 0x62, 0x08, 0x62, 0x08, 0x62, 0x08, 0x62, 0x08, 0x62, 0x08, 0x62, 0x08, 0x62, 0x08, 0x62, 0x08, 0x62, 0x08, 0x62, 0x08, 0x62, 0x08,
    0x62, 0x08, 0x62, 0x08, 0x62, 0x08, 0x62, 0x08, 0x62, 0x08, 0x62, 0x08, 0x62, 0x08, 0x62, 0x08, 0x62, 0x08, 0x62, 0x08, 0x62, 0x08, 0x62, 0x08,
    0x62, 0x08, 0x62, 0x08, 0x45, 0x29, 0xcb, 0x5a, 0xfb, 0xde, 0x3c, 0xe7, 0xe9, 0x34, 0x2e, 0x65, 0xec, 0x4c, 0xe9, 0x34, 0x25, 0x0d, 0x24, 0x05,
    0x24, 0x05, 0x24, 0x05, 0x24, 0x05, 0x24, 0x05, 0x24, 0x05, 0x24, 0x05, 0x24, 0x05, 0x70, 0x76, 0xff, 0xff, 0xde, 0xf7, 0xff, 0xff, 0xde, 0xf7,
    0xff, 0xff, 0xff, 0xff, 0xfb, 0xde, 0x00, 0x00, 0xf7, 0xbd, 0xff, 0xff, 0x7a, 0xcf, 0x5a, 0xcf, 0x56, 0xae, 0x16, 0xb6, 0x74, 0x9e, 0xdb, 0xde,
    0x82, 0x10, 0xff, 0xff, 0xaa, 0x52, 0x2c, 0x63, 0xff, 0xff, 0x55, 0xad, 0x62, 0x08, 0x62, 0x08, 0x62, 0x08, 0x62, 0x08, 0x62, 0x08, 0x62, 0x08,
    0x62, 0x08, 0x62, 0x08, 0x62, 0x08, 0x62, 0x08, 0x62, 0x08, 0x62, 0x08, 0x62, 0x08, 0x62, 0x08, 0x62, 0x08, 0x62, 0x08, 0x62, 0x08, 0x62, 0x08,
    0x62, 0x08, 0x62, 0x08, 0x62, 0x08, 0x62, 0x08, 0x62, 0x08, 0x62, 0x08, 0x62, 0x08, 0x62, 0x08, 0x62, 0x08, 0x62, 0x08, 0x62, 0x08, 0x62, 0x08,
    0x62, 0x08, 0xa3, 0x10, 0x59, 0xce, 0xff, 0xff, 0xd5, 0xa5, 0x06, 0x15, 0xeb, 0x44, 0x2f, 0x75, 0x08, 0x25, 0x24, 0x05, 0x24, 0x05, 0x24, 0x05,
    0x24, 0x05, 0x24, 0x05, 0x24, 0x05, 0x24, 0x05, 0x24, 0x05, 0x24, 0x05, 0x24, 0x05, 0x4f, 0x6e, 0xff, 0xff, 0xff, 0xff, 0xff, 0xff, 0x58, 0xbf,
    0xff, 0xff, 0xff, 0xff, 0xd7, 0xbd, 0x20, 0x00, 0x7d, 0xef, 0x30, 0x84, 0xdf, 0xff, 0xff, 0xff, 0xbd, 0xe7, 0x7c, 0xdf, 0xde, 0xf7, 0x79, 0xce,
    0x04, 0x21, 0x18, 0xc6, 0x24, 0x21, 0x00, 0x00, 0x2c, 0x63, 0xff, 0xff, 0x45, 0x29, 0x62, 0x08, 0x62, 0x08, 0x62, 0x08, 0x62, 0x08, 0x62, 0x08,
    0x62, 0x08, 0x62, 0x08, 0x62, 0x08, 0x62, 0x08, 0x62, 0x08, 0x62, 0x08, 0x62, 0x08, 0x62, 0x08, 0x62, 0x08, 0x62, 0x08, 0x62, 0x08, 0x62, 0x08,
    0x62, 0x08, 0x62, 0x08, 0x62, 0x08, 0x62, 0x08, 0x62, 0x08, 0x62, 0x08, 0x62, 0x08, 0x62, 0x08, 0x62, 0x08, 0x62, 0x08, 0x62, 0x08, 0x62, 0x08,
    0xe4, 0x18, 0xf7, 0xbd, 0x7d, 0xef, 0x0d, 0x5d, 0x0c, 0x55, 0xba, 0xd6, 0x2f, 0x6d, 0x25, 0x0d, 0x05, 0x15, 0xe8, 0x2c, 0x0a, 0x45, 0x07, 0x1d,
    0x24, 0x05, 0x24, 0x05, 0x24, 0x05, 0x24, 0x05, 0x24, 0x05, 0x24, 0x05, 0x24, 0x05, 0x46, 0x15, 0x2e, 0x66, 0xff, 0xff, 0xff, 0xff, 0x9b, 0xdf,
    0xff, 0xff, 0xff, 0xff, 0x14, 0xa5, 0x45, 0x29, 0x79, 0xce, 0x00, 0x00, 0x34, 0xa5, 0xff, 0xff, 0xff, 0xff, 0x3c, 0xe7, 0x7d, 0xef, 0x71, 0x8c,
    0x20, 0x00, 0x00, 0x00, 0x00, 0x00, 0xa2, 0x10, 0x30, 0x84, 0xff, 0xff, 0x08, 0x42, 0x62, 0x08, 0x62, 0x08, 0x62, 0x08, 0x62, 0x08, 0x62, 0x08,
    0x62, 0x08, 0x62, 0x08, 0x62, 0x08, 0x62, 0x08, 0x62, 0x08, 0x62, 0x08, 0x62, 0x08, 0x62, 0x08, 0x62, 0x08, 0x62, 0x08, 0x62, 0x08, 0x62, 0x08,
    0x62, 0x08, 0x62, 0x08, 0x62, 0x08, 0x62, 0x08, 0x62, 0x08, 0x62, 0x08, 0x62, 0x08, 0x62, 0x08, 0x62, 0x08, 0x62, 0x08, 0x62, 0x08, 0xc7, 0x39,
    0x1c, 0xe7, 0xda, 0xd6, 0x08, 0x25, 0xec, 0x54, 0x78, 0xc6, 0x6c, 0x4d, 0x25, 0x0d, 0x25, 0x0d, 0xe9, 0x34, 0xe9, 0x3c, 0x93, 0x95, 0x28, 0x2d,
    0x24, 0x05, 0x88, 0x25, 0x0d, 0x56, 0x45, 0x15, 0x24, 0x05, 0x24, 0x05, 0x24, 0x05, 0x66, 0x1d, 0x92, 0x86, 0xff, 0xff, 0xff, 0xff, 0xdf, 0xff,
    0x96, 0xb5, 0x6d, 0x6b, 0xa6, 0x31, 0x41, 0x08, 0x20, 0x00, 0x86, 0x31, 0xff, 0xff, 0x0c, 0x63, 0xa2, 0x10, 0xa6, 0x31, 0xc3, 0x18, 0x00, 0x00,
    0x00, 0x00, 0x00, 0x00, 0x04, 0x21, 0xf7, 0xbd, 0xff, 0xff, 0x7a, 0xce, 0xf0, 0x7b, 0x62, 0x08, 0x62, 0x08, 0x62, 0x08, 0x62, 0x08, 0x62, 0x08,
    0x62, 0x08, 0x62, 0x08, 0x62, 0x08, 0x62, 0x08, 0x62, 0x08, 0x62, 0x08, 0x62, 0x08, 0x62, 0x08, 0x62, 0x08, 0x62, 0x08, 0x62, 0x08, 0x62, 0x08,
    0x62, 0x08, 0x62, 0x08, 0x62, 0x08, 0x62, 0x08, 0x62, 0x08, 0x62, 0x08, 0x62, 0x08, 0x62, 0x08, 0x62, 0x08, 0x62, 0x08, 0x8a, 0x52, 0x9e, 0xf7,
    0xd5, 0xa5, 0x25, 0x0d, 0x0c, 0x55, 0x6f, 0x6d, 0xb9, 0xce, 0xb2, 0x94, 0xd9, 0xc6, 0x49, 0x35, 0x78, 0xc6, 0x0b, 0x4d, 0x16, 0xae, 0x93, 0x8e,
    0x46, 0x15, 0x16, 0xa7, 0x14, 0xa5, 0x4f, 0x66, 0x46, 0x15, 0x24, 0x05, 0x24, 0x05, 0x67, 0x25, 0xff, 0xff, 0xff, 0xff, 0x6d, 0x6b, 0x61, 0x08,
    0x00, 0x00, 0x00, 0x00, 0x00, 0x00, 0x00, 0x00, 0x00, 0x00, 0x6d, 0x6b, 0xff, 0xff, 0x45, 0x29, 0x00, 0x00, 0x00, 0x00, 0x00, 0x00, 0x00, 0x00,
    0x00, 0x00, 0x8e, 0x73, 0x3c, 0xe7, 0xff, 0xff, 0x34, 0x9e, 0xbe, 0xf7, 0xdf, 0xff, 0xf0, 0x7b, 0x62, 0x08, 0x62, 0x08, 0x62, 0x08, 0x62, 0x08,
    0x62, 0x08, 0x62, 0x08, 0x62, 0x08, 0x62, 0x08, 0x62, 0x08, 0x62, 0x08, 0x62, 0x08, 0x62, 0x08, 0x62, 0x08, 0x62, 0x08, 0x62, 0x08, 0x62, 0x08,
    0x62, 0x08, 0x62, 0x08, 0x62, 0x08, 0x62, 0x08, 0x62, 0x08, 0x62, 0x08, 0x62, 0x08, 0x62, 0x08, 0x62, 0x08, 0xab, 0x52, 0xdf, 0xff, 0x71, 0x85,
    0x25, 0x0d, 0x0d, 0x5d, 0x0d, 0x5d, 0xd5, 0x9e, 0xaa, 0x52, 0xdb, 0xde, 0x14, 0xa5, 0x9c, 0xe7, 0x14, 0xa5, 0x9a, 0xd6, 0xbd, 0xef, 0xb6, 0xb5,
    0xd6, 0xb5, 0xde, 0xef, 0x0c, 0x63, 0x5c, 0xe7, 0x9a, 0xd6, 0x2e, 0x5e, 0x24, 0x05, 0x24, 0x05, 0x9b, 0xd7, 0xff, 0xff, 0xcb, 0x5a, 0x00, 0x00,
    0x00, 0x00, 0x00, 0x00, 0x00, 0x00, 0x00, 0x00, 0x82, 0x10, 0xfb, 0xde, 0xff, 0xff, 0xc7, 0x39, 0x00, 0x00, 0x00, 0x00, 0x00, 0x00, 0x61, 0x08,
    0x00, 0x00, 0xbe, 0xf7, 0xff, 0xff, 0xbc, 0xe7, 0xb3, 0x95, 0x0d, 0x5d, 0x50, 0x7d, 0xff, 0xff, 0x31, 0x84, 0x62, 0x08, 0x62, 0x08, 0x62, 0x08,
    0x62, 0x08, 0x62, 0x08, 0x62, 0x08, 0x62, 0x08, 0x62, 0x08, 0x62, 0x08, 0x62, 0x08, 0x62, 0x08, 0x62, 0x08, 0x62, 0x08, 0x62, 0x08, 0x62, 0x08,
    0x62, 0x08, 0x62, 0x08, 0x62, 0x08, 0x62, 0x08, 0x62, 0x08, 0x62, 0x08, 0x62, 0x08, 0x62, 0x08, 0x46, 0x29, 0x9e, 0xf7, 0x51, 0x7d, 0x24, 0x05,
    0x24, 0x05, 0x07, 0x1d, 0x24, 0x05, 0x38, 0xbf, 0xcb, 0x5a, 0xb6, 0xb5, 0x55, 0xad, 0xcf, 0x7b, 0xb6, 0xb5, 0x49, 0x4a, 0xf7, 0xbd, 0xef, 0x7b,
    0x6d, 0x6b, 0x59, 0xce, 0x69, 0x4a, 0xeb, 0x5a, 0x19, 0xc7, 0x66, 0x1d, 0x45, 0x0d, 0xec, 0x4d, 0x9c, 0xdf, 0xff, 0xff, 0x28, 0x42, 0x00, 0x00,
    0x00, 0x00, 0x00, 0x00, 0x00, 0x00, 0x41, 0x08, 0xdb, 0xde, 0xde, 0xf7, 0xff, 0xff, 0x10, 0x84, 0x00, 0x00, 0x08, 0x42, 0xb6, 0xb5, 0x71, 0x8c,
    0x00, 0x00, 0x79, 0xce, 0xf3, 0x9c, 0xfb, 0xde, 0xff, 0xff, 0xb9, 0xce, 0x2f, 0x75, 0x2f, 0x6d, 0xff, 0xff, 0xf4, 0x9c, 0x62, 0x08, 0x62, 0x08,
    0x62, 0x08, 0x62, 0x08, 0x62, 0x08, 0x62, 0x08, 0x62, 0x08, 0x62, 0x08, 0x62, 0x08, 0x62, 0x08, 0x62, 0x08, 0x62, 0x08, 0x62, 0x08, 0x62, 0x08,
    0x62, 0x08, 0x62, 0x08, 0x62, 0x08, 0x62, 0x08, 0x62, 0x08, 0x62, 0x08, 0x62, 0x08, 0x62, 0x08, 0x18, 0xc6, 0x58, 0xbe, 0x25, 0x0d, 0x24, 0x05,
    0x24, 0x05, 0x24, 0x05, 0x24, 0x05, 0x16, 0xaf, 0xaa, 0x52, 0xdf, 0xff, 0xeb, 0x5a, 0x4d, 0x6b, 0x55, 0xad, 0x14, 0xa5, 0x75, 0xad, 0xcf, 0x7b,
    0x34, 0xa5, 0x1c, 0xe7, 0x08, 0x42, 0x2c, 0x63, 0xb9, 0xc6, 0xcb, 0x45, 0xff, 0xff, 0xde, 0xf7, 0xdd, 0xef, 0xff, 0xff, 0x61, 0x08, 0x00, 0x00,
    0x00, 0x00, 0x00, 0x00, 0x00, 0x00, 0xc3, 0x18, 0xff, 0xff, 0x38, 0xbf, 0xde, 0xf7, 0xff, 0xff, 0xff, 0xff, 0xff, 0xff, 0xdf, 0xff, 0xb2, 0x94,
    0x82, 0x10, 0x61, 0x08, 0x00, 0x00, 0x61, 0x08, 0xd7, 0xbd, 0x7c, 0xdf, 0x3c, 0xe7, 0x72, 0x8d, 0xb3, 0x95, 0x9e, 0xf7, 0xf0, 0x7b, 0x62, 0x08,
    0x62, 0x08, 0x62, 0x08, 0x62, 0x08, 0x62, 0x08, 0x62, 0x08, 0x62, 0x08, 0x62, 0x08, 0x62, 0x08, 0x62, 0x08, 0x62, 0x08, 0x62, 0x08, 0x62, 0x08,
    0x62, 0x08, 0x62, 0x08, 0x62, 0x08, 0x62, 0x08, 0x62, 0x08, 0x62, 0x08, 0x62, 0x08, 0xf0, 0x7b, 0x9d, 0xef, 0x08, 0x2d, 0x24, 0x05, 0x24, 0x05,
    0x24, 0x05, 0x24, 0x05, 0x24, 0x05, 0xec, 0x4d, 0xb6, 0xb5, 0x10, 0x84, 0x75, 0xad, 0x3c, 0xe7, 0xef, 0x7b, 0x34, 0xa5, 0x9c, 0xe7, 0x51, 0x8c,
    0x51, 0x8c, 0xbe, 0xf7, 0x55, 0xad, 0x7d, 0xe7, 0x55, 0xad, 0xd4, 0x9e, 0xff, 0xff, 0x71, 0x7e, 0xde, 0xf7, 0xff, 0xff, 0x04, 0x21, 0x00, 0x00,
    0x00, 0x00, 0xc3, 0x18, 0xef, 0x7b, 0x82, 0x10, 0xff, 0xff, 0xff, 0xff, 0x79, 0xce, 0x18, 0xc6, 0xcf, 0x7b, 0x30, 0x84, 0xef, 0x7b, 0xe7, 0x39,
    0x41, 0x08, 0x00, 0x00, 0x00, 0x00, 0x00, 0x00, 0x49, 0x4a, 0xff, 0xff, 0xf5, 0xa5, 0xff, 0xff, 0x37, 0xb6, 0x99, 0xce, 0xdf, 0xff, 0x04, 0x21,
    0x62, 0x08, 0x62, 0x08, 0x62, 0x08, 0x62, 0x08, 0x62, 0x08, 0x62, 0x08, 0x62, 0x08, 0x62, 0x08, 0x62, 0x08, 0x62, 0x08, 0x62, 0x08, 0x62, 0x08,
    0x62, 0x08, 0x62, 0x08, 0x62, 0x08, 0x62, 0x08, 0x62, 0x08, 0x62, 0x08, 0x04, 0x21, 0xbe, 0xf7, 0x0e, 0x65, 0x24, 0x05, 0x24, 0x05, 0x24, 0x05,
    0x24, 0x05, 0x24, 0x05, 0x24, 0x05, 0xaa, 0x3d, 0x17, 0xb7, 0x17, 0xb7, 0x5a, 0xcf, 0xaa, 0x3d, 0x0c, 0x56, 0xca, 0x3d, 0xd5, 0x9e, 0xbe, 0xf7,
    0x0d, 0x56, 0x88, 0x25, 0xeb, 0x45, 0xb3, 0x96, 0xbc, 0xe7, 0x9e, 0xef, 0xbd, 0xef, 0x5a, 0xcf, 0xff, 0xff, 0xde, 0xf7, 0xfb, 0xde, 0xcf, 0x7b,
    0x10, 0x84, 0x5d, 0xef, 0x18, 0xc6, 0x00, 0x00, 0xdf, 0xff, 0x79, 0xce, 0x51, 0x8c, 0xf3, 0x9c, 0x00, 0x00, 0x00, 0x00, 0x00, 0x00, 0x00, 0x00,
    0x41, 0x08, 0x00, 0x00, 0x00, 0x00, 0x00, 0x00, 0x20, 0x00, 0xbe, 0xf7, 0x71, 0x7e, 0x9e, 0xf7, 0xff, 0xff, 0x16, 0xb6, 0x9e, 0xf7, 0x10, 0x84,
    0x62, 0x08, 0x62, 0x08, 0x62, 0x08, 0x62, 0x08, 0x62, 0x08, 0x62, 0x08, 0x62, 0x08, 0x62, 0x08, 0x62, 0x08, 0x62, 0x08, 0x62, 0x08, 0x62, 0x08,
    0x62, 0x08, 0x62, 0x08, 0x62, 0x08, 0x62, 0x08, 0x62, 0x08, 0x82, 0x10, 0xb6, 0xb5, 0xda, 0xd6, 0x25, 0x0d, 0x24, 0x05, 0x24, 0x05, 0x24, 0x05,
    0x24, 0x05, 0x24, 0x05, 0x24, 0x05, 0xf5, 0x9e, 0xef, 0x7b, 0xff, 0xff, 0xef, 0x7b, 0x16, 0xaf, 0xd4, 0x96, 0x4f, 0x66, 0x38, 0xbe, 0xd3, 0x9c,
    0xb2, 0x86, 0x17, 0xaf, 0xff, 0xf7, 0x9b, 0xdf, 0xf5, 0x9e, 0x9a, 0xd6, 0xff, 0xff, 0xff, 0xff, 0xff, 0xff, 0xff, 0xff, 0xff, 0xff, 0xff, 0xff,
    0xff, 0xff, 0xff, 0xff, 0x9a, 0xd6, 0x00, 0x00, 0xeb, 0x5a, 0x65, 0x29, 0xff, 0xff, 0xdf, 0xff, 0xe3, 0x18, 0x00, 0x00, 0x00, 0x00, 0x6d, 0x6b,
    0x4d, 0x6b, 0x00, 0x00, 0x00, 0x00, 0x00, 0x00, 0x8a, 0x52, 0xff, 0xff, 0x2e, 0x5e, 0xd3, 0x95, 0xff, 0xff, 0xdf, 0xff, 0xf5, 0xad, 0xdf, 0xff,
    0xb6, 0xb5, 0x25, 0x21, 0x62, 0x08, 0x62, 0x08, 0x62, 0x08, 0x62, 0x08, 0x62, 0x08, 0x62, 0x08, 0x62, 0x08, 0x62, 0x08, 0x62, 0x08, 0x62, 0x08,
    0x62, 0x08, 0x62, 0x08, 0x62, 0x08, 0x62, 0x08, 0x62, 0x08, 0x14, 0xa5, 0x5d, 0xef, 0xe9, 0x34, 0x24, 0x05, 0x24, 0x05, 0x24, 0x05, 0x24, 0x05,
    0x24, 0x05, 0x24, 0x05, 0x24, 0x05, 0xd6, 0xa6, 0xaa, 0x52, 0xfb, 0xde, 0xcb, 0x5a, 0xf7, 0xbd, 0xef, 0x7b, 0x71, 0x8c, 0x38, 0xc6, 0xd3, 0x9c,
    0x10, 0x84, 0x3c, 0xe7, 0x10, 0x84, 0x3c, 0xe7, 0xd3, 0x9c, 0x9a, 0xd6, 0xde, 0xf7, 0xff, 0xff, 0xff, 0xff, 0xff, 0xff, 0xff, 0xff, 0xff, 0xff,
    0xff, 0xff, 0xff, 0xff, 0xb6, 0xb5, 0x00, 0x00, 0x00, 0x00, 0x4d, 0x6b, 0xff, 0xff, 0xff, 0xff, 0xd7, 0xbd, 0xe7, 0x39, 0xf3, 0x9c, 0x59, 0xce,
    0x20, 0x00, 0x00, 0x00, 0x61, 0x08, 0x75, 0xad, 0xff, 0xff, 0x7a, 0xcf, 0x45, 0x0d, 0xec, 0x55, 0xbe, 0xf7, 0x3c, 0xe7, 0x7d, 0xef, 0x58, 0xc6,
    0xbf, 0xf7, 0x18, 0xc6, 0x62, 0x08, 0x62, 0x08, 0x62, 0x08, 0x62, 0x08, 0x62, 0x08, 0x62, 0x08, 0x62, 0x08, 0x62, 0x08, 0x62, 0x08, 0x62, 0x08,
    0x62, 0x08, 0x62, 0x08, 0x62, 0x08, 0x62, 0x08, 0x86, 0x31, 0xff, 0xff, 0x0a, 0x45, 0x24, 0x05, 0x24, 0x05, 0x24, 0x05, 0x24, 0x05, 0x24, 0x05,
    0x24, 0x05, 0x24, 0x05, 0x24, 0x05, 0xd7, 0xb6, 0x28, 0x42, 0xd3, 0x9c, 0xaa, 0x52, 0x79, 0xce, 0xd3, 0x9c, 0x8a, 0x52, 0x38, 0xc6, 0x86, 0x31,
    0x30, 0x84, 0xff, 0xff, 0x0c, 0x63, 0xfb, 0xde, 0x10, 0x84, 0x9a, 0xd6, 0xff, 0xff, 0xff, 0xff, 0xff, 0xff, 0xff, 0xff, 0xff, 0xff, 0x7d, 0xef,
    0x92, 0x94, 0xe7, 0x39, 0x00, 0x00, 0x00, 0x00, 0x00, 0x00, 0x38, 0xc6, 0xff, 0xff, 0x75, 0xad, 0x49, 0x4a, 0x55, 0xad, 0xdf, 0xff, 0x2c, 0x63,
    0x00, 0x00, 0x00, 0x00, 0x75, 0xad, 0xff, 0xff, 0x92, 0x86, 0x24, 0x05, 0x24, 0x05, 0x37, 0xb7, 0x19, 0xc7, 0xff, 0xff, 0xbe, 0xf7, 0x78, 0xc6,
    0xd4, 0xa5, 0x9e, 0xf7, 0xcf, 0x7b, 0x62, 0x08, 0x62, 0x08, 0x62, 0x08, 0x62, 0x08, 0x62, 0x08, 0x62, 0x08, 0x62, 0x08, 0x62, 0x08, 0x62, 0x08,
    0x62, 0x08, 0x62, 0x08, 0x62, 0x08, 0x62, 0x08, 0x30, 0x84, 0xba, 0xd6, 0x24, 0x05, 0x24, 0x05, 0x24, 0x05, 0x24, 0x05, 0x24, 0x05, 0x24, 0x05,
    0x24, 0x05, 0x24, 0x05, 0x24, 0x05, 0xf5, 0x9e, 0xeb, 0x5a, 0xff, 0xff, 0xeb, 0x5a, 0x6d, 0x6b, 0x55, 0xad, 0x49, 0x4a, 0xb6, 0xb5, 0xd3, 0x9c,
    0x6d, 0x6b, 0xba, 0xd6, 0x49, 0x4a, 0x92, 0x94, 0x10, 0x84, 0x9a, 0xd6, 0xff, 0xff, 0xff, 0xff, 0xff, 0xff, 0x7d, 0xef, 0x6d, 0x6b, 0x41, 0x08,
    0x00, 0x00, 0x00, 0x00, 0x00, 0x00, 0x00, 0x00, 0x00, 0x00, 0x3c, 0xe7, 0xff, 0xff, 0xdf, 0xff, 0xae, 0x73, 0x00, 0x00, 0x41, 0x08, 0xc3, 0x18,
    0x00, 0x00, 0x0c, 0x63, 0xff, 0xff, 0xde, 0xf7, 0xf6, 0xae, 0x24, 0x05, 0x24, 0x05, 0x9b, 0xd7, 0xde, 0xf7, 0xff, 0xff, 0xb6, 0xb5, 0xdf, 0xff,
    0xb3, 0x9d, 0x50, 0x75, 0x9e, 0xf7, 0xc3, 0x18, 0x62, 0x08, 0x62, 0x08, 0x62, 0x08, 0x62, 0x08, 0x62, 0x08, 0x62, 0x08, 0x62, 0x08, 0x62, 0x08,
    0x62, 0x08, 0x62, 0x08, 0x62, 0x08, 0x62, 0x08, 0xfb, 0xde, 0x50, 0x7d, 0x24, 0x05, 0x24, 0x05, 0x24, 0x05, 0x24, 0x05, 0x24, 0x05, 0x24, 0x05,
    0x24, 0x05, 0x24, 0x05, 0x24, 0x05, 0x2e, 0x66, 0xf9, 0xc6, 0x17, 0xaf, 0xf9, 0xc6, 0x38, 0xbf, 0xb8, 0xc6, 0x5b, 0xdf, 0x9d, 0xef, 0x3a, 0xcf,
    0xdf, 0xff, 0x7d, 0xef, 0x7d, 0xef, 0x5d, 0xef, 0x7d, 0xef, 0x5d, 0xef, 0xff, 0xff, 0xff, 0xff, 0xff, 0xff, 0x0c, 0x63, 0x00, 0x00, 0x00, 0x00,
    0x00, 0x00, 0x00, 0x00, 0x61, 0x08, 0xe3, 0x18, 0x00, 0x00, 0x79, 0xce, 0xff, 0xff, 0xff, 0xff, 0xff, 0xff, 0x34, 0xa5, 0x41, 0x08, 0x00, 0x00,
    0x00, 0x00, 0x08, 0x42, 0xb6, 0xb5, 0xff, 0xff, 0xde, 0xef, 0x37, 0xb7, 0x88, 0x25, 0x38, 0xbf, 0xde, 0xf7, 0xff, 0xff, 0xbe, 0xf7, 0x3d, 0xe7,
    0x7d, 0xef, 0x8a, 0x45, 0x5d, 0xef, 0x8e, 0x73, 0x62, 0x08, 0x62, 0x08, 0x62, 0x08, 0x62, 0x08, 0x62, 0x08, 0x62, 0x08, 0x62, 0x08, 0x62, 0x08,
    0x62, 0x08, 0x62, 0x08, 0x62, 0x08, 0x6a, 0x4a, 0xdf, 0xff, 0x06, 0x1d, 0x24, 0x05, 0x24, 0x05, 0x24, 0x05, 0x24, 0x05, 0x24, 0x05, 0x24, 0x05,
    0x24, 0x05, 0x24, 0x05, 0x24, 0x05, 0x24, 0x05, 0x24, 0x05, 0x24, 0x05, 0x24, 0x05, 0x24, 0x05, 0xeb, 0x45, 0xff, 0xff, 0xbd, 0xef, 0xff, 0xff,
    0xff, 0xff, 0xff, 0xff, 0xff, 0xff, 0xff, 0xff, 0xff, 0xff, 0xff, 0xff, 0xff, 0xff, 0xff, 0xff, 0x5d, 0xef, 0x00, 0x00, 0x00, 0x00, 0x00, 0x00,
    0x00, 0x00, 0xe3, 0x18, 0xd3, 0x9c, 0xc3, 0x18, 0x00, 0x00, 0x18, 0xc6, 0x55, 0xad, 0xff, 0xff, 0xff, 0xff, 0xcf, 0x7b, 0x86, 0x31, 0x24, 0x21,
    0x41, 0x08, 0x00, 0x00, 0x00, 0x00, 0x45, 0x29, 0x34, 0xa5, 0xdf, 0xff, 0xff, 0xff, 0xff, 0xff, 0xff, 0xff, 0xff, 0xff, 0xff, 0xff, 0xff, 0xff,
    0xff, 0xff, 0xdf, 0xff, 0x72, 0x8d, 0x1c, 0xe7, 0xa3, 0x10, 0x62, 0x08, 0x62, 0x08, 0x62, 0x08, 0x62, 0x08, 0x62, 0x08, 0x62, 0x08, 0x62, 0x08,
    0x62, 0x08, 0x62, 0x08, 0x62, 0x08, 0x35, 0xa5, 0x17, 0xb6, 0x24, 0x05, 0x24, 0x05, 0x24, 0x05, 0x24, 0x05, 0x24, 0x05, 0x24, 0x05, 0x24, 0x05,
    0x24, 0x05, 0x24, 0x05, 0x24, 0x05, 0x24, 0x05, 0x24, 0x05, 0x24, 0x05, 0x24, 0x05, 0x24, 0x05, 0xdd, 0xef, 0xff, 0xff, 0xff, 0xff, 0xff, 0xff,
    0xff, 0xff, 0xff, 0xff, 0xff, 0xff, 0xff, 0xff, 0xff, 0xff, 0xff, 0xff, 0xff, 0xff, 0xff, 0xff, 0xff, 0xff, 0x65, 0x29, 0x00, 0x00, 0x00, 0x00,
    0x10, 0x84, 0x1c, 0xe7, 0x04, 0x21, 0x00, 0x00, 0x00, 0x00, 0x59, 0xce, 0xa6, 0x31, 0x51, 0x8c, 0x4d, 0x6b, 0xa2, 0x10, 0xe3, 0x18, 0xb6, 0xb5,
    0x3c, 0xe7, 0xaa, 0x52, 0x00, 0x00, 0x00, 0x00, 0x00, 0x00, 0xa2, 0x10, 0x49, 0x4a, 0xe7, 0x39, 0x65, 0x29, 0x45, 0x29, 0x28, 0x42, 0x49, 0x4a,
    0xba, 0xd6, 0xff, 0xff, 0x27, 0x25, 0x7d, 0xef, 0xae, 0x73, 0x62, 0x08, 0x62, 0x08, 0x62, 0x08, 0x62, 0x08, 0x62, 0x08, 0x62, 0x08, 0x62, 0x08,
    0x62, 0x08, 0x62, 0x08, 0xa3, 0x10, 0xbe, 0xf7, 0x0d, 0x5d, 0x24, 0x05, 0x24, 0x05, 0x24, 0x05, 0x24, 0x05, 0x24, 0x05, 0x24, 0x05, 0x24, 0x05,
    0x24, 0x05, 0x24, 0x05, 0x24, 0x05, 0x24, 0x05, 0x24, 0x05, 0x24, 0x05, 0x24, 0x05, 0x70, 0x76, 0xff, 0xff, 0xff, 0xff, 0xff, 0xff, 0xff, 0xff,
    0xff, 0xff, 0xff, 0xff, 0xff, 0xff, 0xff, 0xff, 0xff, 0xff, 0xff, 0xff, 0xff, 0xff, 0xff, 0xff, 0xff, 0xff, 0x79, 0xce, 0x82, 0x10, 0x51, 0x8c,
    0xff, 0xff, 0xff, 0xff, 0x24, 0x21, 0x00, 0x00, 0x00, 0x00, 0x3c, 0xe7, 0xcf, 0x7b, 0x00, 0x00, 0x00, 0x00, 0x00, 0x00, 0x30, 0x84, 0xff, 0xff,
    0xff, 0xff, 0xff, 0xff, 0x96, 0xb5, 0xc3, 0x18, 0x00, 0x00, 0x00, 0x00, 0x00, 0x00, 0x00, 0x00, 0x00, 0x00, 0x00, 0x00, 0x65, 0x29, 0xfb, 0xde,
    0xff, 0xff, 0x16, 0xae, 0xe9, 0x34, 0x50, 0x75, 0x5d, 0xef, 0x83, 0x10, 0x62, 0x08, 0x62, 0x08, 0x62, 0x08, 0x62, 0x08, 0x62, 0x08, 0x62, 0x08,
    0x62, 0x08, 0x62, 0x08, 0x0c, 0x63, 0x7d, 0xef, 0x25, 0x0d, 0x24, 0x05, 0x24, 0x05, 0x24, 0x05, 0x24, 0x05, 0x24, 0x05, 0x24, 0x05, 0x24, 0x05,
    0x24, 0x05, 0x24, 0x05, 0x24, 0x05, 0x24, 0x05, 0x24, 0x05, 0x24, 0x05, 0x24, 0x05, 0xdd, 0xef, 0xff, 0xff, 0xff, 0xff, 0xff, 0xff, 0xff, 0xff,
    0xff, 0xff, 0xff, 0xff, 0xff, 0xff, 0xba, 0xd6, 0x38, 0xc6, 0xff, 0xff, 0xff, 0xff, 0xff, 0xff, 0xff, 0xff, 0xff, 0xff, 0xdf, 0xff, 0xff, 0xff,
    0xff, 0xff, 0xff, 0xff, 0x65, 0x29, 0x00, 0x00, 0x20, 0x00, 0xff, 0xff, 0x9a, 0xd6, 0x00, 0x00, 0x00, 0x00, 0x69, 0x4a, 0xff, 0xff, 0xff, 0xff,
    0xff, 0xff, 0xff, 0xff, 0xff, 0xff, 0x7d, 0xef, 0x4d, 0x6b, 0x00, 0x00, 0x00, 0x00, 0x00, 0x00, 0x00, 0x00, 0x49, 0x4a, 0x9e, 0xf7, 0xdd, 0xef,
    0xb9, 0xce, 0x2e, 0x6d, 0x24, 0x05, 0x06, 0x15, 0x9e, 0xf7, 0x8e, 0x73, 0x62, 0x08, 0x62, 0x08, 0x62, 0x08, 0x62, 0x08, 0x62, 0x08, 0x62, 0x08,
    0x62, 0x08, 0x62, 0x08, 0x96, 0xb5, 0xb4, 0x9d, 0x24, 0x05, 0x24, 0x05, 0x24, 0x05, 0x24, 0x05, 0x24, 0x05, 0x24, 0x05, 0x24, 0x05, 0x24, 0x05,
    0x24, 0x05, 0x24, 0x05, 0x24, 0x05, 0x24, 0x05, 0x24, 0x05, 0x24, 0x05, 0x4f, 0x6e, 0x7a, 0xcf, 0xfe, 0xf7, 0xff, 0xff, 0xff, 0xff, 0xff, 0xff,
    0xff, 0xff, 0xff, 0xff, 0xff, 0xff, 0xe3, 0x18, 0x00, 0x00, 0x2c, 0x63, 0xff, 0xff, 0xff, 0xff, 0xff, 0xff, 0xff, 0xff, 0xff, 0xff, 0xff, 0xff,
    0xff, 0xff, 0x9e, 0xf7, 0x00, 0x00, 0x00, 0x00, 0x65, 0x29, 0xff, 0xff, 0xff, 0xff, 0xb2, 0x94, 0x86, 0x31, 0xba, 0xd6, 0xff, 0xff, 0xff, 0xff,
    0xff, 0xff, 0xff, 0xff, 0xff, 0xff, 0xff, 0xff, 0xb6, 0xb5, 0x30, 0x84, 0x71, 0x8c, 0x4d, 0x6b, 0x79, 0xce, 0xff, 0xff, 0x17, 0xb7, 0x7b, 0xd7,
    0xd7, 0xb6, 0x2f, 0x75, 0x25, 0x0d, 0x26, 0x15, 0xf6, 0xad, 0xdf, 0xff, 0x25, 0x21, 0x62, 0x08, 0x62, 0x08, 0x62, 0x08, 0x62, 0x08, 0x62, 0x08,
    0x62, 0x08, 0x62, 0x08, 0x1c, 0xe7, 0x0e, 0x65, 0x24, 0x05, 0x24, 0x05, 0x24, 0x05, 0x24, 0x05, 0x24, 0x05, 0x24, 0x05, 0x24, 0x05, 0x24, 0x05,
    0x24, 0x05, 0x24, 0x05, 0x24, 0x05, 0x24, 0x05, 0x24, 0x05, 0x24, 0x05, 0x17, 0xb7, 0x2f, 0x66, 0xff, 0xff, 0xff, 0xff, 0xff, 0xff, 0xff, 0xff,
    0xff, 0xff, 0xff, 0xff, 0xff, 0xff, 0x24, 0x21, 0x00, 0x00, 0x00, 0x00, 0xc7, 0x39, 0x3c, 0xe7, 0xff, 0xff, 0xff, 0xff, 0xff, 0xff, 0xff, 0xff,
    0xfb, 0xde, 0x2c, 0x63, 0xe3, 0x18, 0x45, 0x29, 0x34, 0xa5, 0xff, 0xff, 0xff, 0xff, 0xff, 0xff, 0xff, 0xff, 0xff, 0xff, 0xff, 0xff, 0xff, 0xff,
    0xff, 0xff, 0xff, 0xff, 0xff, 0xff, 0xfb, 0xde, 0x00, 0x00, 0x00, 0x00, 0xe3, 0x18, 0x38, 0xc6, 0xff, 0xff, 0x37, 0xb7, 0x25, 0x0d, 0x7a, 0xcf,
    0x7b, 0xd7, 0x4f, 0x6d, 0x0c, 0x55, 0x26, 0x15, 0x93, 0x95, 0xff, 0xff, 0xe4, 0x18, 0x62, 0x08, 0x62, 0x08, 0x62, 0x08, 0x62, 0x08, 0x62, 0x08,
    0x62, 0x08, 0x62, 0x08, 0xdf, 0xff, 0xeb, 0x4c, 0x24, 0x05, 0x24, 0x05, 0x24, 0x05, 0x24, 0x05, 0x24, 0x05, 0x24, 0x05, 0x24, 0x05, 0x24, 0x05,
    0x24, 0x05, 0x24, 0x05, 0x24, 0x05, 0x24, 0x05, 0x24, 0x05, 0x25, 0x0d, 0x45, 0x0d, 0xde, 0xf7, 0xff, 0xff, 0xff, 0xff, 0xff, 0xff, 0xff, 0xff,
    0xff, 0xff, 0xff, 0xff, 0xff, 0xff, 0x6d, 0x6b, 0x00, 0x00, 0x00, 0x00, 0x00, 0x00, 0x6d, 0x6b, 0xff, 0xff, 0xbe, 0xf7, 0x9a, 0xd6, 0xff, 0xff,
    0x59, 0xce, 0x00, 0x00, 0x00, 0x00, 0x00, 0x00, 0x4d, 0x6b, 0xbe, 0xf7, 0xff, 0xff, 0xff, 0xff, 0xff, 0xff, 0xff, 0xff, 0xff, 0xff, 0xff, 0xff,
    0xff, 0xff, 0xff, 0xff, 0xff, 0xff, 0xff, 0xff, 0xae, 0x73, 0x00, 0x00, 0x00, 0x00, 0xe3, 0x18, 0xff, 0xff, 0x9b, 0xd7, 0xf6, 0xa6, 0x9c, 0xdf,
    0xff, 0xff, 0x7b, 0xd7, 0x3b, 0xd7, 0xbd, 0xef, 0x5c, 0xe7, 0xff, 0xff, 0x66, 0x29, 0x62, 0x08, 0x62, 0x08, 0x62, 0x08, 0x62, 0x08, 0x62, 0x08,
    0x62, 0x08, 0x62, 0x08, 0xdf, 0xff, 0x0b, 0x4d, 0x24, 0x05, 0x24, 0x05, 0x24, 0x05, 0x24, 0x05, 0x24, 0x05, 0x24, 0x05, 0x24, 0x05, 0x24, 0x05,
    0x24, 0x05, 0x24, 0x05, 0x24, 0x05, 0xa9, 0x35, 0x24, 0x05, 0x24, 0x05, 0x2e, 0x66, 0xff, 0xff, 0xff, 0xff, 0xff, 0xff, 0xff, 0xff, 0xff, 0xff,
    0xff, 0xff, 0xff, 0xff, 0xff, 0xff, 0x71, 0x8c, 0x00, 0x00, 0x00, 0x00, 0x00, 0x00, 0x08, 0x42, 0xef, 0x7b, 0x45, 0x29, 0x00, 0x00, 0x8e, 0x73,
    0xff, 0xff, 0x45, 0x29, 0x00, 0x00, 0x00, 0x00, 0x00, 0x00, 0xa6, 0x31, 0xff, 0xff, 0xff, 0xff, 0xff, 0xff, 0xff, 0xff, 0xff, 0xff, 0xff, 0xff,
    0xff, 0xff, 0xff, 0xff, 0xff, 0xff, 0xff, 0xff, 0xbe, 0xf7, 0x00, 0x00, 0x00, 0x00, 0x24, 0x21, 0xff, 0xff, 0x9e, 0xf7, 0x38, 0xc6, 0x14, 0xa5,
    0xd3, 0x9c, 0xd3, 0x9c, 0xd3, 0x9c, 0xef, 0x7b, 0xdb, 0xde, 0xff, 0xff, 0x29, 0x42, 0x62, 0x08, 0x62, 0x08, 0x62, 0x08, 0x62, 0x08, 0x62, 0x08,
    0x62, 0x08, 0x62, 0x08, 0x9e, 0xf7, 0x0d, 0x65, 0x24, 0x05, 0x24, 0x05, 0x24, 0x05, 0x24, 0x05, 0x24, 0x05, 0x24, 0x05, 0xcc, 0x4d, 0x59, 0xc7,
    0x9c, 0xdf, 0xd4, 0x96, 0x2e, 0x5e, 0xd5, 0x9e, 0x24, 0x05, 0x24, 0x05, 0xbd, 0xe7, 0xff, 0xff, 0xff, 0xff, 0xff, 0xff, 0xff, 0xff, 0xff, 0xff,
    0xff, 0xff, 0xff, 0xff, 0xff, 0xff, 0x55, 0xad, 0x00, 0x00, 0x00, 0x00, 0x00, 0x00, 0x00, 0x00, 0x00, 0x00, 0x00, 0x00, 0x00, 0x00, 0x20, 0x00,
    0xd3, 0x9c, 0xf3, 0x9c, 0xa6, 0x31, 0x00, 0x00, 0x00, 0x00, 0x00, 0x00, 0xf3, 0x9c, 0xff, 0xff, 0xff, 0xff, 0xff, 0xff, 0xff, 0xff, 0xff, 0xff,
    0xff, 0xff, 0xff, 0xff, 0xff, 0xff, 0x9a, 0xd6, 0x28, 0x42, 0x24, 0x21, 0x4d, 0x6b, 0xd7, 0xbd, 0xef, 0x7b, 0x8a, 0x52, 0x86, 0x31, 0x61, 0x08,
    0x00, 0x00, 0x00, 0x00, 0x00, 0x00, 0x00, 0x00, 0xc3, 0x18, 0xbe, 0xf7, 0x35, 0xa5, 0x62, 0x08, 0x62, 0x08, 0x62, 0x08, 0x62, 0x08, 0x62, 0x08,
    0x62, 0x08, 0x62, 0x08, 0x72, 0x8c, 0xdf, 0xff, 0x06, 0x1d, 0x24, 0x05, 0x24, 0x05, 0x24, 0x05, 0x24, 0x05, 0x87, 0x25, 0xde, 0xf7, 0xfb, 0xde,
    0xf3, 0x9c, 0x1c, 0xe7, 0xff, 0xff, 0x59, 0xc7, 0x70, 0x76, 0x0d, 0x5e, 0xff, 0xff, 0xff, 0xff, 0xff, 0xff, 0xff, 0xff, 0xff, 0xff, 0xff, 0xff,
    0x38, 0xc6, 0x10, 0x84, 0xe7, 0x39, 0x20, 0x00, 0x00, 0x00, 0x00, 0x00, 0x00, 0x00, 0x00, 0x00, 0x00, 0x00, 0x00, 0x00, 0x00, 0x00, 0x00, 0x00,
    0x14, 0xa5, 0xff, 0xff, 0xba, 0xd6, 0x41, 0x08, 0x00, 0x00, 0x00, 0x00, 0x14, 0xa5, 0xff, 0xff, 0xff, 0xff, 0xff, 0xff, 0xff, 0xff, 0xff, 0xff,
    0x7d, 0xef, 0xf3, 0x9c, 0xef, 0x7b, 0xcf, 0x7b, 0x0c, 0x63, 0xd3, 0x9c, 0x38, 0xc6, 0x1c, 0xe7, 0x79, 0xce, 0x59, 0xce, 0xfb, 0xde, 0xfb, 0xde,
    0x9a, 0xd6, 0xeb, 0x5a, 0xe3, 0x18, 0x00, 0x00, 0x00, 0x00, 0x18, 0xc6, 0x5d, 0xef, 0x18, 0xc6, 0xa3, 0x10, 0x62, 0x08, 0x62, 0x08, 0x62, 0x08,
    0x62, 0x08, 0x62, 0x08, 0x45, 0x29, 0xff, 0xff, 0x09, 0x35, 0x24, 0x05, 0x24, 0x05, 0x24, 0x05, 0x24, 0x05, 0x0d, 0x56, 0xff, 0xff, 0xe3, 0x18,
    0x00, 0x00, 0x00, 0x00, 0x10, 0x84, 0x7d, 0xef, 0xff, 0xff, 0x58, 0xbf, 0xff, 0xff, 0xff, 0xff, 0xff, 0xff, 0x18, 0xc6, 0xe3, 0x18, 0x61, 0x08,
    0x00, 0x00, 0x00, 0x00, 0x00, 0x00, 0x00, 0x00, 0x00, 0x00, 0x00, 0x00, 0x82, 0x10, 0xe7, 0x39, 0x0c, 0x63, 0x34, 0xa5, 0x55, 0xad, 0x8e, 0x73,
    0x1c, 0xe7, 0xff, 0xff, 0xff, 0xff, 0xf7, 0xbd, 0xaa, 0x52, 0x10, 0x84, 0xff, 0xff, 0xff, 0xff, 0xff, 0xff, 0xdf, 0xff, 0x75, 0xad, 0x49, 0x4a,
    0x20, 0x00, 0x00, 0x00, 0xc3, 0x18, 0x28, 0x42, 0x82, 0x10, 0x1c, 0xe7, 0xff, 0xff, 0x9a, 0xd6, 0x79, 0xce, 0xff, 0xff, 0xff, 0xff, 0x1c, 0xe7,
    0xd7, 0xbd, 0x9e, 0xf7, 0xff, 0xff, 0x1c, 0xe7, 0xb6, 0xb5, 0xbe, 0xf7, 0xdf, 0xff, 0xe8, 0x39, 0x62, 0x08, 0x62, 0x08, 0x62, 0x08, 0x62, 0x08,
    0x62, 0x08, 0x62, 0x08, 0x62, 0x08, 0x18, 0xc6, 0x17, 0xb6, 0x25, 0x0d, 0x24, 0x05, 0x24, 0x05, 0x25, 0x0d, 0x6b, 0x45, 0xff, 0xff, 0x2c, 0x63,
    0x00, 0x00, 0x00, 0x00, 0x00, 0x00, 0x41, 0x08, 0x59, 0xce, 0xdd, 0xef, 0xff, 0xff, 0xff, 0xff, 0xff, 0xff, 0x7d, 0xef, 0xa2, 0x10, 0x00, 0x00,
    0x00, 0x00, 0x00, 0x00, 0x00, 0x00, 0x00, 0x00, 0x00, 0x00, 0x00, 0x00, 0xef, 0x7b, 0x1c, 0xe7, 0xb6, 0xb5, 0x4d, 0x6b, 0xeb, 0x5a, 0xaa, 0x52,
    0xd7, 0xbd, 0xff, 0xff, 0xff, 0xff, 0xff, 0xff, 0xff, 0xff, 0xff, 0xff, 0xb6, 0xb5, 0x59, 0xce, 0xef, 0x7b, 0xc3, 0x18, 0x00, 0x00, 0x00, 0x00,
    0x61, 0x08, 0x92, 0x94, 0xdf, 0xff, 0x0c, 0x63, 0x00, 0x00, 0x08, 0x42, 0xff, 0xff, 0x6d, 0x6b, 0x00, 0x00, 0x41, 0x08, 0x69, 0x4a, 0xba, 0xd6,
    0xff, 0xff, 0xf6, 0xa6, 0x0e, 0x5e, 0xb3, 0x8e, 0x18, 0xbf, 0xda, 0xce, 0x1c, 0xe7, 0x62, 0x08, 0x62, 0x08, 0x62, 0x08, 0x62, 0x08, 0x62, 0x08,
    0x62, 0x08, 0x62, 0x08, 0x62, 0x08, 0xe8, 0x39, 0x9e, 0xf7, 0xba, 0xce, 0x51, 0x85, 0xe9, 0x34, 0x25, 0x0d, 0x07, 0x1d, 0x16, 0xaf, 0x5d, 0xef,
    0x41, 0x08, 0x00, 0x00, 0x00, 0x00, 0x00, 0x00, 0xc3, 0x18, 0x9e, 0xf7, 0xff, 0xff, 0xff, 0xff, 0xff, 0xff, 0xff, 0xff, 0x8e, 0x73, 0x00, 0x00,
    0x00, 0x00, 0x00, 0x00, 0xae, 0x73, 0x92, 0x94, 0x00, 0x00, 0x00, 0x00, 0x4d, 0x6b, 0x0c, 0x63, 0x00, 0x00, 0x00, 0x00, 0x00, 0x00, 0x00, 0x00,
    0x00, 0x00, 0xd7, 0xbd, 0xff, 0xff, 0xff, 0xff, 0xff, 0xff, 0xff, 0xff, 0x24, 0x21, 0x00, 0x00, 0x00, 0x00, 0x00, 0x00, 0x00, 0x00, 0x28, 0x42,
    0x1c, 0xe7, 0xff, 0xff, 0x79, 0xce, 0x20, 0x00, 0x00, 0x00, 0x00, 0x00, 0x38, 0xc6, 0x18, 0xc6, 0x24, 0x21, 0x00, 0x00, 0x00, 0x00, 0x61, 0x08,
    0x9a, 0xd6, 0x38, 0xbf, 0x24, 0x05, 0x24, 0x05, 0x24, 0x05, 0xb4, 0x9d, 0xbf, 0xf7, 0x62, 0x08, 0x62, 0x08, 0x62, 0x08, 0x62, 0x08, 0x62, 0x08,
    0x62, 0x08, 0x62, 0x08, 0x62, 0x08, 0x62, 0x08, 0x46, 0x29, 0x71, 0x8c, 0x3c, 0xe7, 0xf5, 0xad, 0x24, 0x05, 0xea, 0x3c, 0xad, 0x55, 0xff, 0xff,
    0x86, 0x31, 0x00, 0x00, 0x00, 0x00, 0x00, 0x00, 0x00, 0x00, 0x4d, 0x6b, 0xff, 0xff, 0xff, 0xff, 0xff, 0xff, 0xff, 0xff, 0xdf, 0xff, 0x0c, 0x63,
    0x00, 0x00, 0xd3, 0x9c, 0xff, 0xff, 0xf3, 0x9c, 0x00, 0x00, 0x00, 0x00, 0x00, 0x00, 0x00, 0x00, 0x00, 0x00, 0x41, 0x08, 0x00, 0x00, 0x00, 0x00,
    0x00, 0x00, 0x61, 0x08, 0xf7, 0xbd, 0xff, 0xff, 0xff, 0xff, 0xff, 0xff, 0x28, 0x42, 0x00, 0x00, 0x00, 0x00, 0x00, 0x00, 0x08, 0x42, 0xff, 0xff,
    0xff, 0xff, 0x7d, 0xef, 0x24, 0x21, 0x00, 0x00, 0x00, 0x00, 0x00, 0x00, 0x20, 0x00, 0x92, 0x94, 0x14, 0xa5, 0xe3, 0x18, 0x00, 0x00, 0x00, 0x00,
    0x0c, 0x63, 0xff, 0xff, 0x66, 0x1d, 0x0a, 0x45, 0xe9, 0x3c, 0x79, 0xc6, 0x38, 0xc6, 0x82, 0x10, 0x62, 0x08, 0x62, 0x08, 0x62, 0x08, 0x62, 0x08,
    0x62, 0x08, 0x62, 0x08, 0x62, 0x08, 0x62, 0x08, 0x62, 0x08, 0x62, 0x08, 0x0c, 0x63, 0xbf, 0xf7, 0xf5, 0xa5, 0x16, 0xb6, 0x6e, 0x6d, 0xff, 0xff,
    0x69, 0x4a, 0x00, 0x00, 0x00, 0x00, 0x00, 0x00, 0x00, 0x00, 0x20, 0x00, 0xdf, 0xff, 0xff, 0xff, 0x18, 0xc6, 0xcf, 0x7b, 0xcf, 0x7b, 0x9a, 0xd6,
    0x5d, 0xef, 0xf3, 0x9c, 0xc7, 0x39, 0x00, 0x00, 0x00, 0x00, 0x00, 0x00, 0x08, 0x42, 0x75, 0xad, 0x9e, 0xf7, 0x10, 0x84, 0x00, 0x00, 0x00, 0x00,
    0x00, 0x00, 0x00, 0x00, 0xa2, 0x10, 0xdb, 0xde, 0xff, 0xff, 0xff, 0xff, 0xbe, 0xf7, 0xae, 0x73, 0x20, 0x00, 0x00, 0x00, 0xd7, 0xbd, 0xff, 0xff,
    0x59, 0xce, 0x86, 0x31, 0x00, 0x00, 0x00, 0x00, 0x00, 0x00, 0xc3, 0x18, 0x14, 0xa5, 0xff, 0xff, 0xff, 0xff, 0x1c, 0xe7, 0x04, 0x21, 0x00, 0x00,
    0x69, 0x4a, 0xff, 0xff, 0xca, 0x3d, 0x06, 0x15, 0x50, 0x7d, 0x58, 0xc6, 0x38, 0xc6, 0x62, 0x08, 0x62, 0x08, 0x62, 0x08, 0x62, 0x08, 0x62, 0x08,
    0x62, 0x08, 0x62, 0x08, 0x62, 0x08, 0x62, 0x08, 0x62, 0x08, 0x62, 0x08, 0x62, 0x08, 0x34, 0xa5, 0xff, 0xff, 0xff, 0xff, 0xff, 0xff, 0xff, 0xff,
    0xaa, 0x52, 0x00, 0x00, 0x00, 0x00, 0x00, 0x00, 0x00, 0x00, 0x45, 0x29, 0xff, 0xff, 0xff, 0xff, 0x28, 0x42, 0x00, 0x00, 0x00, 0x00, 0x00, 0x00,
    0x20, 0x00, 0x00, 0x00, 0x82, 0x10, 0x69, 0x4a, 0x00, 0x00, 0x00, 0x00, 0x92, 0x94, 0xdb, 0xde, 0xff, 0xff, 0x71, 0x8c, 0x00, 0x00, 0x00, 0x00,
    0x00, 0x00, 0x00, 0x00, 0x00, 0x00, 0xeb, 0x5a, 0xff, 0xff, 0xff, 0xff, 0xff, 0xff, 0xff, 0xff, 0xdb, 0xde, 0xf7, 0xbd, 0xff, 0xff, 0xbe, 0xf7,
    0xa2, 0x10, 0x00, 0x00, 0x00, 0x00, 0x20, 0x00, 0x4d, 0x6b, 0x9e, 0xf7, 0xff, 0xff, 0x38, 0xc6, 0x71, 0x8c, 0xd3, 0x9c, 0x5d, 0xef, 0xfb, 0xde,
    0xff, 0xff, 0xbd, 0xe7, 0x66, 0x1d, 0x0b, 0x4d, 0x0d, 0x5d, 0xfb, 0xde, 0x9e, 0xf7, 0x82, 0x10, 0x62, 0x08, 0x62, 0x08, 0x62, 0x08, 0x62, 0x08,
    0x62, 0x08, 0x62, 0x08, 0x62, 0x08, 0x62, 0x08, 0x62, 0x08, 0x62, 0x08, 0xc3, 0x18, 0x6a, 0x4a, 0x6a, 0x4a, 0x8a, 0x52, 0x7d, 0xef, 0xff, 0xff,
    0x0c, 0x63, 0x00, 0x00, 0x00, 0x00, 0x00, 0x00, 0xc3, 0x18, 0xfb, 0xde, 0xff, 0xff, 0xff, 0xff, 0xfb, 0xde, 0xa2, 0x10, 0x00, 0x00, 0x00, 0x00,
    0x00, 0x00, 0x10, 0x84, 0xbe, 0xf7, 0x79, 0xce, 0x00, 0x00, 0x00, 0x00, 0x41, 0x08, 0x00, 0x00, 0x10, 0x84, 0xf3, 0x9c, 0x00, 0x00, 0x00, 0x00,
    0x00, 0x00, 0x00, 0x00, 0x20, 0x00, 0x9a, 0xd6, 0xff, 0xff, 0xff, 0xff, 0xff, 0xff, 0xff, 0xff, 0xff, 0xff, 0xff, 0xff, 0xff, 0xff, 0xdb, 0xde,
    0x20, 0x00, 0x00, 0x00, 0x65, 0x29, 0x55, 0xad, 0x86, 0x31, 0xff, 0xff, 0x9a, 0xd6, 0x00, 0x00, 0x00, 0x00, 0x00, 0x00, 0xc3, 0x18, 0x38, 0xc6,
    0xff, 0xff, 0xcb, 0x45, 0x24, 0x05, 0x08, 0x2d, 0xe9, 0x3c, 0xb4, 0x9d, 0xff, 0xff, 0x86, 0x31, 0x62, 0x08, 0x62, 0x08, 0x62, 0x08, 0x62, 0x08,
    0x62, 0x08, 0x62, 0x08, 0x62, 0x08, 0x62, 0x08, 0x62, 0x08, 0x62, 0x08, 0x62, 0x08, 0x62, 0x08, 0x62, 0x08, 0x66, 0x29, 0x0c, 0x63, 0xff, 0xff,
    0xeb, 0x5a, 0x00, 0x00, 0x00, 0x00, 0x00, 0x00, 0x55, 0xad, 0xff, 0xff, 0xff, 0xff, 0x3c, 0xe7, 0xdf, 0xff, 0x28, 0x42, 0x00, 0x00, 0x00, 0x00,
    0x00, 0x00, 0x49, 0x4a, 0xf3, 0x9c, 0x08, 0x42, 0x00, 0x00, 0x00, 0x00, 0x00, 0x00, 0x00, 0x00, 0xe7, 0x39, 0x75, 0xad, 0x00, 0x00, 0x00, 0x00,
    0x82, 0x10, 0xeb, 0x5a, 0xd7, 0xbd, 0xff, 0xff, 0xff, 0xff, 0xff, 0xff, 0xff, 0xff, 0xff, 0xff, 0xff, 0xff, 0xff, 0xff, 0xff, 0xff, 0xff, 0xff,
    0x75, 0xad, 0x10, 0x84, 0x9e, 0xf7, 0x28, 0x42, 0x00, 0x00, 0xa6, 0x31, 0x24, 0x21, 0x45, 0x29, 0x20, 0x00, 0x00, 0x00, 0x00, 0x00, 0x82, 0x10,
    0x7d, 0xef, 0x92, 0x86, 0x24, 0x05, 0x24, 0x05, 0xe9, 0x34, 0x16, 0xb6, 0xff, 0xff, 0x66, 0x29, 0x62, 0x08, 0x62, 0x08, 0x62, 0x08, 0x62, 0x08,
    0x62, 0x08, 0x62, 0x08, 0x62, 0x08, 0x62, 0x08, 0x62, 0x08, 0x62, 0x08, 0x62, 0x08, 0x62, 0x08, 0x62, 0x08, 0x62, 0x08, 0xc3, 0x18, 0xff, 0xff,
    0xcb, 0x5a, 0x00, 0x00, 0x00, 0x00, 0x00, 0x00, 0xba, 0xd6, 0x55, 0xad, 0xeb, 0x5a, 0xa2, 0x10, 0xe7, 0x39, 0xef, 0x7b, 0x00, 0x00, 0x00, 0x00,
    0x00, 0x00, 0x00, 0x00, 0x00, 0x00, 0x00, 0x00, 0x00, 0x00, 0x00, 0x00, 0xa6, 0x31, 0x6d, 0x6b, 0xd3, 0x9c, 0xb6, 0xb5, 0x00, 0x00, 0x00, 0x00,
    0xb2, 0x94, 0xff, 0xff, 0xff, 0xff, 0xff, 0xff, 0xff, 0xff, 0xff, 0xff, 0xff, 0xff, 0xff, 0xff, 0xff, 0xff, 0xff, 0xff, 0xff, 0xff, 0xff, 0xff,
    0xff, 0xff, 0xff, 0xff, 0x1c, 0xe7, 0x00, 0x00, 0x00, 0x00, 0x20, 0x00, 0xd3, 0x9c, 0xff, 0xff, 0xaa, 0x52, 0x00, 0x00, 0x00, 0x00, 0x00, 0x00,
    0x96, 0xb5, 0x9b, 0xdf, 0x25, 0x0d, 0x25, 0x0d, 0x50, 0x7d, 0x78, 0xc6, 0xff, 0xff, 0x08, 0x42, 0x62, 0x08, 0x62, 0x08, 0x62, 0x08, 0x62, 0x08,
    0x62, 0x08, 0x62, 0x08, 0x62, 0x08, 0x62, 0x08, 0x62, 0x08, 0x62, 0x08, 0x62, 0x08, 0x62, 0x08, 0x62, 0x08, 0x62, 0x08, 0x6d, 0x6b, 0xff, 0xff,
    0xaa, 0x52, 0x00, 0x00, 0x00, 0x00, 0x00, 0x00, 0x61, 0x08, 0x00, 0x00, 0x00, 0x00, 0x00, 0x00, 0x00, 0x00, 0xf3, 0x9c, 0x00, 0x00, 0x00, 0x00,
    0x00, 0x00, 0x00, 0x00, 0xc3, 0x18, 0x0c, 0x63, 0x00, 0x00, 0x00, 0x00, 0x55, 0xad, 0xdf, 0xff, 0x59, 0xce, 0x0c, 0x63, 0x00, 0x00, 0x20, 0x00,
    0x3c, 0xe7, 0xff, 0xff, 0xff, 0xff, 0xff, 0xff, 0xff, 0xff, 0xff, 0xff, 0xff, 0xff, 0xff, 0xff, 0xff, 0xff, 0xff, 0xff, 0xff, 0xff, 0xff, 0xff,
    0xff, 0xff, 0xff, 0xff, 0xb2, 0x94, 0x00, 0x00, 0x00, 0x00, 0x71, 0x8c, 0x9e, 0xf7, 0xba, 0xd6, 0x51, 0x8c, 0x00, 0x00, 0x00, 0x00, 0xa6, 0x31,
    0xff, 0xff, 0x38, 0xbf, 0x75, 0xa6, 0xf5, 0xa5, 0xf6, 0xad, 0xd5, 0xa5, 0xff, 0xff, 0x08, 0x42, 0x62, 0x08, 0x62, 0x08, 0x62, 0x08, 0x62, 0x08,
    0x62, 0x08, 0x62, 0x08, 0x62, 0x08, 0x62, 0x08, 0x62, 0x08, 0x62, 0x08, 0xa3, 0x10, 0xa3, 0x10, 0x0c, 0x63, 0x9a, 0xd6, 0xff, 0xff, 0x18, 0xc6,
    0x24, 0x21, 0x00, 0x00, 0x00, 0x00, 0x00, 0x00, 0x00, 0x00, 0x00, 0x00, 0x00, 0x00, 0x00, 0x00, 0x00, 0x00, 0x5d, 0xef, 0x49, 0x4a, 0x00, 0x00,
    0x00, 0x00, 0x00, 0x00, 0xba, 0xd6, 0xff, 0xff, 0x20, 0x00, 0x00, 0x00, 0x24, 0x21, 0x41, 0x08, 0x00, 0x00, 0x00, 0x00, 0x00, 0x00, 0xe3, 0x18,
    0xff, 0xff, 0xff, 0xff, 0xff, 0xff, 0xff, 0xff, 0xff, 0xff, 0xff, 0xff, 0xff, 0xff, 0xff, 0xff, 0xff, 0xff, 0xff, 0xff, 0xff, 0xff, 0xff, 0xff,
    0xff, 0xff, 0xff, 0xff, 0x69, 0x4a, 0x00, 0x00, 0xc3, 0x18, 0x71, 0x8c, 0xa2, 0x10, 0x00, 0x00, 0xcf, 0x7b, 0x00, 0x00, 0x00, 0x00, 0x3c, 0xe7,
    0x7a, 0xcf, 0xa9, 0x35, 0x13, 0x96, 0x08, 0x25, 0x50, 0x7d, 0x37, 0xbe, 0xff, 0xff, 0x25, 0x21, 0x62, 0x08, 0x62, 0x08, 0x62, 0x08, 0x62, 0x08,
    0x62, 0x08, 0x62, 0x08, 0x62, 0x08, 0x62, 0x08, 0x62, 0x08, 0xcb, 0x5a, 0xdf, 0xff, 0xff, 0xff, 0xff, 0xff, 0xb6, 0xb5, 0xc7, 0x39, 0x00, 0x00,
    0x00, 0x00, 0x00, 0x00, 0x00, 0x00, 0x00, 0x00, 0x00, 0x00, 0x00, 0x00, 0xc3, 0x18, 0x00, 0x00, 0xe3, 0x18, 0xff, 0xff, 0x9a, 0xd6, 0x41, 0x08,
    0x00, 0x00, 0x00, 0x00, 0x08, 0x42, 0x82, 0x10, 0x00, 0x00, 0x00, 0x00, 0x00, 0x00, 0x00, 0x00, 0x00, 0x00, 0x00, 0x00, 0x41, 0x08, 0xae, 0x73,
    0xff, 0xff, 0xff, 0xff, 0xff, 0xff, 0xff, 0xff, 0xff, 0xff, 0xff, 0xff, 0xff, 0xff, 0xff, 0xff, 0xff, 0xff, 0xff, 0xff, 0xff, 0xff, 0xff, 0xff,
    0xff, 0xff, 0xbe, 0xf7, 0x41, 0x08, 0x00, 0x00, 0xeb, 0x5a, 0x4d, 0x6b, 0x61, 0x08, 0x41, 0x08, 0x92, 0x94, 0x00, 0x00, 0x00, 0x00, 0x9e, 0xf7,
    0x70, 0x76, 0xa9, 0x2d, 0x16, 0xae, 0xea, 0x3c, 0x72, 0x8d, 0x58, 0xbe, 0xbe, 0xf7, 0x62, 0x08, 0x62, 0x08, 0x62, 0x08, 0x62, 0x08, 0x62, 0x08,
    0x62, 0x08, 0x62, 0x08, 0x62, 0x08, 0x62, 0x08, 0x62, 0x08, 0x7a, 0xce, 0x59, 0xce, 0x2c, 0x63, 0x86, 0x31, 0x00, 0x00, 0x00, 0x00, 0x00, 0x00,
    0x00, 0x00, 0x00, 0x00, 0x00, 0x00, 0x00, 0x00, 0xe7, 0x39, 0xd7, 0xbd, 0xba, 0xd6, 0xba, 0xd6, 0x59, 0xce, 0xff, 0xff, 0xff, 0xff, 0x55, 0xad,
    0x00, 0x00, 0x00, 0x00, 0x00, 0x00, 0x00, 0x00, 0x00, 0x00, 0x61, 0x08, 0x61, 0x08, 0x00, 0x00, 0x00, 0x00, 0x61, 0x08, 0x10, 0x84, 0x1c, 0xe7,
    0xff, 0xff, 0xff, 0xff, 0xff, 0xff, 0xff, 0xff, 0xff, 0xff, 0xff, 0xff, 0xff, 0xff, 0xff, 0xff, 0xff, 0xff, 0xff, 0xff, 0xff, 0xff, 0xff, 0xff,
    0xff, 0xff, 0xb6, 0xb5, 0x00, 0x00, 0x00, 0x00, 0x2c, 0x63, 0x9e, 0xf7, 0x04, 0x21, 0xe7, 0x39, 0x51, 0x8c, 0x00, 0x00, 0x00, 0x00, 0x7d, 0xef,
    0x70, 0x76, 0xca, 0x3d, 0xba, 0xce, 0xe9, 0x3c, 0xba, 0xd6, 0x3c, 0xe7, 0x9a, 0xd6, 0x62, 0x08, 0x62, 0x08, 0x62, 0x08, 0x62, 0x08, 0x62, 0x08,
    0x62, 0x08, 0x62, 0x08, 0x62, 0x08, 0x62, 0x08, 0x08, 0x42, 0xff, 0xff, 0xae, 0x73, 0x00, 0x00, 0x00, 0x00, 0x00, 0x00, 0x00, 0x00, 0x00, 0x00,
    0x00, 0x00, 0x00, 0x00, 0x00, 0x00, 0x00, 0x00, 0x4d, 0x6b, 0xff, 0xff, 0xdf, 0xff, 0xff, 0xff, 0xff, 0xff, 0xff, 0xff, 0xff, 0xff, 0xba, 0xd6,
    0x00, 0x00, 0x00, 0x00, 0x65, 0x29, 0xcf, 0x7b, 0x38, 0xc6, 0xdf, 0xff, 0x0c, 0x63, 0x00, 0x00, 0x00, 0x00, 0x00, 0x00, 0x0c, 0x63, 0xff, 0xff,
    0xff, 0xff, 0x9e, 0xf7, 0x38, 0xc6, 0xff, 0xff, 0xff, 0xff, 0xff, 0xff, 0xff, 0xff, 0xff, 0xff, 0xff, 0xff, 0xff, 0xff, 0xff, 0xff, 0xff, 0xff,
    0xff, 0xff, 0xae, 0x73, 0x00, 0x00, 0x00, 0x00, 0x55, 0xad, 0xa6, 0x31, 0x00, 0x00, 0x00, 0x00, 0x4d, 0x6b, 0x00, 0x00, 0x00, 0x00, 0xdf, 0xff,
    0x4f, 0x6e, 0xcc, 0x4d, 0x3c, 0xe7, 0x2e, 0x65, 0xff, 0xff, 0xdf, 0xff, 0xf4, 0x9c, 0x62, 0x08, 0x62, 0x08, 0x62, 0x08, 0x62, 0x08, 0x62, 0x08,
    0x62, 0x08, 0x62, 0x08, 0x62, 0x08, 0x62, 0x08, 0x6d, 0x6b, 0xff, 0xff, 0x61, 0x08, 0x00, 0x00, 0x00, 0x00, 0x00, 0x00, 0x00, 0x00, 0x00, 0x00,
    0xa2, 0x10, 0x00, 0x00, 0x00, 0x00, 0x20, 0x00, 0xdb, 0xde, 0xff, 0xff, 0xff, 0xff, 0xff, 0xff, 0xff, 0xff, 0xff, 0xff, 0xff, 0xff, 0xdf, 0xff,
    0x14, 0xa5, 0x1c, 0xe7, 0xff, 0xff, 0xff, 0xff, 0xff, 0xff, 0xff, 0xff, 0x6d, 0x6b, 0x00, 0x00, 0x00, 0x00, 0x00, 0x00, 0xe3, 0x18, 0x4d, 0x6b,
    0x69, 0x4a, 0x41, 0x08, 0x00, 0x00, 0xef, 0x7b, 0xff, 0xff, 0xff, 0xff, 0xff, 0xff, 0xff, 0xff, 0xff, 0xff, 0xff, 0xff, 0xff, 0xff, 0xff, 0xff,
    0xff, 0xff, 0x8a, 0x52, 0x00, 0x00, 0x00, 0x00, 0x59, 0xce, 0x65, 0x29, 0xb2, 0x94, 0x51, 0x8c, 0xd3, 0x9c, 0x00, 0x00, 0x00, 0x00, 0xff, 0xff,
    0x2e, 0x66, 0x8b, 0x4d, 0x2f, 0x75, 0x71, 0x85, 0xbe, 0xf7, 0x7a, 0xce, 0x82, 0x10, 0x62, 0x08, 0x62, 0x08, 0x62, 0x08, 0x62, 0x08, 0x62, 0x08,
    0x62, 0x08, 0x62, 0x08, 0x62, 0x08, 0x62, 0x08, 0x49, 0x4a, 0xff, 0xff, 0xc7, 0x39, 0x00, 0x00, 0x00, 0x00, 0x00, 0x00, 0x00, 0x00, 0x00, 0x00,
    0x24, 0x21, 0x00, 0x00, 0x00, 0x00, 0x20, 0x00, 0xfb, 0xde, 0xfe, 0xf7, 0xff, 0xff, 0xff, 0xff, 0xff, 0xff, 0xff, 0xff, 0xff, 0xff, 0xff, 0xff,
    0xff, 0xff, 0xff, 0xff, 0xff, 0xff, 0xff, 0xff, 0xdf, 0xff, 0xb6, 0xb5, 0x24, 0x21, 0x00, 0x00, 0x00, 0x00, 0x00, 0x00, 0x00, 0x00, 0xc3, 0x18,
    0x00, 0x00, 0x00, 0x00, 0x00, 0x00, 0x00, 0x00, 0xf3, 0x9c, 0xff, 0xff, 0xff, 0xff, 0xff, 0xff, 0xff, 0xff, 0xff, 0xff, 0xff, 0xff, 0xff, 0xff,
    0xff, 0xff, 0x8a, 0x52, 0x00, 0x00, 0x00, 0x00, 0x34, 0xa5, 0x7d, 0xef, 0xff, 0xff, 0xfb, 0xde, 0xef, 0x7b, 0x00, 0x00, 0x41, 0x08, 0xff, 0xff,
    0x2d, 0x5e, 0x4b, 0x45, 0x0e, 0x65, 0x2e, 0x6d, 0xff, 0xff, 0x76, 0xad, 0x62, 0x08, 0x62, 0x08, 0x62, 0x08, 0x62, 0x08, 0x62, 0x08, 0x62, 0x08,
    0x62, 0x08, 0x62, 0x08, 0x62, 0x08, 0x62, 0x08, 0x82, 0x10, 0x3c, 0xe7, 0x92, 0x94, 0x00, 0x00, 0x00, 0x00, 0x00, 0x00, 0x00, 0x00, 0x20, 0x00,
    0xcb, 0x5a, 0x00, 0x00, 0x00, 0x00, 0xc3, 0x18, 0x7d, 0xef, 0xff, 0xff, 0xff, 0xff, 0xff, 0xff, 0xff, 0xff, 0xff, 0xff, 0xff, 0xff, 0x7d, 0xef,
    0x96, 0xb5, 0x38, 0xc6, 0x9a, 0xd6, 0xb6, 0xb5, 0xfb, 0xde, 0x5d, 0xef, 0xcb, 0x5a, 0x00, 0x00, 0x00, 0x00, 0x00, 0x00, 0x00, 0x00, 0x00, 0x00,
    0x00, 0x00, 0x00, 0x00, 0x00, 0x00, 0x00, 0x00, 0xc3, 0x18, 0xdf, 0xff, 0xff, 0xff, 0xff, 0xff, 0xff, 0xff, 0xff, 0xff, 0xff, 0xff, 0xff, 0xff,
    0xff, 0xff, 0xef, 0x7b, 0x00, 0x00, 0xe3, 0x18, 0x3c, 0xe7, 0x45, 0x29, 0x49, 0x4a, 0x8e, 0x73, 0xa2, 0x10, 0x00, 0x00, 0x82, 0x10, 0xff, 0xff,
    0x2d, 0x5e, 0xe8, 0x2c, 0x0d, 0x65, 0xff, 0xff, 0xf8, 0xbd, 0x62, 0x08, 0x62, 0x08, 0x62, 0x08, 0x62, 0x08, 0x62, 0x08, 0x62, 0x08, 0x62, 0x08,
    0x62, 0x08, 0x62, 0x08, 0x62, 0x08, 0x62, 0x08, 0x62, 0x08, 0xd3, 0x9c, 0x3c, 0xe7, 0x41, 0x08, 0x00, 0x00, 0x00, 0x00, 0xa2, 0x10, 0xba, 0xd6,
    0x38, 0xc6, 0x24, 0x21, 0x61, 0x08, 0x04, 0x21, 0x9e, 0xf7, 0xff, 0xff, 0xff, 0xff, 0xdf, 0xff, 0x5d, 0xef, 0x71, 0x8c, 0xe7, 0x39, 0x82, 0x10,
    0x86, 0x31, 0x45, 0x29, 0x20, 0x00, 0x8a, 0x52, 0x8e, 0x73, 0x65, 0x29, 0x41, 0x08, 0x00, 0x00, 0x00, 0x00, 0x20, 0x00, 0x51, 0x8c, 0xef, 0x7b,
    0x8a, 0x52, 0x8e, 0x73, 0x08, 0x42, 0x00, 0x00, 0x00, 0x00, 0xf7, 0xbd, 0xff, 0xff, 0xff, 0xff, 0xff, 0xff, 0xff, 0xff, 0xff, 0xff, 0xff, 0xff,
    0xff, 0xff, 0xff, 0xff, 0x96, 0xb5, 0x18, 0xc6, 0xff, 0xff, 0x79, 0xce, 0x20, 0x00, 0x00, 0x00, 0x00, 0x00, 0x00, 0x00, 0x00, 0x00, 0xfb, 0xde,
    0xb3, 0x8e, 0x24, 0x05, 0xe9, 0x34, 0xff, 0xff, 0x04, 0x21, 0x62, 0x08, 0x62, 0x08, 0x62, 0x08, 0x62, 0x08, 0x62, 0x08, 0x62, 0x08, 0x62, 0x08,
    0x62, 0x08, 0x62, 0x08, 0x62, 0x08, 0x62, 0x08, 0x62, 0x08, 0x86, 0x31, 0xbe, 0xf7, 0x18, 0xc6, 0x69, 0x4a, 0x4d, 0x6b, 0x79, 0xce, 0xff, 0xff,
    0xdb, 0xde, 0xb2, 0x94, 0xa2, 0x10, 0x24, 0x21, 0xdf, 0xff, 0xff, 0xff, 0xdb, 0xde, 0x00, 0x00, 0x00, 0x00, 0x00, 0x00, 0x00, 0x00, 0x00, 0x00,
    0x00, 0x00, 0x00, 0x00, 0x20, 0x00, 0x49, 0x4a, 0x92, 0x94, 0xdb, 0xde, 0x71, 0x8c, 0x00, 0x00, 0x00, 0x00, 0x24, 0x21, 0xfb, 0xde, 0x3c, 0xe7,
    0xff, 0xff, 0xff, 0xff, 0xff, 0xff, 0x0c, 0x63, 0x28, 0x42, 0x7d, 0xef, 0xff, 0xff, 0xff, 0xff, 0xff, 0xff, 0xff, 0xff, 0xff, 0xff, 0xff, 0xff,
    0xff, 0xff, 0xff, 0xff, 0xff, 0xff, 0xff, 0xff, 0x9c, 0xdf, 0xff, 0xf7, 0x8e, 0x73, 0x00, 0x00, 0x00, 0x00, 0x00, 0x00, 0xe3, 0x18, 0xbe, 0xf7,
    0x50, 0x6e, 0x24, 0x05, 0x93, 0x95, 0x5d, 0xef, 0x92, 0x94, 0x62, 0x08, 0x62, 0x08, 0x62, 0x08, 0x62, 0x08, 0x62, 0x08, 0x62, 0x08, 0x62, 0x08,
    0x62, 0x08, 0x62, 0x08, 0x62, 0x08, 0x62, 0x08, 0x62, 0x08, 0x62, 0x08, 0x6a, 0x4a, 0xbe, 0xf7, 0xff, 0xff, 0xff, 0xff, 0x7a, 0xcf, 0x59, 0xc7,
    0xdf, 0xff, 0x75, 0xad, 0xe3, 0x18, 0x24, 0x21, 0x9e, 0xf7, 0xbd, 0xef, 0xff, 0xff, 0xc3, 0x18, 0x00, 0x00, 0x00, 0x00, 0x00, 0x00, 0x00, 0x00,
    0xa2, 0x10, 0x71, 0x8c, 0x5d, 0xef, 0xff, 0xff, 0xff, 0xff, 0xff, 0xff, 0xb2, 0x94, 0x00, 0x00, 0x00, 0x00, 0xc7, 0x39, 0xff, 0xff, 0xff, 0xff,
    0xff, 0xff, 0xff, 0xff, 0xff, 0xff, 0xff, 0xff, 0xff, 0xff, 0xff, 0xff, 0xff, 0xff, 0xff, 0xff, 0xff, 0xff, 0xff, 0xff, 0xff, 0xff, 0xff, 0xff,
    0xff, 0xff, 0xff, 0xff, 0xff, 0xff, 0xff, 0xff, 0x9c, 0xdf, 0xf5, 0x9e, 0xfb, 0xde, 0x82, 0x10, 0x00, 0x00, 0x00, 0x00, 0x2c, 0x63, 0xff, 0xff,
    0x46, 0x15, 0x24, 0x05, 0x37, 0xb6, 0x58, 0xc6, 0xd3, 0x9c, 0x62, 0x08, 0x62, 0x08, 0x62, 0x08, 0x62, 0x08, 0x62, 0x08, 0x62, 0x08, 0x62, 0x08,
    0x62, 0x08, 0x62, 0x08, 0x62, 0x08, 0x62, 0x08, 0x62, 0x08, 0x62, 0x08, 0x86, 0x31, 0xff, 0xff, 0x1b, 0xdf, 0xb2, 0x8d, 0x24, 0x05, 0x77, 0xbe,
    0xff, 0xff, 0xf7, 0xbd, 0x86, 0x31, 0x24, 0x21, 0x9e, 0xf7, 0xd4, 0x9e, 0xff, 0xff, 0xf3, 0x9c, 0x00, 0x00, 0x00, 0x00, 0x00, 0x00, 0xc7, 0x39,
    0x9e, 0xf7, 0xff, 0xff, 0xff, 0xff, 0xff, 0xff, 0xff, 0xff, 0xff, 0xff, 0x75, 0xad, 0x00, 0x00, 0x00, 0x00, 0xaa, 0x52, 0xff, 0xff, 0xff, 0xff,
    0xff, 0xff, 0xff, 0xff, 0xff, 0xff, 0xff, 0xff, 0xff, 0xff, 0xff, 0xff, 0xff, 0xff, 0xff, 0xff, 0xff, 0xff, 0xff, 0xff, 0xff, 0xff, 0xff, 0xff,
    0xff, 0xff, 0xff, 0xff, 0xde, 0xef, 0xff, 0xff, 0xbc, 0xe7, 0xca, 0x3d, 0xff, 0xff, 0x92, 0x94, 0x00, 0x00, 0x04, 0x21, 0xdb, 0xde, 0x39, 0xc7,
    0x06, 0x15, 0x24, 0x05, 0x99, 0xce, 0xff, 0xff, 0xe8, 0x39, 0x62, 0x08, 0x62, 0x08, 0x62, 0x08, 0x62, 0x08, 0x62, 0x08, 0x62, 0x08, 0x62, 0x08,
    0x62, 0x08, 0x62, 0x08, 0x62, 0x08, 0x62, 0x08, 0x62, 0x08, 0x62, 0x08, 0x62, 0x08, 0xc4, 0x18, 0xff, 0xff, 0x78, 0xc6, 0xec, 0x54, 0x5d, 0xe7,
    0xff, 0xff, 0x59, 0xce, 0x28, 0x42, 0x45, 0x29, 0xff, 0xff, 0x4f, 0x6e, 0x70, 0x76, 0xff, 0xff, 0x8e, 0x73, 0x00, 0x00, 0x00, 0x00, 0x8a, 0x52,
    0xff, 0xff, 0x9a, 0xd6, 0x55, 0xad, 0xff, 0xff, 0xff, 0xff, 0xff, 0xff, 0xf7, 0xbd, 0x00, 0x00, 0x00, 0x00, 0x10, 0x84, 0xff, 0xff, 0xff, 0xff,
    0xff, 0xff, 0xff, 0xff, 0xff, 0xff, 0xff, 0xff, 0xff, 0xff, 0xff, 0xff, 0xff, 0xff, 0xff, 0xff, 0xff, 0xff, 0xff, 0xff, 0xff, 0xff, 0xff, 0xff,
    0xff, 0xff, 0xdd, 0xef, 0x45, 0x0d, 0x9c, 0xdf, 0xec, 0x4d, 0x66, 0x15, 0x50, 0x6e, 0xff, 0xff, 0xbe, 0xf7, 0xdf, 0xff, 0xff, 0xff, 0x57, 0xb6,
    0x72, 0x8d, 0x24, 0x05, 0xba, 0xce, 0xb7, 0xb5, 0x62, 0x08, 0x62, 0x08, 0x62, 0x08, 0x62, 0x08, 0x62, 0x08, 0x62, 0x08, 0x62, 0x08, 0x62, 0x08,
    0x62, 0x08, 0x62, 0x08, 0x62, 0x08, 0x62, 0x08, 0x62, 0x08, 0x62, 0x08, 0x62, 0x08, 0x82, 0x10, 0x2d, 0x63, 0xbf, 0xf7, 0xfb, 0xde, 0x99, 0xce,
    0xff, 0xff, 0x18, 0xc6, 0xc3, 0x18, 0x65, 0x29, 0xff, 0xff, 0x4f, 0x6e, 0x24, 0x05, 0xd4, 0x96, 0xff, 0xff, 0xd7, 0xbd, 0x8e, 0x73, 0xdb, 0xde,
    0xff, 0xff, 0xe7, 0x39, 0x00, 0x00, 0x71, 0x8c, 0xff, 0xff, 0xff, 0xff, 0xf7, 0xbd, 0x00, 0x00, 0x00, 0x00, 0x10, 0x84, 0xff, 0xff, 0xff, 0xff,
    0xff, 0xff, 0xff, 0xff, 0xff, 0xff, 0xff, 0xff, 0xff, 0xff, 0xff, 0xff, 0xff, 0xff, 0xff, 0xff, 0xff, 0xff, 0xff, 0xff, 0xff, 0xff, 0xff, 0xff,
    0xde, 0xf7, 0x38, 0xbf, 0x45, 0x0d, 0xff, 0xff, 0x2e, 0x5e, 0x24, 0x05, 0x24, 0x05, 0x38, 0xbf, 0xb3, 0x96, 0xde, 0xf7, 0xb2, 0x85, 0x37, 0xb6,
    0xd5, 0xa5, 0x2f, 0x6d, 0x7d, 0xef, 0x30, 0x84, 0x62, 0x08, 0x62, 0x08, 0x62, 0x08, 0x62, 0x08, 0x62, 0x08, 0x62, 0x08, 0x62, 0x08, 0x62, 0x08,
    0x62, 0x08, 0x62, 0x08, 0x62, 0x08, 0x62, 0x08, 0x62, 0x08, 0x62, 0x08, 0x62, 0x08, 0x62, 0x08, 0x62, 0x08, 0xe8, 0x39, 0xfb, 0xde, 0xdf, 0xff,
    0xff, 0xff, 0xd3, 0x9c, 0xa2, 0x10, 0x65, 0x29, 0x9e, 0xf7, 0x91, 0x7e, 0x24, 0x05, 0x24, 0x05, 0x70, 0x76, 0xff, 0xff, 0xff, 0xff, 0xff, 0xff,
    0xff, 0xff, 0x69, 0x4a, 0x00, 0x00, 0x00, 0x00, 0x55, 0xad, 0xff, 0xff, 0xb6, 0xb5, 0x00, 0x00, 0x00, 0x00, 0x2c, 0x63, 0xff, 0xff, 0xff, 0xff,
    0xff, 0xff, 0xff, 0xff, 0xff, 0xff, 0xff, 0xff, 0xff, 0xff, 0xff, 0xff, 0xff, 0xff, 0xff, 0xff, 0xff, 0xff, 0xde, 0xf7, 0xfe, 0xf7, 0x7a, 0xcf,
    0xbd, 0xe7, 0x38, 0xbf, 0x24, 0x05, 0xbd, 0xef, 0x0d, 0x56, 0x24, 0x05, 0x24, 0x05, 0x9b, 0xdf, 0x24, 0x05, 0xbe, 0xf7, 0x72, 0x8d, 0x78, 0xc6,
    0xff, 0xff, 0xdf, 0xff, 0xb6, 0xb5, 0x69, 0x4a, 0x62, 0x08, 0x62, 0x08, 0x62, 0x08, 0x62, 0x08, 0x62, 0x08, 0x62, 0x08, 0x62, 0x08, 0x62, 0x08,
    0x62, 0x08, 0x62, 0x08, 0x62, 0x08, 0x62, 0x08, 0x62, 0x08, 0x62, 0x08, 0x62, 0x08, 0x62, 0x08, 0x62, 0x08, 0x62, 0x08, 0x25, 0x21, 0xdf, 0xff,
    0x9e, 0xf7, 0xcf, 0x7b, 0x45, 0x29, 0x24, 0x21, 0x7d, 0xef, 0x91, 0x7e, 0x24, 0x05, 0xec, 0x4d, 0xff, 0xff, 0xbe, 0xf7, 0xf7, 0xbd, 0xf3, 0x9c,
    0x10, 0x84, 0x04, 0x21, 0x00, 0x00, 0x00, 0x00, 0x49, 0x4a, 0xff, 0xff, 0xb6, 0xb5, 0x00, 0x00, 0x00, 0x00, 0x4d, 0x6b, 0xff, 0xff, 0xff, 0xff,
    0xff, 0xff, 0xff, 0xff, 0xff, 0xff, 0xff, 0xff, 0xff, 0xff, 0xff, 0xff, 0xff, 0xff, 0xff, 0xff, 0x38, 0xb7, 0xf5, 0xa6, 0x2f, 0x66, 0x9b, 0xd7,
    0x9c, 0xdf, 0xd4, 0x96, 0x45, 0x0d, 0xbc, 0xe7, 0xa9, 0x35, 0x24, 0x05, 0x24, 0x05, 0x38, 0xbf, 0x24, 0x05, 0x7d, 0xef, 0xf6, 0xad, 0x3c, 0xe7,
    0xff, 0xff, 0x8a, 0x52, 0xe4, 0x18, 0x62, 0x08, 0x62, 0x08, 0x62, 0x08, 0x62, 0x08, 0x62, 0x08, 0x62, 0x08, 0x62, 0x08, 0x62, 0x08, 0x62, 0x08,
    0x62, 0x08, 0x62, 0x08, 0x62, 0x08, 0x62, 0x08, 0x62, 0x08, 0x62, 0x08, 0x62, 0x08, 0x62, 0x08, 0x62, 0x08, 0x62, 0x08, 0x62, 0x08, 0x79, 0xce,
    0x9e, 0xf7, 0x4d, 0x6b, 0x24, 0x21, 0xc3, 0x18, 0xbe, 0xf7, 0x71, 0x7e, 0x24, 0x05, 0x91, 0x7e, 0xff, 0xff, 0xba, 0xd6, 0xba, 0xd6, 0x38, 0xc6,
    0x30, 0x84, 0xc3, 0x18, 0x00, 0x00, 0x00, 0x00, 0x61, 0x08, 0xff, 0xff, 0xd7, 0xbd, 0x00, 0x00, 0x00, 0x00, 0xcb, 0x5a, 0xff, 0xff, 0xde, 0xf7,
    0xff, 0xff, 0xff, 0xff, 0x16, 0xaf, 0x9b, 0xdf, 0xde, 0xef, 0xd4, 0x96, 0xff, 0xff, 0xff, 0xff, 0x88, 0x25, 0x66, 0x15, 0x59, 0xc7, 0x38, 0xbf,
    0x37, 0xb7, 0x88, 0x25, 0x24, 0x05, 0x7a, 0xcf, 0xec, 0x4d, 0x24, 0x05, 0x24, 0x05, 0x38, 0xbf, 0x24, 0x05, 0x72, 0x8d, 0xd4, 0xa5, 0x3d, 0xe7,
    0x76, 0xad, 0x62, 0x08, 0x62, 0x08, 0x62, 0x08, 0x62, 0x08, 0x62, 0x08, 0x62, 0x08, 0x62, 0x08, 0x62, 0x08, 0x62, 0x08, 0x62, 0x08, 0x62, 0x08,
    0x62, 0x08, 0x62, 0x08, 0x62, 0x08, 0x62, 0x08, 0x62, 0x08, 0x62, 0x08, 0x62, 0x08, 0x62, 0x08, 0x62, 0x08, 0x62, 0x08, 0x62, 0x08, 0x30, 0x84,
    0x9e, 0xf7, 0x69, 0x4a, 0x04, 0x21, 0x41, 0x08, 0xbe, 0xf7, 0x70, 0x76, 0x24, 0x05, 0x66, 0x15, 0xd4, 0x96, 0xf5, 0xa6, 0xd5, 0x9e, 0x17, 0xaf,
    0xde, 0xf7, 0xb6, 0xb5, 0x00, 0x00, 0x00, 0x00, 0x61, 0x08, 0xdf, 0xff, 0xd7, 0xbd, 0x00, 0x00, 0x00, 0x00, 0x69, 0x4a, 0xff, 0xff, 0xde, 0xef,
    0xff, 0xff, 0x5a, 0xcf, 0x25, 0x0d, 0x24, 0x05, 0x24, 0x05, 0x24, 0x05, 0xff, 0xff, 0xde, 0xf7, 0x24, 0x05, 0x0d, 0x56, 0xff, 0xff, 0x4f, 0x6e,
    0xf5, 0xa6, 0x87, 0x25, 0x24, 0x05, 0xb3, 0x96, 0xb3, 0x8e, 0x24, 0x05, 0x24, 0x05, 0xce, 0x65, 0x24, 0x05, 0x08, 0x25, 0x7d, 0xef, 0x71, 0x8c,
    0x62, 0x08, 0x62, 0x08, 0x62, 0x08, 0x62, 0x08, 0x62, 0x08, 0x62, 0x08, 0x62, 0x08, 0x62, 0x08, 0x62, 0x08, 0x62, 0x08, 0x62, 0x08, 0x62, 0x08,
    0x62, 0x08, 0x62, 0x08, 0x62, 0x08, 0x62, 0x08, 0x62, 0x08, 0x62, 0x08, 0x62, 0x08, 0x62, 0x08, 0x62, 0x08, 0x62, 0x08, 0x62, 0x08, 0x10, 0x84,
    0x7d, 0xef, 0xcb, 0x5a, 0xc3, 0x18, 0x61, 0x08, 0x9e, 0xf7, 0x71, 0x86, 0x24, 0x05, 0x24, 0x05, 0x24, 0x05, 0x24, 0x05, 0x24, 0x05, 0x24, 0x05,
    0x4f, 0x6e, 0xff, 0xff, 0x8a, 0x52, 0x00, 0x00, 0x4d, 0x6b, 0xff, 0xff, 0xf7, 0xbd, 0x00, 0x00, 0x00, 0x00, 0x86, 0x31, 0xff, 0xff, 0xff, 0xff,
    0xff, 0xff, 0x92, 0x86, 0x24, 0x05, 0x24, 0x05, 0x37, 0xb7, 0xeb, 0x45, 0xff, 0xff, 0x59, 0xcf, 0x91, 0x7e, 0x4f, 0x6e, 0xff, 0xff, 0x38, 0xbf,
    0x25, 0x0d, 0x45, 0x0d, 0x24, 0x05, 0xd3, 0x96, 0x45, 0x0d, 0x24, 0x05, 0x24, 0x05, 0x24, 0x05, 0x05, 0x15, 0xba, 0xd6, 0xf7, 0xbd, 0x82, 0x10,
    0x62, 0x08, 0x62, 0x08, 0x62, 0x08, 0x62, 0x08, 0x62, 0x08, 0x62, 0x08, 0x62, 0x08, 0x62, 0x08, 0x62, 0x08, 0x62, 0x08, 0x62, 0x08, 0x62, 0x08,
    0x62, 0x08, 0x62, 0x08, 0x62, 0x08, 0x62, 0x08, 0x62, 0x08, 0x62, 0x08, 0x62, 0x08, 0x62, 0x08, 0x62, 0x08, 0x62, 0x08, 0x62, 0x08, 0x92, 0x94,
    0x5d, 0xef, 0xe7, 0x39, 0xa2, 0x10, 0xa2, 0x10, 0xbe, 0xf7, 0xda, 0xce, 0x24, 0x05, 0x24, 0x05, 0x24, 0x05, 0x24, 0x05, 0x66, 0x1d, 0xf5, 0x9e,
    0x59, 0xc7, 0xff, 0xff, 0xbe, 0xf7, 0x96, 0xb5, 0xff, 0xff, 0xff, 0xff, 0xf7, 0xbd, 0x00, 0x00, 0x00, 0x00, 0x61, 0x08, 0xbe, 0xf7, 0xff, 0xff,
    0xff, 0xff, 0x92, 0x86, 0x24, 0x05, 0x67, 0x25, 0x9c, 0xdf, 0x0d, 0x56, 0xff, 0xff, 0x38, 0xbf, 0xbc, 0xe7, 0x2e, 0x5e, 0xbd, 0xe7, 0xbd, 0xe7,
    0x66, 0x1d, 0x24, 0x05, 0x24, 0x05, 0xec, 0x4d, 0x45, 0x0d, 0x24, 0x05, 0x24, 0x05, 0x25, 0x0d, 0xf6, 0xad, 0x1c, 0xe7, 0x04, 0x21, 0x62, 0x08,
    0x62, 0x08, 0x62, 0x08, 0x62, 0x08, 0x62, 0x08, 0x62, 0x08, 0x62, 0x08, 0x62, 0x08, 0x62, 0x08, 0x62, 0x08, 0x62, 0x08, 0x62, 0x08, 0x62, 0x08,
    0x62, 0x08, 0x62, 0x08, 0x62, 0x08, 0x62, 0x08, 0x62, 0x08, 0x62, 0x08, 0x62, 0x08, 0x62, 0x08, 0x62, 0x08, 0x62, 0x08, 0x62, 0x08, 0x14, 0xa5,
    0x79, 0xce, 0x86, 0x31, 0x82, 0x10, 0x04, 0x21, 0xff, 0xff, 0x9e, 0xf7, 0x71, 0x85, 0x24, 0x05, 0x24, 0x05, 0x24, 0x05, 0x91, 0x7e, 0xff, 0xff,
    0x1c, 0xe7, 0x79, 0xce, 0x59, 0xce, 0x3c, 0xe7, 0xff, 0xff, 0xff, 0xff, 0x96, 0xb5, 0x00, 0x00, 0x00, 0x00, 0x20, 0x00, 0x5d, 0xef, 0xff, 0xff,
    0xff, 0xff, 0x92, 0x86, 0x24, 0x05, 0x24, 0x05, 0x24, 0x05, 0xa9, 0x35, 0xde, 0xf7, 0x37, 0xb7, 0x7a, 0xcf, 0x4f, 0x6e, 0xbd, 0xe7, 0xb2, 0x86,
    0x92, 0x86, 0x24, 0x05, 0x24, 0x05, 0xcb, 0x45, 0xcd, 0x5d, 0x24, 0x05, 0x25, 0x0d, 0x93, 0x95, 0xbe, 0xf7, 0xc7, 0x39, 0x62, 0x08, 0x62, 0x08,
    0x62, 0x08, 0x62, 0x08, 0x62, 0x08, 0x62, 0x08, 0x62, 0x08, 0x62, 0x08, 0x62, 0x08, 0x62, 0x08, 0x62, 0x08, 0x62, 0x08, 0x62, 0x08, 0x62, 0x08,
    0x62, 0x08, 0x62, 0x08, 0x62, 0x08, 0x62, 0x08, 0x62, 0x08, 0x62, 0x08, 0x62, 0x08, 0x62, 0x08, 0x62, 0x08, 0x62, 0x08, 0x62, 0x08, 0x14, 0xa5,
    0x79, 0xce, 0x41, 0x08, 0x41, 0x08, 0x04, 0x21, 0xff, 0xff, 0xff, 0xff, 0xff, 0xff, 0xb3, 0x9d, 0x25, 0x0d, 0x24, 0x05, 0xec, 0x4d, 0xff, 0xff,
    0xff, 0xff, 0xff, 0xff, 0x3c, 0xe7, 0xe7, 0x39, 0x20, 0x00, 0x82, 0x10, 0x41, 0x08, 0x00, 0x00, 0x00, 0x00, 0x00, 0x00, 0x34, 0xa5, 0xff, 0xff,
    0xff, 0xff, 0x50, 0x6e, 0x24, 0x05, 0x24, 0x05, 0x24, 0x05, 0x45, 0x15, 0xf5, 0xa6, 0xa9, 0x2d, 0x71, 0x7e, 0xf5, 0xa6, 0xfe, 0xf7, 0x92, 0x86,
    0x92, 0x86, 0x24, 0x05, 0x24, 0x05, 0xef, 0x6d, 0x0a, 0x45, 0x25, 0x0d, 0x37, 0xb6, 0x9e, 0xf7, 0x49, 0x4a, 0x62, 0x08, 0x62, 0x08, 0x62, 0x08,
    0x62, 0x08, 0x62, 0x08, 0x62, 0x08, 0x62, 0x08, 0x62, 0x08, 0x62, 0x08, 0x62, 0x08, 0x62, 0x08, 0x62, 0x08, 0x62, 0x08, 0x62, 0x08, 0x62, 0x08,
    0x62, 0x08, 0x62, 0x08, 0x62, 0x08, 0x62, 0x08, 0x62, 0x08, 0x62, 0x08, 0x62, 0x08, 0x62, 0x08, 0x62, 0x08, 0x62, 0x08, 0x62, 0x08, 0x76, 0xad,
    0x18, 0xc6, 0x00, 0x00, 0x00, 0x00, 0x00, 0x00, 0xbe, 0xf7, 0x9a, 0xd6, 0xba, 0xd6, 0xff, 0xff, 0x37, 0xbe, 0x26, 0x15, 0x24, 0x05, 0x66, 0x1d,
    0xa9, 0x35, 0x2e, 0x66, 0xbc, 0xe7, 0xbe, 0xf7, 0x51, 0x8c, 0xa2, 0x10, 0x00, 0x00, 0x00, 0x00, 0x00, 0x00, 0x00, 0x00, 0x51, 0x8c, 0xff, 0xff,
    0xff, 0xff, 0x0d, 0x5e, 0x24, 0x05, 0x24, 0x05, 0x24, 0x05, 0x88, 0x25, 0xff, 0xff, 0x24, 0x05, 0x2e, 0x66, 0x2e, 0x66, 0xde, 0xf7, 0xd4, 0x96,
    0x92, 0x86, 0x24, 0x05, 0x24, 0x05, 0xeb, 0x44, 0x51, 0x7d, 0x37, 0xbe, 0x3c, 0xe7, 0x66, 0x29, 0x62, 0x08, 0x62, 0x08, 0x62, 0x08, 0x62, 0x08,
    0x62, 0x08, 0x62, 0x08, 0x62, 0x08, 0x62, 0x08, 0x62, 0x08, 0x62, 0x08, 0x62, 0x08, 0x62, 0x08, 0x62, 0x08, 0x62, 0x08, 0x62, 0x08, 0x62, 0x08,
    0x62, 0x08, 0x62, 0x08, 0x62, 0x08, 0x62, 0x08, 0x62, 0x08, 0x62, 0x08, 0x62, 0x08, 0x62, 0x08, 0x62, 0x08, 0x62, 0x08, 0x62, 0x08, 0xf7, 0xbd,
    0x96, 0xb5, 0x00, 0x00, 0x00, 0x00, 0x00, 0x00, 0x9a, 0xd6, 0x35, 0xa5, 0x25, 0x21, 0x79, 0xce, 0xdb, 0xde, 0x1c, 0xdf, 0xeb, 0x4c, 0x24, 0x05,
    0x24, 0x05, 0x24, 0x05, 0x46, 0x15, 0xb3, 0x8e, 0xfe, 0xf7, 0xf7, 0xbd, 0x00, 0x00, 0x00, 0x00, 0x00, 0x00, 0x00, 0x00, 0x6d, 0x6b, 0xff, 0xff,
    0xff, 0xff, 0x66, 0x1d, 0x24, 0x05, 0x24, 0x05, 0x24, 0x05, 0xca, 0x3d, 0xde, 0xf7, 0x66, 0x1d, 0x24, 0x05, 0x4f, 0x6e, 0x16, 0xaf, 0x67, 0x1d,
    0xf9, 0xc6, 0x24, 0x05, 0x25, 0x0d, 0x51, 0x85, 0xff, 0xff, 0x1c, 0xe7, 0x86, 0x31, 0x62, 0x08, 0x62, 0x08, 0x62, 0x08, 0x62, 0x08, 0x62, 0x08,
    0x62, 0x08, 0x62, 0x08, 0x62, 0x08, 0x62, 0x08, 0x62, 0x08, 0x62, 0x08, 0x62, 0x08, 0x62, 0x08, 0x62, 0x08, 0x62, 0x08, 0x62, 0x08, 0x62, 0x08,
    0x62, 0x08, 0x62, 0x08, 0x62, 0x08, 0x62, 0x08, 0x62, 0x08, 0x62, 0x08, 0x62, 0x08, 0x62, 0x08, 0x62, 0x08, 0x62, 0x08, 0x62, 0x08, 0x51, 0x8c,
    0x7d, 0xef, 0x82, 0x10, 0x00, 0x00, 0xe3, 0x18, 0x5d, 0xef, 0x30, 0x84, 0x62, 0x08, 0x04, 0x21, 0xc3, 0x18, 0xd3, 0x9c, 0xff, 0xff, 0x37, 0xb6,
    0xeb, 0x4c, 0x25, 0x0d, 0x24, 0x05, 0x24, 0x05, 0xd4, 0x96, 0x1c, 0xe7, 0x00, 0x00, 0x00, 0x00, 0x00, 0x00, 0x00, 0x00, 0xaa, 0x52, 0xff, 0xff,
    0xff, 0xff, 0x88, 0x25, 0x24, 0x05, 0x24, 0x05, 0x24, 0x05, 0x45, 0x15, 0xff, 0xff, 0x70, 0x76, 0x24, 0x05, 0xa9, 0x2d, 0x3a, 0xcf, 0x48, 0x25,
    0x93, 0x95, 0xb4, 0x9d, 0x3c, 0xe7, 0x5d, 0xef, 0x0c, 0x63, 0x82, 0x10, 0x62, 0x08, 0x62, 0x08, 0x62, 0x08, 0x62, 0x08, 0x62, 0x08, 0x62, 0x08,
    0x62, 0x08, 0x62, 0x08, 0x62, 0x08, 0x62, 0x08, 0x62, 0x08, 0x62, 0x08, 0x62, 0x08, 0x62, 0x08, 0x62, 0x08, 0x62, 0x08, 0x62, 0x08, 0x62, 0x08,
    0x62, 0x08, 0x62, 0x08, 0x62, 0x08, 0x62, 0x08, 0x62, 0x08, 0x62, 0x08, 0x62, 0x08, 0x62, 0x08, 0x62, 0x08, 0x62, 0x08, 0x62, 0x08, 0x45, 0x29,
    0x5d, 0xef, 0x9e, 0xf7, 0x3c, 0xe7, 0xff, 0xff, 0x3d, 0xe7, 0x25, 0x21, 0x62, 0x08, 0x62, 0x08, 0x62, 0x08, 0x62, 0x08, 0xe8, 0x39, 0x55, 0xad,
    0xff, 0xff, 0xfb, 0xde, 0x72, 0x8d, 0xeb, 0x44, 0x4f, 0x6e, 0xff, 0xff, 0xa6, 0x31, 0x00, 0x00, 0x00, 0x00, 0x00, 0x00, 0x6d, 0x6b, 0xff, 0xff,
    0xff, 0xff, 0x71, 0x7e, 0x24, 0x05, 0x24, 0x05, 0x24, 0x05, 0x45, 0x0d, 0xde, 0xf7, 0x50, 0x76, 0x8a, 0x35, 0x8f, 0x6d, 0x5d, 0xef, 0x7d, 0xef,
    0xff, 0xff, 0xb7, 0xb5, 0x8e, 0x73, 0xa3, 0x10, 0x62, 0x08, 0x62, 0x08, 0x62, 0x08, 0x62, 0x08, 0x62, 0x08, 0x62, 0x08, 0x62, 0x08, 0x62, 0x08,
    0x62, 0x08, 0x62, 0x08, 0x62, 0x08, 0x62, 0x08, 0x62, 0x08, 0x62, 0x08, 0x62, 0x08, 0x62, 0x08, 0x62, 0x08, 0x62, 0x08, 0x62, 0x08, 0x62, 0x08,
    0x62, 0x08, 0x62, 0x08, 0x62, 0x08, 0x62, 0x08, 0x62, 0x08, 0x62, 0x08, 0x62, 0x08, 0x62, 0x08, 0x62, 0x08, 0x62, 0x08, 0x62, 0x08, 0x62, 0x08,
    0x66, 0x29, 0x30, 0x84, 0xb2, 0x94, 0x4d, 0x6b, 0x04, 0x21, 0x62, 0x08, 0x62, 0x08, 0x62, 0x08, 0x62, 0x08, 0x62, 0x08, 0x62, 0x08, 0x66, 0x29,
    0xff, 0xff, 0x5d, 0xef, 0x9e, 0xf7, 0xff, 0xff, 0x9e, 0xf7, 0xde, 0xf7, 0x38, 0xc6, 0x20, 0x00, 0x61, 0x08, 0xe7, 0x39, 0x9a, 0xd6, 0xff, 0xff,
    0xff, 0xff, 0x4f, 0x6e, 0x25, 0x0d, 0x24, 0x05, 0x24, 0x05, 0x45, 0x0d, 0xf3, 0x95, 0x78, 0xc6, 0xff, 0xff, 0x9e, 0xf7, 0x96, 0xb5, 0xf0, 0x7b,
    0x25, 0x21, 0x62, 0x08, 0x62, 0x08, 0x62, 0x08, 0x62, 0x08, 0x62, 0x08, 0x62, 0x08, 0x62, 0x08, 0x62, 0x08, 0x62, 0x08, 0x62, 0x08, 0x62, 0x08,
    0x62, 0x08, 0x62, 0x08, 0x62, 0x08, 0x62, 0x08, 0x62, 0x08, 0x62, 0x08, 0x62, 0x08, 0x62, 0x08, 0x62, 0x08, 0x62, 0x08, 0x62, 0x08, 0x62, 0x08,
    0x62, 0x08, 0x62, 0x08, 0x62, 0x08, 0x62, 0x08, 0x62, 0x08, 0x62, 0x08, 0x62, 0x08, 0x62, 0x08, 0x62, 0x08, 0x62, 0x08, 0x62, 0x08, 0x62, 0x08,
    0x62, 0x08, 0x62, 0x08, 0x62, 0x08, 0x62, 0x08, 0x62, 0x08, 0x62, 0x08, 0x62, 0x08, 0x62, 0x08, 0x62, 0x08, 0x62, 0x08, 0x62, 0x08, 0x62, 0x08,
    0xc7, 0x39, 0xcf, 0x7b, 0xb7, 0xb5, 0x71, 0x8c, 0x18, 0xc6, 0xbf, 0xf7, 0xff, 0xff, 0xff, 0xff, 0xff, 0xff, 0xff, 0xff, 0xff, 0xff, 0x9e, 0xf7,
    0xff, 0xff, 0x51, 0x7d, 0x2e, 0x65, 0x71, 0x85, 0x58, 0xbe, 0xbe, 0xf7, 0xff, 0xff, 0x38, 0xc6, 0xec, 0x5a, 0x66, 0x29, 0x62, 0x08, 0x62, 0x08,
    0x62, 0x08, 0x62, 0x08, 0x62, 0x08, 0x62, 0x08, 0x62, 0x08, 0x62, 0x08, 0x62, 0x08, 0x62, 0x08, 0x62, 0x08, 0x62, 0x08, 0x62, 0x08, 0x62, 0x08,
    0x62, 0x08, 0x62, 0x08, 0x62, 0x08, 0x62, 0x08, 0x62, 0x08, 0x62, 0x08, 0x62, 0x08, 0x62, 0x08, 0x62, 0x08, 0x62, 0x08, 0x62, 0x08, 0x62, 0x08,
    0x62, 0x08, 0x62, 0x08, 0x62, 0x08, 0x62, 0x08, 0x62, 0x08, 0x62, 0x08, 0x62, 0x08, 0x62, 0x08, 0x62, 0x08, 0x62, 0x08, 0x62, 0x08, 0x62, 0x08,
    0x62, 0x08, 0x62, 0x08, 0x62, 0x08, 0x62, 0x08, 0x62, 0x08, 0x62, 0x08, 0x62, 0x08, 0x62, 0x08, 0x62, 0x08, 0x62, 0x08, 0x62, 0x08, 0x62, 0x08,
    0x62, 0x08, 0x62, 0x08, 0x62, 0x08, 0x62, 0x08, 0x62, 0x08, 0xe4, 0x18, 0x51, 0x8c, 0xf7, 0xbd, 0x79, 0xce, 0x79, 0xce, 0xd7, 0xbd, 0xa3, 0x10,
    0x59, 0xce, 0x7d, 0xef, 0x7d, 0xef, 0x9a, 0xd6, 0x92, 0x94, 0xcb, 0x5a, 0xe8, 0x39, 0x62, 0x08, 0x62, 0x08, 0x62, 0x08, 0x62, 0x08, 0x62, 0x08,
    0x62, 0x08, 0x62, 0x08, 0x62, 0x08, 0x62, 0x08, 0x62, 0x08, 0x62, 0x08, 0x62, 0x08, 0x62, 0x08, 0x62, 0x08, 0x62, 0x08, 0x62, 0x08, 0x62, 0x08,
    0x62, 0x08, 0x62, 0x08, 0x62, 0x08, 0x62, 0x08, 0x62, 0x08, 0x62, 0x08, 0x62, 0x08, 0x62, 0x08, 0x62, 0x08, 0x62, 0x08, 0x62, 0x08, 0x62, 0x08,
    0x62, 0x08, 0x62, 0x08, 0x62, 0x08, 0x62, 0x08, 0x62, 0x08, 0x62, 0x08, 0x62, 0x08, 0x62, 0x08, 0x62, 0x08, 0x62, 0x08, 0x62, 0x08, 0x62, 0x08,
    0x62, 0x08, 0x62, 0x08, 0x62, 0x08, 0x62, 0x08, 0x62, 0x08, 0x62, 0x08, 0x62, 0x08, 0x62, 0x08, 0x62, 0x08, 0x62, 0x08, 0x62, 0x08, 0x62, 0x08,
    0x62, 0x08, 0x62, 0x08, 0x62, 0x08, 0x62, 0x08, 0x62, 0x08, 0x62, 0x08, 0x62, 0x08, 0x62, 0x08, 0x62, 0x08, 0x62, 0x08, 0x62, 0x08, 0x62, 0x08,
    0x62, 0x08, 0x62, 0x08, 0x62, 0x08, 0x62, 0x08, 0x62, 0x08, 0x62, 0x08, 0x62, 0x08, 0x62, 0x08, 0x62, 0x08, 0x62, 0x08, 0x62, 0x08, 0x62, 0x08,
    0x62, 0x08, 0x62, 0x08, 0x62, 0x08, 0x62, 0x08, 0x62, 0x08, 0x62, 0x08, 0x62, 0x08, 0x62, 0x08, 0x62, 0x08, 0x62, 0x08, 0x62, 0x08, 0x62, 0x08,
    0x62, 0x08, 0x62, 0x08, 0x62, 0x08, 0x62, 0x08, 0x62, 0x08, 0x62, 0x08, 0x62, 0x08, 0x62, 0x08, 0x62, 0x08, 0x62, 0x08, 0x62, 0x08, 0x62, 0x08,
    0x62, 0x08, 0x62, 0x08, 0x62, 0x08, 0x62, 0x08, 0x62, 0x08, 0x62, 0x08, 0x62, 0x08, 0x62, 0x08, 0x62, 0x08, 0x62, 0x08, 0x62, 0x08, 0x62, 0x08,
    0x62, 0x08, 0x62, 0x08, 0x62, 0x08, 0x62, 0x08, 0x62, 0x08, 0x62, 0x08, 0x62, 0x08, 0x62, 0x08, 0x62, 0x08, 0x62, 0x08, 0x62, 0x08, 0x62, 0x08,
    0x62, 0x08, 0x62, 0x08, 0x62, 0x08, 0x62, 0x08, 0x62, 0x08, 0x62, 0x08, 0x62, 0x08, 0x62, 0x08, 0x62, 0x08, 0x62, 0x08, 0x62, 0x08, 0x62, 0x08,
    0x62, 0x08, 0x62, 0x08, 0x62, 0x08, 0x62, 0x08, 0x62, 0x08, 0x62, 0x08, 0x62, 0x08, 0x62, 0x08, 0x62, 0x08, 0x62, 0x08, 0x62, 0x08, 0x62, 0x08,
    0x62, 0x08, 0x62, 0x08, 0x62, 0x08, 0x62, 0x08, 0x62, 0x08, 0x62, 0x08, 0x62, 0x08, 0x62, 0x08, 0x62, 0x08, 0x62, 0x08, 0x62, 0x08, 0x62, 0x08,
    0x62, 0x08, 0x62, 0x08, 0x62, 0x08, 0x62, 0x08, 0x62, 0x08, 0x62, 0x08, 0x62, 0x08, 0x62, 0x08, 0x62, 0x08, 0x62, 0x08, 0x62, 0x08, 0x62, 0x08,
    0x62, 0x08, 0x62, 0x08, 0x62, 0x08, 0x62, 0x08, 0x62, 0x08, 0x62, 0x08, 0x62, 0x08, 0x62, 0x08, 0x62, 0x08, 0x62, 0x08, 0x62, 0x08, 0x62, 0x08,
    0x62, 0x08, 0x62, 0x08, 0x62, 0x08, 0x62, 0x08, 0x62, 0x08, 0x62, 0x08, 0x62, 0x08, 0x62, 0x08, 0x62, 0x08, 0x62, 0x08, 0x62, 0x08, 0x62, 0x08,
    0x62, 0x08, 0x62, 0x08, 0x62, 0x08, 0x62, 0x08, 0x62, 0x08, 0x62, 0x08, 0x62, 0x08, 0x62, 0x08, 0x62, 0x08, 0x62, 0x08, 0x62, 0x08, 0x62, 0x08,
    0x62, 0x08, 0x62, 0x08, 0x62, 0x08, 0x62, 0x08, 0x62, 0x08, 0x62, 0x08, 0x62, 0x08, 0x62, 0x08, 0x62, 0x08, 0x62, 0x08, 0x62, 0x08, 0x62, 0x08,
    0x62, 0x08, 0x62, 0x08, 0x62, 0x08, 0x62, 0x08, 0x62, 0x08, 0x62, 0x08, 0x62, 0x08, 0x62, 0x08, 0x62, 0x08, 0x62, 0x08, 0x62, 0x08, 0x62, 0x08,
    0x62, 0x08, 0x62, 0x08, 0x62, 0x08, 0x62, 0x08, 0x62, 0x08, 0x62, 0x08, 0x62, 0x08, 0x62, 0x08, 0x62, 0x08, 0x62, 0x08, 0x62, 0x08, 0x62, 0x08,
    0x62, 0x08, 0x62, 0x08, 0x62, 0x08, 0x62, 0x08, 0x62, 0x08, 0x62, 0x08, 0x62, 0x08, 0x62, 0x08, 0x62, 0x08, 0x62, 0x08, 0x62, 0x08, 0x62, 0x08,
    0x62, 0x08, 0x62, 0x08, 0x62, 0x08, 0x62, 0x08, 0x62, 0x08, 0x62, 0x08, 0x62, 0x08, 0x62, 0x08, 0x62, 0x08, 0x62, 0x08, 0x62, 0x08, 0x62, 0x08,
    0x62, 0x08, 0x62, 0x08, 0x62, 0x08, 0x62, 0x08, 0x62, 0x08, 0x62, 0x08, 0x62, 0x08, 0x62, 0x08, 0x62, 0x08, 0x62, 0x08, 0x62, 0x08, 0x62, 0x08,
    0x62, 0x08, 0x62, 0x08, 0x62, 0x08, 0x62, 0x08, 0x62, 0x08, 0x62, 0x08, 0x62, 0x08, 0x62, 0x08, 0x62, 0x08, 0x62, 0x08, 0x62, 0x08, 0x62, 0x08,
    0x62, 0x08, 0x62, 0x08, 0x62, 0x08, 0x62, 0x08, 0x62, 0x08, 0x62, 0x08, 0x62, 0x08, 0x62, 0x08, 0x62, 0x08, 0x62, 0x08, 0x62, 0x08, 0x62, 0x08,
    0x62, 0x08, 0x62, 0x08, 0x62, 0x08, 0x62, 0x08, 0x62, 0x08, 0x62, 0x08, 0x62, 0x08, 0x62, 0x08, 0x62, 0x08, 0x62, 0x08, 0x62, 0x08, 0x62, 0x08,
    0x62, 0x08, 0x62, 0x08, 0x62, 0x08, 0x62, 0x08, 0x62, 0x08, 0x62, 0x08, 0x62, 0x08, 0x62, 0x08, 0x62, 0x08, 0x62, 0x08, 0x62, 0x08, 0x62, 0x08,
    0x62, 0x08, 0x62, 0x08, 0x62, 0x08, 0x62, 0x08, 0x62, 0x08, 0x62, 0x08, 0x62, 0x08, 0x62, 0x08, 0x62, 0x08, 0x62, 0x08, 0x62, 0x08, 0x62, 0x08,
    0x62, 0x08, 0x62, 0x08, 0x62, 0x08, 0x62, 0x08, 0x62, 0x08, 0x62, 0x08, 0x62, 0x08, 0x62, 0x08, 0x62, 0x08, 0x62, 0x08, 0x62, 0x08, 0x62, 0x08,
    0x62, 0x08, 0x62, 0x08, 0x62, 0x08, 0x62, 0x08, 0x62, 0x08, 0x62, 0x08, 0x62, 0x08, 0x62, 0x08, 0x62, 0x08, 0x62, 0x08, 0x62, 0x08, 0x62, 0x08,
    0x62, 0x08, 0x62, 0x08, 0x62, 0x08, 0x62, 0x08, 0x62, 0x08, 0x62, 0x08, 0x62, 0x08, 0x62, 0x08, 0x62, 0x08, 0x62, 0x08, 0x62, 0x08, 0x62, 0x08,
    0x62, 0x08, 0x62, 0x08, 0x62, 0x08, 0x62, 0x08, 0x62, 0x08, 0x62, 0x08, 0x62, 0x08, 0x62, 0x08, 0x62, 0x08, 0x62, 0x08, 0x62, 0x08, 0x62, 0x08,
    0x62, 0x08, 0x62, 0x08, 0x62, 0x08, 0x62, 0x08, 0x62, 0x08, 0x62, 0x08, 0x62, 0x08, 0x62, 0x08, 0x62, 0x08, 0x62, 0x08, 0x62, 0x08, 0x62, 0x08,
    0x62, 0x08, 0x62, 0x08, 0x62, 0x08, 0x62, 0x08, 0x62, 0x08, 0x62, 0x08, 0x62, 0x08, 0x62, 0x08, 0x62, 0x08, 0x62, 0x08, 0x62, 0x08, 0x62, 0x08,
    0x62, 0x08, 0x62, 0x08, 0x62, 0x08, 0x62, 0x08, 0x62, 0x08, 0x62, 0x08, 0x62, 0x08, 0x62, 0x08, 0x62, 0x08, 0x62, 0x08, 0x25, 0x21, 0x71, 0x8c,
    0x34, 0xa5, 0x59, 0xce, 0x38, 0xc6, 0x55, 0xad, 0x38, 0xc6, 0x72, 0x8c, 0x08, 0x42, 0xe4, 0x18, 0x66, 0x29, 0x9a, 0xd6, 0xdf, 0xff, 0x79, 0xce,
    0x8e, 0x73, 0xa3, 0x10, 0x62, 0x08, 0x62, 0x08, 0x62, 0x08, 0x62, 0x08, 0x62, 0x08, 0x62, 0x08, 0x62, 0x08, 0x62, 0x08, 0x62, 0x08, 0x62, 0x08,
    0x62, 0x08, 0x62, 0x08, 0x62, 0x08, 0x62, 0x08, 0x62, 0x08, 0x62, 0x08, 0x62, 0x08, 0x62, 0x08, 0x62, 0x08, 0x62, 0x08, 0x62, 0x08, 0x62, 0x08,
    0x62, 0x08, 0x62, 0x08, 0x62, 0x08, 0x62, 0x08, 0x62, 0x08, 0x62, 0x08, 0x62, 0x08, 0x62, 0x08, 0x62, 0x08, 0x62, 0x08, 0x62, 0x08, 0x62, 0x08,
    0x62, 0x08, 0x62, 0x08, 0x62, 0x08, 0x62, 0x08, 0x62, 0x08, 0x62, 0x08, 0x62, 0x08, 0x62, 0x08, 0x62, 0x08, 0x62, 0x08, 0x62, 0x08, 0x62, 0x08,
    0x62, 0x08, 0x62, 0x08, 0x62, 0x08, 0x62, 0x08, 0xa3, 0x10, 0x6a, 0x4a, 0x14, 0xa5, 0xfb, 0xde, 0x59, 0xce, 0x4d, 0x6b, 0xba, 0xd6, 0xde, 0xff,
    0x9d, 0xff, 0xbe, 0xff, 0xde, 0xff, 0xff, 0xff, 0xff, 0xff, 0xff, 0xff, 0xff, 0xff, 0xff, 0xff, 0xff, 0xff, 0x5b, 0xff, 0x2d, 0xfd, 0x75, 0xfe,
    0xff, 0xff, 0xbf, 0xf7, 0x35, 0xa5, 0x8a, 0x52, 0x4d, 0x6b, 0x66, 0x29, 0x62, 0x08, 0x62, 0x08, 0x62, 0x08, 0x62, 0x08, 0x62, 0x08, 0x62, 0x08,
    0x62, 0x08, 0x62, 0x08, 0x62, 0x08, 0x62, 0x08, 0x62, 0x08, 0x62, 0x08, 0x62, 0x08, 0x62, 0x08, 0x62, 0x08, 0x62, 0x08, 0x62, 0x08, 0x62, 0x08,
    0x62, 0x08, 0x62, 0x08, 0x62, 0x08, 0x62, 0x08, 0x62, 0x08, 0x62, 0x08, 0x62, 0x08, 0x62, 0x08, 0x62, 0x08, 0x62, 0x08, 0x62, 0x08, 0x62, 0x08,
    0x62, 0x08, 0x62, 0x08, 0x62, 0x08, 0x62, 0x08, 0x62, 0x08, 0x62, 0x08, 0x62, 0x08, 0x62, 0x08, 0x62, 0x08, 0x62, 0x08, 0x62, 0x08, 0x62, 0x08,
    0x62, 0x08, 0x62, 0x08, 0xab, 0x52, 0xd7, 0xbd, 0x1c, 0xe7, 0xff, 0xff, 0xbe, 0xff, 0x7c, 0xff, 0xff, 0xff, 0xff, 0xff, 0xde, 0xff, 0xd7, 0xfe,
    0x76, 0xfe, 0xb7, 0xfe, 0x76, 0xfe, 0x97, 0xfe, 0xf8, 0xfe, 0x19, 0xff, 0x1a, 0xff, 0x3a, 0xff, 0xf9, 0xfe, 0x75, 0xfe, 0x0d, 0xfd, 0x47, 0xf4,
    0x6f, 0xfd, 0x8f, 0xfd, 0x7c, 0xff, 0xff, 0xff, 0xff, 0xff, 0xff, 0xff, 0x35, 0xa5, 0x62, 0x08, 0x62, 0x08, 0x62, 0x08, 0x62, 0x08, 0x62, 0x08,
    0x62, 0x08, 0x62, 0x08, 0x62, 0x08, 0x62, 0x08, 0x62, 0x08, 0x62, 0x08, 0x62, 0x08, 0x62, 0x08, 0x62, 0x08, 0x62, 0x08, 0x62, 0x08, 0x62, 0x08,
    0x62, 0x08, 0x62, 0x08, 0x62, 0x08, 0x62, 0x08, 0x62, 0x08, 0x62, 0x08, 0x62, 0x08, 0x62, 0x08, 0x62, 0x08, 0x62, 0x08, 0x62, 0x08, 0x62, 0x08,
    0x62, 0x08, 0x62, 0x08, 0x62, 0x08, 0x62, 0x08, 0x62, 0x08, 0x62, 0x08, 0x62, 0x08, 0x62, 0x08, 0x62, 0x08, 0x62, 0x08, 0x62, 0x08, 0x62, 0x08,
    0x82, 0x10, 0x2d, 0x63, 0xff, 0xff, 0x7c, 0xff, 0xff, 0xff, 0xf9, 0xfe, 0x13, 0xfe, 0x0c, 0xfd, 0x27, 0xf4, 0x41, 0xf3, 0x20, 0xf3, 0x20, 0xf3,
    0x20, 0xf3, 0x06, 0xf4, 0x2d, 0xfd, 0xcb, 0xfc, 0x89, 0xfc, 0x06, 0xf4, 0x62, 0xf3, 0x48, 0xf4, 0x90, 0xfd, 0x96, 0xfe, 0x9d, 0xff, 0xff, 0xff,
    0xff, 0xff, 0xff, 0xff, 0x9d, 0xff, 0xff, 0xff, 0xf9, 0xfe, 0x7c, 0xff, 0xff, 0xff, 0x45, 0x29, 0x62, 0x08, 0x62, 0x08, 0x62, 0x08, 0x62, 0x08,
    0x62, 0x08, 0x62, 0x08, 0x62, 0x08, 0x62, 0x08, 0x62, 0x08, 0x62, 0x08, 0x62, 0x08, 0x62, 0x08, 0x62, 0x08, 0x62, 0x08, 0x62, 0x08, 0x62, 0x08,
    0x62, 0x08, 0x62, 0x08, 0x62, 0x08, 0x62, 0x08, 0x62, 0x08, 0x62, 0x08, 0x62, 0x08, 0x62, 0x08, 0x62, 0x08, 0x62, 0x08, 0x62, 0x08, 0x62, 0x08,
    0x62, 0x08, 0x62, 0x08, 0x62, 0x08, 0x62, 0x08, 0x62, 0x08, 0x62, 0x08, 0x62, 0x08, 0x62, 0x08, 0x62, 0x08, 0x62, 0x08, 0xa3, 0x10, 0xcf, 0x7b,
    0x5d, 0xef, 0xff, 0xff, 0x5b, 0xff, 0x2e, 0xfd, 0x27, 0xf4, 0x21, 0xf3, 0x20, 0xf3, 0x20, 0xf3, 0x20, 0xf3, 0x20, 0xf3, 0x20, 0xf3, 0x20, 0xf3,
    0x20, 0xf3, 0x41, 0xf3, 0x83, 0xf3, 0x62, 0xf3, 0x83, 0xf3, 0x27, 0xf4, 0x0c, 0xfd, 0xec, 0xfc, 0x90, 0xfd, 0x2d, 0xfd, 0x47, 0xf4, 0x2e, 0xfd,
    0xff, 0xff, 0xde, 0xff, 0xff, 0xff, 0x3d, 0xe7, 0x59, 0xce, 0xfb, 0xde, 0xb2, 0x94, 0x62, 0x08, 0x62, 0x08, 0x62, 0x08, 0x62, 0x08, 0x62, 0x08,
    0x62, 0x08, 0x62, 0x08, 0x62, 0x08, 0x62, 0x08, 0x62, 0x08, 0x62, 0x08, 0x62, 0x08, 0x62, 0x08, 0x62, 0x08, 0x62, 0x08, 0x62, 0x08, 0x62, 0x08,
    0x62, 0x08, 0x62, 0x08, 0x62, 0x08, 0x62, 0x08, 0x62, 0x08, 0x62, 0x08, 0x62, 0x08, 0x62, 0x08, 0x62, 0x08, 0x62, 0x08, 0x62, 0x08, 0x62, 0x08,
    0x62, 0x08, 0x62, 0x08, 0x62, 0x08, 0x62, 0x08, 0x62, 0x08, 0x62, 0x08, 0x62, 0x08, 0x62, 0x08, 0x82, 0x10, 0x4d, 0x6b, 0x3c, 0xe7, 0xdf, 0xff,
    0xf2, 0xfd, 0x68, 0xfc, 0x21, 0xf3, 0x20, 0xf3, 0x20, 0xf3, 0x20, 0xf3, 0x20, 0xf3, 0x20, 0xf3, 0x20, 0xf3, 0x20, 0xf3, 0x83, 0xf3, 0xcb, 0xfc,
    0x2e, 0xfd, 0x90, 0xfd, 0xb0, 0xfd, 0x96, 0xfe, 0x96, 0xfe, 0x34, 0xfe, 0xb0, 0xfd, 0x89, 0xfc, 0xc4, 0xf3, 0xc4, 0xf3, 0x6f, 0xfd, 0xb7, 0xfe,
    0xb7, 0xfe, 0x5b, 0xff, 0xdf, 0xff, 0x9e, 0xf7, 0xcf, 0x7b, 0x62, 0x08, 0x62, 0x08, 0x62, 0x08, 0x62, 0x08, 0x62, 0x08, 0x62, 0x08, 0x62, 0x08,
    0x62, 0x08, 0x62, 0x08, 0x62, 0x08, 0x62, 0x08, 0x62, 0x08, 0x62, 0x08, 0x62, 0x08, 0x62, 0x08, 0x62, 0x08, 0x62, 0x08, 0x62, 0x08, 0x62, 0x08,
    0x62, 0x08, 0x62, 0x08, 0x62, 0x08, 0x62, 0x08, 0x62, 0x08, 0x62, 0x08, 0x62, 0x08, 0x62, 0x08, 0x62, 0x08, 0x62, 0x08, 0x62, 0x08, 0x62, 0x08,
    0x62, 0x08, 0x62, 0x08, 0x62, 0x08, 0x62, 0x08, 0x62, 0x08, 0x62, 0x08, 0x08, 0x42, 0x10, 0x84, 0x1c, 0xe7, 0xff, 0xff, 0x34, 0xfe, 0xc4, 0xf3,
    0x20, 0xf3, 0x20, 0xf3, 0x20, 0xf3, 0x20, 0xf3, 0x20, 0xf3, 0x20, 0xf3, 0x20, 0xf3, 0x20, 0xf3, 0x20, 0xf3, 0x20, 0xf3, 0x20, 0xf3, 0x41, 0xf3,
    0xd2, 0xfd, 0xf8, 0xfe, 0xcb, 0xfc, 0x20, 0xf3, 0x41, 0xf3, 0xcb, 0xfc, 0xd1, 0xfd, 0xd8, 0xfe, 0x3a, 0xff, 0xf9, 0xfe, 0xd1, 0xfd, 0x48, 0xf4,
    0x0c, 0xfd, 0x75, 0xfe, 0x5b, 0xff, 0xdf, 0xff, 0xff, 0xff, 0x38, 0xc6, 0x04, 0x21, 0x62, 0x08, 0x62, 0x08, 0x62, 0x08, 0x62, 0x08, 0x62, 0x08,
    0x62, 0x08, 0x62, 0x08, 0x62, 0x08, 0x62, 0x08, 0x62, 0x08, 0x62, 0x08, 0x62, 0x08, 0x62, 0x08, 0x62, 0x08, 0x62, 0x08, 0x62, 0x08, 0x62, 0x08,
    0x62, 0x08, 0x62, 0x08, 0x62, 0x08, 0x62, 0x08, 0x62, 0x08, 0x62, 0x08, 0x62, 0x08, 0x62, 0x08, 0x62, 0x08, 0x62, 0x08, 0x62, 0x08, 0x62, 0x08,
    0x62, 0x08, 0x62, 0x08, 0x62, 0x08, 0x62, 0x08, 0x82, 0x10, 0x92, 0x94, 0xff, 0xff, 0xdf, 0xff, 0x96, 0xfe, 0xe5, 0xf3, 0x20, 0xf3, 0x20, 0xf3,
    0x20, 0xf3, 0x20, 0xf3, 0x20, 0xf3, 0x20, 0xf3, 0x41, 0xf3, 0x41, 0xf3, 0x20, 0xf3, 0x20, 0xf3, 0x20, 0xf3, 0x20, 0xf3, 0x20, 0xf3, 0x6f, 0xfd,
    0xdf, 0xff, 0x59, 0xce, 0xff, 0xff, 0xcb, 0xfc, 0x20, 0xf3, 0x06, 0xf4, 0x21, 0xf3, 0x41, 0xf3, 0x41, 0xf3, 0xc4, 0xf3, 0x0d, 0xfd, 0xf9, 0xfe,
    0x1a, 0xff, 0x1a, 0xff, 0x7d, 0xef, 0x10, 0x84, 0xf3, 0x9c, 0xdf, 0xff, 0xdf, 0xff, 0xec, 0x5a, 0x62, 0x08, 0x62, 0x08, 0x62, 0x08, 0x62, 0x08,
    0x62, 0x08, 0x62, 0x08, 0x62, 0x08, 0x62, 0x08, 0x62, 0x08, 0x62, 0x08, 0x62, 0x08, 0x62, 0x08, 0x62, 0x08, 0x62, 0x08, 0x62, 0x08, 0x62, 0x08,
    0x62, 0x08, 0x62, 0x08, 0x62, 0x08, 0x62, 0x08, 0x62, 0x08, 0x62, 0x08, 0x62, 0x08, 0x62, 0x08, 0x62, 0x08, 0x62, 0x08, 0x62, 0x08, 0x62, 0x08,
    0x62, 0x08, 0x62, 0x08, 0x62, 0x08, 0xe4, 0x18, 0x38, 0xc6, 0xde, 0xff, 0x6f, 0xfd, 0x27, 0xf4, 0x20, 0xf3, 0x20, 0xf3, 0x20, 0xf3, 0x20, 0xf3,
    0x20, 0xf3, 0x20, 0xf3, 0x20, 0xf3, 0xaa, 0xfc, 0xbe, 0xff, 0xde, 0xff, 0xcb, 0xfc, 0x20, 0xf3, 0x20, 0xf3, 0x20, 0xf3, 0x20, 0xf3, 0x13, 0xfe,
    0x38, 0xc6, 0x24, 0x21, 0x9a, 0xd6, 0xff, 0xff, 0x0c, 0xfd, 0x20, 0xf3, 0x20, 0xf3, 0x20, 0xf3, 0x20, 0xf3, 0x20, 0xf3, 0x41, 0xf3, 0x47, 0xf4,
    0xb7, 0xfe, 0xbd, 0xff, 0x38, 0xc6, 0x00, 0x00, 0x00, 0x00, 0x45, 0x29, 0x9e, 0xf7, 0xff, 0xff, 0x51, 0x8c, 0x29, 0x42, 0x6a, 0x4a, 0x29, 0x42,
    0x6a, 0x4a, 0x0c, 0x63, 0xe4, 0x18, 0x62, 0x08, 0x62, 0x08, 0x62, 0x08, 0x62, 0x08, 0x62, 0x08, 0x62, 0x08, 0x62, 0x08, 0x62, 0x08, 0x62, 0x08,
    0x62, 0x08, 0x62, 0x08, 0x62, 0x08, 0x62, 0x08, 0x62, 0x08, 0x62, 0x08, 0x62, 0x08, 0x62, 0x08, 0x62, 0x08, 0x62, 0x08, 0x62, 0x08, 0x62, 0x08,
    0x62, 0x08, 0x62, 0x08, 0x29, 0x42, 0x1c, 0xe7, 0xbd, 0xff, 0x06, 0xf4, 0x20, 0xf3, 0x20, 0xf3, 0x20, 0xf3, 0x20, 0xf3, 0x20, 0xf3, 0x20, 0xf3,
    0x20, 0xf3, 0x20, 0xf3, 0x41, 0xf3, 0x9d, 0xff, 0x75, 0xad, 0x55, 0xad, 0x7c, 0xff, 0x41, 0xf3, 0x20, 0xf3, 0x20, 0xf3, 0x20, 0xf3, 0x55, 0xfe,
    0xb6, 0xb5, 0x28, 0x42, 0x92, 0x94, 0x71, 0x8c, 0xff, 0xff, 0x89, 0xfc, 0x20, 0xf3, 0x20, 0xf3, 0x20, 0xf3, 0x20, 0xf3, 0x20, 0xf3, 0x20, 0xf3,
    0xc4, 0xf3, 0xb7, 0xfe, 0xff, 0xff, 0x10, 0x84, 0x00, 0x00, 0x00, 0x00, 0x14, 0xa5, 0xff, 0xff, 0xff, 0xff, 0xff, 0xff, 0xff, 0xff, 0xff, 0xff,
    0xff, 0xff, 0xff, 0xff, 0xdb, 0xde, 0x25, 0x21, 0x62, 0x08, 0x62, 0x08, 0x62, 0x08, 0x62, 0x08, 0x62, 0x08, 0x62, 0x08, 0x62, 0x08, 0x62, 0x08,
    0x62, 0x08, 0x62, 0x08, 0x62, 0x08, 0x62, 0x08, 0x62, 0x08, 0x62, 0x08, 0x62, 0x08, 0x62, 0x08, 0x62, 0x08, 0x62, 0x08, 0x62, 0x08, 0x62, 0x08,
    0x62, 0x08, 0x8e, 0x73, 0xdf, 0xff, 0x5b, 0xff, 0xe5, 0xf3, 0x20, 0xf3, 0x20, 0xf3, 0x20, 0xf3, 0x20, 0xf3, 0x20, 0xf3, 0x20, 0xf3, 0x20, 0xf3,
    0x20, 0xf3, 0x20, 0xf3, 0x48, 0xf4, 0xff, 0xff, 0x65, 0x29, 0x10, 0x84, 0xff, 0xff, 0x19, 0xff, 0xa4, 0xf3, 0x20, 0xf3, 0x20, 0xf3, 0xf9, 0xfe,
    0x55, 0xad, 0xaa, 0x52, 0xdf, 0xff, 0x82, 0x10, 0x96, 0xb5, 0xff, 0xff, 0x89, 0xfc, 0x20, 0xf3, 0x20, 0xf3, 0x20, 0xf3, 0x20, 0xf3, 0xe5, 0xf3,
    0xd1, 0xfd, 0xff, 0xff, 0x5d, 0xef, 0xef, 0x7b, 0x00, 0x00, 0x65, 0x29, 0x9a, 0xd6, 0x18, 0xc6, 0xef, 0x7b, 0xc7, 0x39, 0x04, 0x21, 0x04, 0x21,
    0x45, 0x29, 0xe3, 0x18, 0xdb, 0xde, 0xd7, 0xbd, 0x62, 0x08, 0x62, 0x08, 0x62, 0x08, 0x62, 0x08, 0x62, 0x08, 0x62, 0x08, 0x62, 0x08, 0x62, 0x08,
    0x62, 0x08, 0x62, 0x08, 0x62, 0x08, 0x62, 0x08, 0x62, 0x08, 0x62, 0x08, 0x62, 0x08, 0x62, 0x08, 0x62, 0x08, 0x62, 0x08, 0x62, 0x08, 0x62, 0x08,
    0x51, 0x8c, 0xff, 0xff, 0xf2, 0xfd, 0x41, 0xf3, 0x20, 0xf3, 0x20, 0xf3, 0x20, 0xf3, 0x20, 0xf3, 0x20, 0xf3, 0x20, 0xf3, 0x20, 0xf3, 0x20, 0xf3,
    0x20, 0xf3, 0x20, 0xf3, 0x0c, 0xfd, 0xff, 0xff, 0x82, 0x10, 0x18, 0xc6, 0x4d, 0x6b, 0x1c, 0xe7, 0x3a, 0xff, 0xf2, 0xfd, 0x3a, 0xff, 0xff, 0xff,
    0xf3, 0x9c, 0x8a, 0x52, 0x6d, 0x6b, 0x20, 0x00, 0x00, 0x00, 0x59, 0xce, 0x96, 0xfe, 0x20, 0xf3, 0x62, 0xf3, 0x2d, 0xfd, 0x19, 0xff, 0xff, 0xff,
    0x9e, 0xf7, 0xf7, 0xbd, 0x34, 0xa5, 0x2c, 0x63, 0xb2, 0x94, 0x18, 0xc6, 0xf3, 0x9c, 0xae, 0x73, 0xae, 0x73, 0xae, 0x73, 0xae, 0x73, 0x86, 0x31,
    0x00, 0x00, 0x00, 0x00, 0x2c, 0x63, 0xdf, 0xff, 0xa3, 0x10, 0x62, 0x08, 0x62, 0x08, 0x62, 0x08, 0x62, 0x08, 0x62, 0x08, 0x62, 0x08, 0x62, 0x08,
    0x62, 0x08, 0x62, 0x08, 0x62, 0x08, 0x62, 0x08, 0x62, 0x08, 0x62, 0x08, 0x62, 0x08, 0x62, 0x08, 0x62, 0x08, 0x62, 0x08, 0x62, 0x08, 0x10, 0x84,
    0xff, 0xff, 0x4e, 0xfd, 0x41, 0xf3, 0x20, 0xf3, 0x20, 0xf3, 0x20, 0xf3, 0x20, 0xf3, 0x20, 0xf3, 0x20, 0xf3, 0x20, 0xf3, 0x20, 0xf3, 0x68, 0xfc,
    0xd1, 0xfd, 0x3a, 0xff, 0xff, 0xff, 0x9e, 0xf7, 0x00, 0x00, 0x55, 0xad, 0x61, 0x08, 0xd3, 0x9c, 0x5d, 0xef, 0xba, 0xd6, 0xba, 0xd6, 0x38, 0xc6,
    0x69, 0x4a, 0x00, 0x00, 0x00, 0x00, 0x00, 0x00, 0x8e, 0x73, 0x3c, 0xe7, 0x9d, 0xff, 0x34, 0xfe, 0xde, 0xff, 0xdf, 0xff, 0x55, 0xad, 0x69, 0x4a,
    0x41, 0x08, 0xa2, 0x10, 0x24, 0x21, 0x0c, 0x63, 0xff, 0xff, 0xff, 0xff, 0xbe, 0xf7, 0xff, 0xff, 0xff, 0xff, 0x7d, 0xef, 0xd7, 0xbd, 0xf7, 0xbd,
    0x18, 0xc6, 0xef, 0x7b, 0x75, 0xad, 0xbe, 0xf7, 0x62, 0x08, 0x62, 0x08, 0x62, 0x08, 0x62, 0x08, 0x62, 0x08, 0x62, 0x08, 0x62, 0x08, 0x62, 0x08,
    0x62, 0x08, 0x62, 0x08, 0x62, 0x08, 0x62, 0x08, 0x62, 0x08, 0x62, 0x08, 0x62, 0x08, 0x62, 0x08, 0x62, 0x08, 0x62, 0x08, 0x8a, 0x52, 0xff, 0xff,
    0x8f, 0xfd, 0x20, 0xf3, 0x20, 0xf3, 0x20, 0xf3, 0x20, 0xf3, 0x20, 0xf3, 0x20, 0xf3, 0x20, 0xf3, 0x20, 0xf3, 0x20, 0xf3, 0xaa, 0xfc, 0xff, 0xff,
    0xfb, 0xde, 0xd3, 0x9c, 0x28, 0x42, 0xe3, 0x18, 0x00, 0x00, 0x00, 0x00, 0xc3, 0x18, 0xff, 0xff, 0xeb, 0x5a, 0x00, 0x00, 0x20, 0x00, 0x00, 0x00,
    0x00, 0x00, 0x00, 0x00, 0xc3, 0x18, 0x10, 0x84, 0xdf, 0xff, 0xff, 0xff, 0x59, 0xce, 0xfb, 0xde, 0xcf, 0x7b, 0xa2, 0x10, 0x00, 0x00, 0x00, 0x00,
    0xeb, 0x5a, 0xfb, 0xde, 0x49, 0x4a, 0x00, 0x00, 0xb6, 0xb5, 0xba, 0xd6, 0x20, 0x00, 0x65, 0x29, 0x4d, 0x6b, 0xdb, 0xde, 0xff, 0xff, 0x59, 0xce,
    0x76, 0xad, 0x3d, 0xe7, 0xdb, 0xde, 0x8e, 0x73, 0x62, 0x08, 0x62, 0x08, 0x62, 0x08, 0x62, 0x08, 0x62, 0x08, 0x62, 0x08, 0x62, 0x08, 0x62, 0x08,
    0x62, 0x08, 0x62, 0x08, 0x62, 0x08, 0x62, 0x08, 0x62, 0x08, 0x62, 0x08, 0x62, 0x08, 0x62, 0x08, 0xab, 0x52, 0x4d, 0x6b, 0xba, 0xd6, 0x96, 0xfe,
    0x41, 0xf3, 0x20, 0xf3, 0x20, 0xf3, 0x20, 0xf3, 0xe5, 0xf3, 0xf2, 0xfd, 0xe5, 0xf3, 0x20, 0xf3, 0x20, 0xf3, 0x20, 0xf3, 0xf2, 0xfd, 0x3c, 0xe7,
    0x00, 0x00, 0x00, 0x00, 0x00, 0x00, 0x00, 0x00, 0x00, 0x00, 0x00, 0x00, 0xcb, 0x5a, 0xff, 0xff, 0xe7, 0x39, 0x00, 0x00, 0x00, 0x00, 0x00, 0x00,
    0x00, 0x00, 0x24, 0x21, 0x79, 0xce, 0xff, 0xff, 0xff, 0xff, 0xdf, 0xff, 0x20, 0x00, 0x00, 0x00, 0x00, 0x00, 0x00, 0x00, 0xe3, 0x18, 0xd7, 0xbd,
    0xff, 0xff, 0x59, 0xce, 0x20, 0x00, 0x00, 0x00, 0x08, 0x42, 0x79, 0xce, 0x6d, 0x6b, 0x00, 0x00, 0x00, 0x00, 0xa2, 0x10, 0xfb, 0xde, 0x75, 0xad,
    0x62, 0x08, 0x62, 0x08, 0x62, 0x08, 0x62, 0x08, 0x62, 0x08, 0x62, 0x08, 0x62, 0x08, 0x62, 0x08, 0x62, 0x08, 0x62, 0x08, 0x62, 0x08, 0x62, 0x08,
    0x62, 0x08, 0x62, 0x08, 0x62, 0x08, 0x62, 0x08, 0x62, 0x08, 0x62, 0x08, 0x62, 0x08, 0x51, 0x8c, 0x51, 0x8c, 0xcf, 0x7b, 0x9e, 0xf7, 0x6f, 0xfd,
    0xec, 0xfc, 0x62, 0xf3, 0x48, 0xf4, 0x0c, 0xfd, 0xd2, 0xfd, 0xef, 0x7b, 0x34, 0xfe, 0x0c, 0xfd, 0x62, 0xf3, 0x20, 0xf3, 0x90, 0xfd, 0x3c, 0xe7,
    0x00, 0x00, 0x00, 0x00, 0x00, 0x00, 0x00, 0x00, 0x00, 0x00, 0x86, 0x31, 0x3c, 0xe7, 0xff, 0xff, 0xcb, 0x5a, 0x00, 0x00, 0x00, 0x00, 0x65, 0x29,
    0xa6, 0x31, 0x86, 0x31, 0xff, 0xff, 0xff, 0xff, 0xff, 0xff, 0xff, 0xff, 0x65, 0x29, 0x00, 0x00, 0x00, 0x00, 0x41, 0x08, 0x1c, 0xe7, 0xff, 0xff,
    0x5d, 0xef, 0x04, 0x21, 0x00, 0x00, 0x00, 0x00, 0x20, 0x00, 0xa6, 0x31, 0x9a, 0xd6, 0x28, 0x42, 0x00, 0x00, 0x00, 0x00, 0xae, 0x73, 0xdf, 0xff,
    0x83, 0x10, 0x62, 0x08, 0x62, 0x08, 0x62, 0x08, 0x62, 0x08, 0x62, 0x08, 0x62, 0x08, 0x62, 0x08, 0x62, 0x08, 0x62, 0x08, 0x62, 0x08, 0x62, 0x08,
    0x62, 0x08, 0x62, 0x08, 0x62, 0x08, 0x62, 0x08, 0x62, 0x08, 0x62, 0x08, 0x62, 0x08, 0xd7, 0xbd, 0x71, 0x8c, 0x1c, 0xe7, 0x7d, 0xef, 0xb2, 0x94,
    0xef, 0x7b, 0xfa, 0xee, 0x14, 0xa5, 0xef, 0x7b, 0xfb, 0xde, 0x6d, 0x6b, 0x38, 0xc6, 0x18, 0xc6, 0x89, 0xfc, 0x20, 0xf3, 0xb7, 0xfe, 0x79, 0xce,
    0x00, 0x00, 0x00, 0x00, 0x00, 0x00, 0x00, 0x00, 0x00, 0x00, 0x59, 0xce, 0xff, 0xff, 0xff, 0xff, 0xdb, 0xde, 0xae, 0x73, 0xd7, 0xbd, 0xff, 0xff,
    0x2c, 0x63, 0x82, 0x10, 0x4d, 0x6b, 0x65, 0x29, 0xd7, 0xbd, 0xff, 0xff, 0xbe, 0xf7, 0xae, 0x73, 0x20, 0x00, 0x6d, 0x6b, 0xff, 0xff, 0x18, 0xc6,
    0x24, 0x21, 0x00, 0x00, 0x00, 0x00, 0x20, 0x00, 0xae, 0x73, 0xbe, 0xf7, 0xff, 0xff, 0xff, 0xff, 0x2c, 0x63, 0xa2, 0x10, 0x51, 0x8c, 0xff, 0xff,
    0xc7, 0x39, 0x62, 0x08, 0x62, 0x08, 0x62, 0x08, 0x62, 0x08, 0x62, 0x08, 0x62, 0x08, 0x62, 0x08, 0x62, 0x08, 0x62, 0x08, 0x62, 0x08, 0x62, 0x08,
    0x62, 0x08, 0x62, 0x08, 0x62, 0x08, 0x62, 0x08, 0x62, 0x08, 0x62, 0x08, 0x62, 0x08, 0xb6, 0xb5, 0xf3, 0x9c, 0xae, 0x73, 0x75, 0xad, 0xaa, 0x52,
    0x92, 0x94, 0x55, 0xad, 0x49, 0x4a, 0xf3, 0x9c, 0xd3, 0x9c, 0x69, 0x4a, 0x49, 0x4a, 0xb7, 0xfe, 0x20, 0xf3, 0xec, 0xfc, 0xff, 0xff, 0x34, 0xa5,
    0x00, 0x00, 0x00, 0x00, 0x00, 0x00, 0x04, 0x21, 0x20, 0x00, 0x79, 0xce, 0xff, 0xff, 0xff, 0xff, 0xbe, 0xf7, 0x5d, 0xef, 0xdb, 0xde, 0x79, 0xce,
    0x6d, 0x6b, 0x41, 0x08, 0x41, 0x08, 0x00, 0x00, 0x20, 0x00, 0x5d, 0xef, 0xff, 0xff, 0xff, 0xff, 0x7d, 0xef, 0xff, 0xff, 0xff, 0xff, 0x45, 0x29,
    0x00, 0x00, 0x00, 0x00, 0x49, 0x4a, 0xb6, 0xb5, 0xff, 0xff, 0x38, 0xc6, 0xaa, 0x52, 0xe7, 0x39, 0x55, 0xad, 0xff, 0xff, 0xff, 0xff, 0xde, 0xff,
    0xd7, 0xbd, 0x62, 0x08, 0x62, 0x08, 0x62, 0x08, 0x62, 0x08, 0x62, 0x08, 0x62, 0x08, 0x62, 0x08, 0x62, 0x08, 0x62, 0x08, 0x62, 0x08, 0x62, 0x08,
    0x62, 0x08, 0x62, 0x08, 0x62, 0x08, 0x62, 0x08, 0x62, 0x08, 0x62, 0x08, 0x62, 0x08, 0xbb, 0xd6, 0xaa, 0x52, 0x8e, 0x73, 0x75, 0xad, 0xeb, 0x5a,
    0x51, 0x8c, 0x1c, 0xe7, 0x2c, 0x63, 0x92, 0x94, 0x9a, 0xd6, 0x4d, 0x6b, 0xf7, 0xbd, 0x92, 0x94, 0x13, 0xfe, 0xff, 0xff, 0xff, 0xff, 0x5d, 0xef,
    0x08, 0x42, 0x41, 0x08, 0xaa, 0x52, 0x5d, 0xef, 0xa2, 0x10, 0x18, 0xc6, 0xff, 0xff, 0x30, 0x84, 0xb2, 0x94, 0x00, 0x00, 0xc3, 0x18, 0x82, 0x10,
    0x00, 0x00, 0x00, 0x00, 0x00, 0x00, 0x00, 0x00, 0x00, 0x00, 0x92, 0x94, 0xff, 0xff, 0xff, 0xff, 0xff, 0xff, 0xff, 0xff, 0xff, 0xff, 0xaa, 0x52,
    0x00, 0x00, 0x92, 0x94, 0x6d, 0x6b, 0xa6, 0x31, 0xb6, 0xb5, 0x08, 0x42, 0x00, 0x00, 0x00, 0x00, 0x00, 0x00, 0x0c, 0x63, 0xff, 0xff, 0xf2, 0xfd,
    0xff, 0xff, 0xab, 0x52, 0x62, 0x08, 0x62, 0x08, 0x62, 0x08, 0x62, 0x08, 0x62, 0x08, 0x62, 0x08, 0x62, 0x08, 0x62, 0x08, 0x62, 0x08, 0x62, 0x08,
    0x62, 0x08, 0x62, 0x08, 0x62, 0x08, 0x62, 0x08, 0x62, 0x08, 0x62, 0x08, 0x04, 0x21, 0x5d, 0xef, 0x7d, 0xf7, 0xf9, 0xf6, 0x14, 0xf6, 0x55, 0xf6,
    0x97, 0xee, 0x2d, 0xfd, 0x55, 0xfe, 0x77, 0xee, 0x33, 0xfe, 0xb8, 0xf6, 0x34, 0xfe, 0xfa, 0xf6, 0xff, 0xff, 0xff, 0xff, 0xff, 0xff, 0xff, 0xff,
    0xff, 0xff, 0xff, 0xff, 0xff, 0xff, 0xff, 0xff, 0x04, 0x21, 0x30, 0x84, 0x0c, 0x63, 0x59, 0xce, 0x3c, 0xe7, 0x41, 0x08, 0x00, 0x00, 0x00, 0x00,
    0x28, 0x42, 0xc7, 0x39, 0x00, 0x00, 0x00, 0x00, 0x00, 0x00, 0x10, 0x84, 0xff, 0xff, 0xff, 0xff, 0xff, 0xff, 0xff, 0xff, 0xff, 0xff, 0xff, 0xff,
    0xbe, 0xf7, 0x9e, 0xf7, 0x41, 0x08, 0x00, 0x00, 0x20, 0x00, 0x8e, 0x73, 0xae, 0x73, 0x00, 0x00, 0x00, 0x00, 0x00, 0x00, 0xdb, 0xde, 0x55, 0xfe,
    0x9d, 0xff, 0x34, 0xa5, 0x62, 0x08, 0x62, 0x08, 0x62, 0x08, 0x62, 0x08, 0x62, 0x08, 0x62, 0x08, 0x62, 0x08, 0x62, 0x08, 0x62, 0x08, 0x62, 0x08,
    0x62, 0x08, 0x62, 0x08, 0x62, 0x08, 0x62, 0x08, 0x62, 0x08, 0x62, 0x08, 0xf4, 0x9c, 0xdf, 0xff, 0xd7, 0xbd, 0xf3, 0x9c, 0xd2, 0xfd, 0x99, 0xde,
    0x18, 0xc6, 0x1a, 0xff, 0x96, 0xb5, 0x1b, 0xef, 0x38, 0xc6, 0x96, 0xb5, 0xd3, 0x9c, 0x1c, 0xe7, 0xdb, 0xde, 0xff, 0xff, 0xff, 0xff, 0xff, 0xff,
    0xff, 0xff, 0xff, 0xff, 0xff, 0xff, 0xff, 0xff, 0x65, 0x29, 0x00, 0x00, 0x24, 0x21, 0xff, 0xff, 0xff, 0xff, 0x10, 0x84, 0x20, 0x00, 0xeb, 0x5a,
    0x38, 0xc6, 0x00, 0x00, 0x00, 0x00, 0x82, 0x10, 0x55, 0xad, 0xff, 0xff, 0xff, 0xff, 0xff, 0xff, 0xff, 0xff, 0xff, 0xff, 0xff, 0xff, 0xff, 0xff,
    0xff, 0xff, 0x34, 0xa5, 0x00, 0x00, 0x00, 0x00, 0x55, 0xad, 0xff, 0xff, 0xdb, 0xde, 0x00, 0x00, 0x00, 0x00, 0x82, 0x10, 0x1c, 0xe7, 0xb7, 0xfe,
    0xd1, 0xfd, 0xbe, 0xf7, 0x04, 0x21, 0x62, 0x08, 0x62, 0x08, 0x62, 0x08, 0x62, 0x08, 0x62, 0x08, 0x62, 0x08, 0x62, 0x08, 0x62, 0x08, 0x62, 0x08,
    0x62, 0x08, 0x62, 0x08, 0x62, 0x08, 0x62, 0x08, 0x62, 0x08, 0x66, 0x29, 0xff, 0xff, 0xb9, 0xe6, 0x8e, 0x73, 0xf7, 0xc5, 0xfb, 0xde, 0xcf, 0x7b,
    0x2c, 0x63, 0x9e, 0xf7, 0x04, 0x21, 0x10, 0x84, 0xcf, 0x7b, 0x2c, 0x63, 0x3c, 0xe7, 0x0c, 0x63, 0xba, 0xd6, 0xff, 0xff, 0xff, 0xff, 0xff, 0xff,
    0xff, 0xff, 0x7d, 0xef, 0xf3, 0x9c, 0xe7, 0x39, 0x00, 0x00, 0x00, 0x00, 0xef, 0x7b, 0xff, 0xff, 0xf7, 0xbd, 0x30, 0x84, 0xdb, 0xde, 0xff, 0xff,
    0x49, 0x4a, 0x00, 0x00, 0x20, 0x00, 0x79, 0xce, 0xff, 0xff, 0xff, 0xff, 0xff, 0xff, 0xff, 0xff, 0xff, 0xff, 0xff, 0xff, 0xff, 0xff, 0xff, 0xff,
    0xff, 0xff, 0xeb, 0x5a, 0x00, 0x00, 0xc7, 0x39, 0x71, 0x8c, 0x04, 0x21, 0x51, 0x8c, 0x00, 0x00, 0x00, 0x00, 0xb6, 0xb5, 0xbd, 0xff, 0xe5, 0xf3,
    0x83, 0xf3, 0xde, 0xff, 0xd3, 0x9c, 0x62, 0x08, 0x62, 0x08, 0x62, 0x08, 0x62, 0x08, 0x62, 0x08, 0x62, 0x08, 0x62, 0x08, 0x62, 0x08, 0x62, 0x08,
    0x62, 0x08, 0x62, 0x08, 0x62, 0x08, 0x62, 0x08, 0x62, 0x08, 0x10, 0x84, 0x9d, 0xff, 0xd6, 0xc5, 0x14, 0xa5, 0x6f, 0xfd, 0xf9, 0xfe, 0xcb, 0x5a,
    0x0c, 0x63, 0xfb, 0xde, 0x6d, 0x6b, 0x8e, 0x73, 0xcf, 0x7b, 0xaa, 0x52, 0xef, 0x7b, 0x14, 0xa5, 0xba, 0xd6, 0xff, 0xff, 0xff, 0xff, 0xfb, 0xde,
    0x4d, 0x6b, 0x41, 0x08, 0x00, 0x00, 0x00, 0x00, 0x00, 0x00, 0x00, 0x00, 0x96, 0xb5, 0xff, 0xff, 0xdf, 0xff, 0x49, 0x4a, 0x20, 0x00, 0xc7, 0x39,
    0x24, 0x21, 0x00, 0x00, 0x71, 0x8c, 0xff, 0xff, 0xff, 0xff, 0xff, 0xff, 0xff, 0xff, 0xff, 0xff, 0xff, 0xff, 0xff, 0xff, 0xff, 0xff, 0xff, 0xff,
    0xff, 0xff, 0xa2, 0x10, 0x00, 0x00, 0x51, 0x8c, 0x45, 0x29, 0x00, 0x00, 0x30, 0x84, 0x00, 0x00, 0x00, 0x00, 0xdb, 0xde, 0xb1, 0xfd, 0x20, 0xf3,
    0x20, 0xf3, 0x6f, 0xfd, 0xff, 0xff, 0x8a, 0x52, 0x62, 0x08, 0x62, 0x08, 0x62, 0x08, 0x62, 0x08, 0x62, 0x08, 0x62, 0x08, 0x62, 0x08, 0x62, 0x08,
    0x62, 0x08, 0x62, 0x08, 0x62, 0x08, 0x62, 0x08, 0x62, 0x08, 0x38, 0xc6, 0x75, 0xfe, 0x77, 0xe6, 0x4d, 0x6b, 0x34, 0xad, 0xf7, 0xbd, 0x2c, 0x63,
    0x30, 0x84, 0xd3, 0x9c, 0x30, 0x84, 0xbe, 0xf7, 0xcf, 0x7b, 0x2c, 0x63, 0xff, 0xff, 0xff, 0xff, 0xba, 0xd6, 0xff, 0xff, 0x9e, 0xf7, 0x65, 0x29,
    0x00, 0x00, 0x00, 0x00, 0x00, 0x00, 0x00, 0x00, 0xe3, 0x18, 0x00, 0x00, 0xf3, 0x9c, 0xff, 0xff, 0xff, 0xff, 0xff, 0xff, 0xef, 0x7b, 0x00, 0x00,
    0x00, 0x00, 0x00, 0x00, 0x51, 0x8c, 0x5d, 0xef, 0xff, 0xff, 0xff, 0xff, 0xff, 0xff, 0xff, 0xff, 0xff, 0xff, 0xff, 0xff, 0xff, 0xff, 0xff, 0xff,
    0x59, 0xce, 0x00, 0x00, 0x00, 0x00, 0x14, 0xa5, 0xd3, 0x9c, 0x04, 0x21, 0xd3, 0x9c, 0x00, 0x00, 0x00, 0x00, 0xdb, 0xde, 0xb0, 0xfd, 0x20, 0xf3,
    0x20, 0xf3, 0x62, 0xf3, 0x5c, 0xff, 0xd7, 0xbd, 0x62, 0x08, 0x62, 0x08, 0x62, 0x08, 0x62, 0x08, 0x62, 0x08, 0x62, 0x08, 0x62, 0x08, 0x62, 0x08,
    0x62, 0x08, 0x62, 0x08, 0x62, 0x08, 0x62, 0x08, 0xa3, 0x10, 0xdf, 0xff, 0xec, 0xfc, 0x69, 0xfc, 0x58, 0xce, 0xb6, 0xb5, 0xda, 0xe6, 0x77, 0xe6,
    0x13, 0xf6, 0x79, 0xce, 0x79, 0xd6, 0x34, 0xfe, 0x9a, 0xd6, 0x79, 0xce, 0xff, 0xff, 0xff, 0xff, 0x3c, 0xe7, 0xff, 0xff, 0xb2, 0x94, 0x00, 0x00,
    0x00, 0x00, 0x00, 0x00, 0x82, 0x10, 0xe7, 0x39, 0x4d, 0x6b, 0x00, 0x00, 0x71, 0x8c, 0xd7, 0xbd, 0xff, 0xff, 0xff, 0xff, 0x10, 0x84, 0x65, 0x29,
    0xe3, 0x18, 0x00, 0x00, 0x00, 0x00, 0x41, 0x08, 0x8e, 0x73, 0x1c, 0xe7, 0xff, 0xff, 0xff, 0xff, 0xff, 0xff, 0xff, 0xff, 0xff, 0xff, 0xff, 0xff,
    0x51, 0x8c, 0x00, 0x00, 0x00, 0x00, 0x38, 0xc6, 0x00, 0x00, 0x20, 0x00, 0x8e, 0x73, 0x00, 0x00, 0x00, 0x00, 0x1c, 0xe7, 0xf3, 0xfd, 0x20, 0xf3,
    0x20, 0xf3, 0x20, 0xf3, 0xb1, 0xfd, 0xff, 0xff, 0x86, 0x31, 0x62, 0x08, 0x62, 0x08, 0x62, 0x08, 0x62, 0x08, 0x62, 0x08, 0x62, 0x08, 0x62, 0x08,
    0x62, 0x08, 0x62, 0x08, 0x62, 0x08, 0x62, 0x08, 0x6a, 0x4a, 0xff, 0xff, 0xe5, 0xf3, 0x20, 0xf3, 0x21, 0xf3, 0x41, 0xf3, 0x20, 0xf3, 0x20, 0xf3,
    0x20, 0xf3, 0x20, 0xf3, 0x20, 0xf3, 0x06, 0xf4, 0xff, 0xff, 0xff, 0xff, 0xff, 0xff, 0xff, 0xff, 0xff, 0xff, 0xff, 0xff, 0xba, 0xd6, 0x00, 0x00,
    0x00, 0x00, 0x45, 0x29, 0x79, 0xce, 0x8a, 0x52, 0xe3, 0x18, 0x00, 0x00, 0xb2, 0x94, 0xaa, 0x52, 0xcf, 0x7b, 0x6d, 0x6b, 0xc3, 0x18, 0x24, 0x21,
    0x9a, 0xd6, 0x38, 0xc6, 0x65, 0x29, 0x00, 0x00, 0x00, 0x00, 0x20, 0x00, 0x08, 0x42, 0x28, 0x42, 0x08, 0x42, 0x24, 0x21, 0x28, 0x42, 0x49, 0x4a,
    0xaa, 0x52, 0x00, 0x00, 0x00, 0x00, 0xdb, 0xde, 0x8e, 0x73, 0x18, 0xc6, 0x38, 0xc6, 0x00, 0x00, 0x00, 0x00, 0x7d, 0xef, 0x96, 0xfe, 0x20, 0xf3,
    0x20, 0xf3, 0x20, 0xf3, 0xe6, 0xf3, 0xff, 0xff, 0xbb, 0xd6, 0xa3, 0x10, 0x62, 0x08, 0x62, 0x08, 0x62, 0x08, 0x62, 0x08, 0x62, 0x08, 0x62, 0x08,
    0x62, 0x08, 0x62, 0x08, 0x62, 0x08, 0x62, 0x08, 0x71, 0x8c, 0x7c, 0xff, 0x41, 0xf3, 0x20, 0xf3, 0x20, 0xf3, 0x20, 0xf3, 0x20, 0xf3, 0x20, 0xf3,
    0x20, 0xf3, 0x20, 0xf3, 0x20, 0xf3, 0xd1, 0xfd, 0xff, 0xff, 0xff, 0xff, 0xff, 0xff, 0xff, 0xff, 0xff, 0xff, 0xff, 0xff, 0xff, 0xff, 0xef, 0x7b,
    0x28, 0x42, 0xfb, 0xde, 0xff, 0xff, 0x51, 0x8c, 0x00, 0x00, 0x00, 0x00, 0xb6, 0xb5, 0xf3, 0x9c, 0x00, 0x00, 0x00, 0x00, 0x00, 0x00, 0x55, 0xad,
    0xff, 0xff, 0xff, 0xff, 0xdf, 0xff, 0x10, 0x84, 0x20, 0x00, 0x00, 0x00, 0x00, 0x00, 0x00, 0x00, 0x00, 0x00, 0x00, 0x00, 0x04, 0x21, 0x79, 0xce,
    0xae, 0x73, 0x00, 0x00, 0x82, 0x10, 0x96, 0xb5, 0x96, 0xb5, 0x7d, 0xef, 0xd7, 0xbd, 0x00, 0x00, 0x00, 0x00, 0xbe, 0xf7, 0x13, 0xfe, 0x62, 0xf3,
    0x20, 0xf3, 0x20, 0xf3, 0x21, 0xf3, 0x76, 0xfe, 0xff, 0xff, 0x2d, 0x63, 0x62, 0x08, 0x62, 0x08, 0x62, 0x08, 0x62, 0x08, 0x62, 0x08, 0x62, 0x08,
    0x62, 0x08, 0x62, 0x08, 0x62, 0x08, 0x62, 0x08, 0x9a, 0xd6, 0x13, 0xfe, 0x83, 0xf3, 0x20, 0xf3, 0x20, 0xf3, 0x20, 0xf3, 0x20, 0xf3, 0x20, 0xf3,
    0x20, 0xf3, 0x20, 0xf3, 0x20, 0xf3, 0x5b, 0xff, 0xff, 0xff, 0xff, 0xff, 0xff, 0xff, 0xff, 0xff, 0xff, 0xff, 0xff, 0xff, 0xff, 0xff, 0xff, 0xff,
    0xff, 0xff, 0xff, 0xff, 0xff, 0xff, 0x51, 0x8c, 0x00, 0x00, 0x00, 0x00, 0x59, 0xce, 0x7d, 0xef, 0x82, 0x10, 0x00, 0x00, 0x6d, 0x6b, 0xff, 0xff,
    0xff, 0xff, 0xff, 0xff, 0xff, 0xff, 0xff, 0xff, 0xba, 0xd6, 0x08, 0x42, 0x00, 0x00, 0x00, 0x00, 0x00, 0x00, 0xe7, 0x39, 0x5d, 0xef, 0xff, 0xff,
    0x79, 0xce, 0x86, 0x31, 0xcf, 0x7b, 0x9e, 0xf7, 0x65, 0x29, 0x00, 0x00, 0x20, 0x00, 0x00, 0x00, 0x00, 0x00, 0x3c, 0xe7, 0xb1, 0xfd, 0x06, 0xf4,
    0x20, 0xf3, 0x20, 0xf3, 0x20, 0xf3, 0x6f, 0xfd, 0xff, 0xff, 0x59, 0xce, 0x62, 0x08, 0x62, 0x08, 0x62, 0x08, 0x62, 0x08, 0x62, 0x08, 0x62, 0x08,
    0x62, 0x08, 0x62, 0x08, 0x62, 0x08, 0x62, 0x08, 0x5d, 0xef, 0x4e, 0xfd, 0x69, 0xfc, 0x20, 0xf3, 0x20, 0xf3, 0x20, 0xf3, 0x20, 0xf3, 0x41, 0xf3,
    0x20, 0xf3, 0x20, 0xf3, 0x06, 0xf4, 0xff, 0xff, 0xff, 0xff, 0xff, 0xff, 0xff, 0xff, 0xff, 0xff, 0xff, 0xff, 0xff, 0xff, 0xff, 0xff, 0xff, 0xff,
    0xff, 0xff, 0xff, 0xff, 0xff, 0xff, 0xaa, 0x52, 0x00, 0x00, 0x61, 0x08, 0xbe, 0xf7, 0xff, 0xff, 0x18, 0xc6, 0x2c, 0x63, 0x5d, 0xef, 0xff, 0xff,
    0xff, 0xff, 0xff, 0xff, 0xff, 0xff, 0xff, 0xff, 0xff, 0xff, 0xff, 0xff, 0xba, 0xd6, 0x34, 0xa5, 0x59, 0xce, 0xff, 0xff, 0xff, 0xff, 0xff, 0xff,
    0xff, 0xff, 0xff, 0xff, 0xff, 0xff, 0xff, 0xff, 0x59, 0xce, 0x00, 0x00, 0x00, 0x00, 0x00, 0x00, 0x00, 0x00, 0xdb, 0xde, 0xf2, 0xfd, 0x48, 0xf4,
    0x20, 0xf3, 0x20, 0xf3, 0x20, 0xf3, 0x06, 0xf4, 0x9c, 0xff, 0xff, 0xff, 0x25, 0x21, 0x62, 0x08, 0x62, 0x08, 0x62, 0x08, 0x62, 0x08, 0x62, 0x08,
    0x62, 0x08, 0x62, 0x08, 0x62, 0x08, 0xe4, 0x18, 0xff, 0xff, 0x6f, 0xfd, 0xe5, 0xf3, 0x20, 0xf3, 0x20, 0xf3, 0x20, 0xf3, 0x20, 0xf3, 0x62, 0xf3,
    0x20, 0xf3, 0x20, 0xf3, 0x0d, 0xfd, 0xff, 0xff, 0xff, 0xff, 0xff, 0xff, 0xff, 0xff, 0xff, 0xff, 0xff, 0xff, 0xff, 0xff, 0xff, 0xff, 0xff, 0xff,
    0xff, 0xff, 0xff, 0xff, 0xff, 0xff, 0x9a, 0xd6, 0x92, 0x94, 0x55, 0xad, 0xff, 0xff, 0xff, 0xff, 0xff, 0xff, 0xff, 0xff, 0xff, 0xff, 0xff, 0xff,
    0xff, 0xff, 0xff, 0xff, 0xff, 0xff, 0xff, 0xff, 0xff, 0xff, 0xff, 0xff, 0xff, 0xff, 0xff, 0xff, 0xff, 0xff, 0xff, 0xff, 0xff, 0xff, 0xff, 0xff,
    0xff, 0xff, 0xff, 0xff, 0xff, 0xff, 0xff, 0xff, 0xff, 0xff, 0x69, 0x4a, 0x00, 0x00, 0x00, 0x00, 0xa6, 0x31, 0xff, 0xff, 0x68, 0xfc, 0xa4, 0xf3,
    0x20, 0xf3, 0x20, 0xf3, 0x20, 0xf3, 0x20, 0xf3, 0x3a, 0xff, 0xff, 0xff, 0x6a, 0x4a, 0x62, 0x08, 0x62, 0x08, 0x62, 0x08, 0x62, 0x08, 0x62, 0x08,
    0x62, 0x08, 0x62, 0x08, 0x62, 0x08, 0x34, 0xa5, 0xff, 0xff, 0x89, 0xfc, 0x27, 0xf4, 0x20, 0xf3, 0x20, 0xf3, 0x41, 0xf3, 0x20, 0xf3, 0x41, 0xf3,
    0x20, 0xf3, 0x20, 0xf3, 0xd2, 0xfd, 0xff, 0xff, 0xff, 0xff, 0xff, 0xff, 0xff, 0xff, 0xff, 0xff, 0xff, 0xff, 0xff, 0xff, 0xff, 0xff, 0xff, 0xff,
    0xff, 0xff, 0xff, 0xff, 0xff, 0xff, 0xff, 0xff, 0xff, 0xff, 0xff, 0xff, 0xff, 0xff, 0xff, 0xff, 0xff, 0xff, 0xff, 0xff, 0xff, 0xff, 0xff, 0xff,
    0xff, 0xff, 0xff, 0xff, 0xff, 0xff, 0xff, 0xff, 0xff, 0xff, 0xff, 0xff, 0xff, 0xff, 0xff, 0xff, 0xff, 0xff, 0xff, 0xff, 0xff, 0xff, 0xff, 0xff,
    0xff, 0xff, 0xff, 0xff, 0xff, 0xff, 0xff, 0xff, 0xff, 0xff, 0xba, 0xd6, 0xa2, 0x10, 0x20, 0x00, 0xf3, 0x9c, 0xbd, 0xff, 0x41, 0xf3, 0x06, 0xf4,
    0x62, 0xf3, 0x20, 0xf3, 0x20, 0xf3, 0x20, 0xf3, 0x13, 0xfe, 0xdf, 0xff, 0x30, 0x84, 0x62, 0x08, 0x62, 0x08, 0x62, 0x08, 0x62, 0x08, 0x62, 0x08,
    0x62, 0x08, 0x62, 0x08, 0x62, 0x08, 0xba, 0xd6, 0x9d, 0xff, 0xa4, 0xf3, 0xaa, 0xf4, 0x20, 0xf3, 0x20, 0xf3, 0x41, 0xf3, 0x20, 0xf3, 0x62, 0xf3,
    0x20, 0xf3, 0x20, 0xf3, 0xb7, 0xfe, 0xff, 0xff, 0xff, 0xff, 0xff, 0xff, 0xff, 0xff, 0xff, 0xff, 0xff, 0xff, 0xff, 0xff, 0xff, 0xff, 0xff, 0xff,
    0xff, 0xff, 0xff, 0xff, 0xff, 0xff, 0xff, 0xff, 0xff, 0xff, 0xff, 0xff, 0xff, 0xff, 0xff, 0xff, 0xff, 0xff, 0xff, 0xff, 0xff, 0xff, 0xff, 0xff,
    0xff, 0xff, 0xff, 0xff, 0xff, 0xff, 0xff, 0xff, 0xff, 0xff, 0xff, 0xff, 0xff, 0xff, 0xff, 0xff, 0xff, 0xff, 0xff, 0xff, 0xff, 0xff, 0xff, 0xff,
    0xff, 0xff, 0xff, 0xff, 0xff, 0xff, 0xff, 0xff, 0xff, 0xff, 0xff, 0xff, 0x5d, 0xef, 0x1c, 0xe7, 0xff, 0xff, 0x13, 0xfe, 0xa4, 0xf3, 0x62, 0xf3,
    0x06, 0xf4, 0x20, 0xf3, 0x20, 0xf3, 0x20, 0xf3, 0x6f, 0xfd, 0xff, 0xff, 0xcb, 0x5a, 0x62, 0x08, 0x62, 0x08, 0x62, 0x08, 0x62, 0x08, 0x62, 0x08,
    0x62, 0x08, 0x62, 0x08, 0x62, 0x08, 0x5d, 0xef, 0x1a, 0xff, 0x20, 0xf3, 0xcb, 0xfc, 0x20, 0xf3, 0x20, 0xf3, 0xa4, 0xf3, 0xcb, 0xfc, 0x96, 0xfe,
    0x9c, 0xff, 0x7c, 0xff, 0xde, 0xff, 0xff, 0xff, 0xff, 0xff, 0xff, 0xff, 0xff, 0xff, 0xff, 0xff, 0xff, 0xff, 0xff, 0xff, 0xff, 0xff, 0xff, 0xff,
    0xff, 0xff, 0xff, 0xff, 0x7d, 0xef, 0xff, 0xff, 0xff, 0xff, 0xff, 0xff, 0xff, 0xff, 0xff, 0xff, 0xff, 0xff, 0xff, 0xff, 0xff, 0xff, 0xff, 0xff,
    0xff, 0xff, 0xff, 0xff, 0xff, 0xff, 0xff, 0xff, 0xff, 0xff, 0xff, 0xff, 0xff, 0xff, 0xff, 0xff, 0xff, 0xff, 0xff, 0xff, 0xff, 0xff, 0xff, 0xff,
    0xff, 0xff, 0xff, 0xff, 0xff, 0xff, 0xff, 0xff, 0xff, 0xff, 0xff, 0xff, 0xff, 0xff, 0xff, 0xff, 0xff, 0xff, 0xff, 0xff, 0xff, 0xff, 0xf2, 0xfd,
    0x6f, 0xfd, 0x41, 0xf3, 0x20, 0xf3, 0x20, 0xf3, 0xaa, 0xfc, 0xff, 0xff, 0xc7, 0x39, 0x62, 0x08, 0x62, 0x08, 0x62, 0x08, 0x62, 0x08, 0x62, 0x08,
    0x62, 0x08, 0x62, 0x08, 0x62, 0x08, 0x9e, 0xf7, 0x96, 0xfe, 0x41, 0xf3, 0x8f, 0xfd, 0x20, 0xf3, 0x20, 0xf3, 0xcb, 0xfc, 0xff, 0xff, 0xff, 0xff,
    0x7d, 0xef, 0x5d, 0xef, 0xba, 0xd6, 0x7d, 0xef, 0xff, 0xff, 0xff, 0xff, 0xff, 0xff, 0xff, 0xff, 0xff, 0xff, 0xff, 0xff, 0xff, 0xff, 0xff, 0xff,
    0xff, 0xff, 0xff, 0xff, 0x61, 0x08, 0x30, 0x84, 0xff, 0xff, 0xff, 0xff, 0xff, 0xff, 0xff, 0xff, 0xff, 0xff, 0xff, 0xff, 0xff, 0xff, 0xff, 0xff,
    0xff, 0xff, 0xff, 0xff, 0xff, 0xff, 0xd7, 0xbd, 0xff, 0xff, 0xff, 0xff, 0xff, 0xff, 0xff, 0xff, 0xff, 0xff, 0xff, 0xff, 0xff, 0xff, 0xff, 0xff,
    0xff, 0xff, 0xff, 0xff, 0xff, 0xff, 0xff, 0xff, 0xff, 0xff, 0xff, 0xff, 0xdf, 0xff, 0xe7, 0x39, 0x49, 0x4a, 0x86, 0x31, 0x30, 0x84, 0x9e, 0xf7,
    0xff, 0xff, 0xf8, 0xfe, 0x69, 0xfc, 0x20, 0xf3, 0x68, 0xfc, 0xff, 0xff, 0xfb, 0xde, 0x82, 0x10, 0x62, 0x08, 0x62, 0x08, 0x62, 0x08, 0x62, 0x08,
    0x62, 0x08, 0x62, 0x08, 0x62, 0x08, 0xbe, 0xf7, 0xb7, 0xfe, 0x62, 0xf3, 0x0c, 0xfd, 0x42, 0xf3, 0xf2, 0xfd, 0xff, 0xff, 0x7d, 0xef, 0x34, 0xa5,
    0x51, 0x8c, 0x30, 0x84, 0x30, 0x84, 0x08, 0x42, 0x18, 0xc6, 0xff, 0xff, 0xff, 0xff, 0xff, 0xff, 0xff, 0xff, 0xff, 0xff, 0xff, 0xff, 0xff, 0xff,
    0xff, 0xff, 0x9a, 0xd6, 0x00, 0x00, 0x00, 0x00, 0x04, 0x21, 0x38, 0xc6, 0xff, 0xff, 0xff, 0xff, 0xff, 0xff, 0xff, 0xff, 0xff, 0xff, 0xff, 0xff,
    0xff, 0xff, 0xff, 0xff, 0x5d, 0xef, 0x00, 0x00, 0xe7, 0x39, 0xd7, 0xbd, 0xff, 0xff, 0xff, 0xff, 0xff, 0xff, 0x9e, 0xf7, 0x92, 0x94, 0x10, 0x84,
    0xd7, 0xbd, 0xdf, 0xff, 0xff, 0xff, 0xff, 0xff, 0xff, 0xff, 0xff, 0xff, 0xcf, 0x7b, 0x00, 0x00, 0x00, 0x00, 0x00, 0x00, 0x00, 0x00, 0xa2, 0x10,
    0x30, 0x84, 0x5d, 0xef, 0xbe, 0xff, 0x06, 0xf4, 0xa4, 0xf3, 0x5b, 0xff, 0xff, 0xff, 0x86, 0x31, 0x62, 0x08, 0x62, 0x08, 0x62, 0x08, 0x62, 0x08,
    0x62, 0x08, 0x62, 0x08, 0x62, 0x08, 0xbe, 0xf7, 0xb7, 0xfe, 0x41, 0xf3, 0xd1, 0xfd, 0x96, 0xfe, 0xdf, 0xff, 0xef, 0x7b, 0xa2, 0x10, 0x00, 0x00,
    0x00, 0x00, 0x00, 0x00, 0x00, 0x00, 0x00, 0x00, 0x00, 0x00, 0x8e, 0x73, 0xff, 0xff, 0xff, 0xff, 0xff, 0xff, 0xff, 0xff, 0xff, 0xff, 0xff, 0xff,
    0xff, 0xff, 0x6d, 0x6b, 0x00, 0x00, 0x00, 0x00, 0x00, 0x00, 0xae, 0x73, 0xff, 0xff, 0xff, 0xff, 0xff, 0xff, 0xff, 0xff, 0xff, 0xff, 0xff, 0xff,
    0xff, 0xff, 0xff, 0xff, 0xef, 0x7b, 0x00, 0x00, 0x00, 0x00, 0x20, 0x00, 0xb6, 0xb5, 0xff, 0xff, 0xff, 0xff, 0xeb, 0x5a, 0x00, 0x00, 0x00, 0x00,
    0x00, 0x00, 0x24, 0x21, 0xfb, 0xde, 0xff, 0xff, 0xff, 0xff, 0x92, 0x94, 0x00, 0x00, 0x00, 0x00, 0x00, 0x00, 0x00, 0x00, 0x00, 0x00, 0x00, 0x00,
    0x00, 0x00, 0x8a, 0x52, 0x9a, 0xd6, 0x9d, 0xff, 0x69, 0xf4, 0x3a, 0xff, 0xff, 0xff, 0x49, 0x4a, 0x62, 0x08, 0x62, 0x08, 0x62, 0x08, 0x62, 0x08,
    0x62, 0x08, 0x62, 0x08, 0x62, 0x08, 0x5d, 0xef, 0x76, 0xfe, 0xd1, 0xfd, 0xff, 0xff, 0xdf, 0xff, 0xef, 0x7b, 0x61, 0x08, 0x00, 0x00, 0x00, 0x00,
    0x00, 0x00, 0x00, 0x00, 0x00, 0x00, 0x00, 0x00, 0x00, 0x00, 0x00, 0x00, 0xba, 0xd6, 0xff, 0xff, 0xff, 0xff, 0xff, 0xff, 0xff, 0xff, 0xff, 0xff,
    0x9e, 0xf7, 0x61, 0x08, 0x00, 0x00, 0x00, 0x00, 0x00, 0x00, 0xef, 0x7b, 0xff, 0xff, 0xff, 0xff, 0xff, 0xff, 0xff, 0xff, 0xff, 0xff, 0xff, 0xff,
    0xff, 0xff, 0x7d, 0xef, 0x61, 0x08, 0x00, 0x00, 0x00, 0x00, 0x00, 0x00, 0x20, 0x00, 0x18, 0xc6, 0xff, 0xff, 0x6d, 0x6b, 0x00, 0x00, 0x00, 0x00,
    0x00, 0x00, 0x00, 0x00, 0x8a, 0x52, 0xff, 0xff, 0x3c, 0xe7, 0x41, 0x08, 0x00, 0x00, 0x00, 0x00, 0x00, 0x00, 0x00, 0x00, 0x00, 0x00, 0x00, 0x00,
    0x00, 0x00, 0x00, 0x00, 0x0c, 0x63, 0xff, 0xff, 0x75, 0xfe, 0x5b, 0xff, 0xff, 0xff, 0x0c, 0x63, 0x62, 0x08, 0x62, 0x08, 0x62, 0x08, 0x62, 0x08,
    0x62, 0x08, 0x62, 0x08, 0x62, 0x08, 0xdb, 0xde, 0x96, 0xfe, 0xff, 0xff, 0x5d, 0xef, 0xd3, 0x9c, 0xa2, 0x10, 0x00, 0x00, 0x00, 0x00, 0x00, 0x00,
    0x00, 0x00, 0x00, 0x00, 0x00, 0x00, 0x00, 0x00, 0x00, 0x00, 0x20, 0x00, 0xf7, 0xbd, 0xff, 0xff, 0xff, 0xff, 0xff, 0xff, 0xff, 0xff, 0xff, 0xff,
    0xf3, 0x9c, 0x00, 0x00, 0x00, 0x00, 0x00, 0x00, 0x00, 0x00, 0x45, 0x29, 0xff, 0xff, 0xff, 0xff, 0xff, 0xff, 0xff, 0xff, 0xff, 0xff, 0xff, 0xff,
    0xff, 0xff, 0x30, 0x84, 0x00, 0x00, 0x00, 0x00, 0x00, 0x00, 0x00, 0x00, 0x00, 0x00, 0x6d, 0x6b, 0xbe, 0xf7, 0xa2, 0x10, 0x00, 0x00, 0x00, 0x00,
    0x00, 0x00, 0x00, 0x00, 0xc7, 0x39, 0xff, 0xff, 0x4d, 0x6b, 0x00, 0x00, 0x00, 0x00, 0x00, 0x00, 0x00, 0x00, 0x00, 0x00, 0x00, 0x00, 0x00, 0x00,
    0x00, 0x00, 0x00, 0x00, 0x00, 0x00, 0xb6, 0xb5, 0xff, 0xff, 0x9d, 0xff, 0xff, 0xff, 0xa7, 0x31, 0x62, 0x08, 0x62, 0x08, 0x62, 0x08, 0x62, 0x08,
    0x62, 0x08, 0x62, 0x08, 0x62, 0x08, 0x38, 0xc6, 0x76, 0xfe, 0xff, 0xff, 0x79, 0xce, 0x65, 0x29, 0x00, 0x00, 0x00, 0x00, 0x00, 0x00, 0x00, 0x00,
    0x00, 0x00, 0x00, 0x00, 0x00, 0x00, 0x00, 0x00, 0x00, 0x00, 0x00, 0x00, 0x9a, 0xd6, 0xff, 0xff, 0xff, 0xff, 0xff, 0xff, 0xff, 0xff, 0xff, 0xff,
    0xe7, 0x39, 0x00, 0x00, 0x61, 0x08, 0xef, 0x7b, 0x00, 0x00, 0x00, 0x00, 0x79, 0xce, 0xff, 0xff, 0xff, 0xff, 0xff, 0xff, 0xff, 0xff, 0xff, 0xff,
    0xff, 0xff, 0x65, 0x29, 0x00, 0x00, 0x00, 0x00, 0x00, 0x00, 0x00, 0x00, 0x00, 0x00, 0xd3, 0x9c, 0x71, 0x8c, 0x04, 0x21, 0x00, 0x00, 0x00, 0x00,
    0x00, 0x00, 0x00, 0x00, 0x38, 0xc6, 0xff, 0xff, 0x18, 0xc6, 0x20, 0x00, 0x00, 0x00, 0x04, 0x21, 0x18, 0xc6, 0xd3, 0x9c, 0xc7, 0x39, 0x00, 0x00,
    0x00, 0x00, 0x00, 0x00, 0x00, 0x00, 0x86, 0x31, 0xff, 0xff, 0x7c, 0xff, 0xff, 0xff, 0xab, 0x52, 0x62, 0x08, 0x62, 0x08, 0x62, 0x08, 0x62, 0x08,
    0x62, 0x08, 0x62, 0x08, 0x62, 0x08, 0x34, 0xa5, 0x3a, 0xff, 0xff, 0xff, 0xb2, 0x94, 0x00, 0x00, 0x00, 0x00, 0x00, 0x00, 0x20, 0x00, 0xef, 0x7b,
    0xdb, 0xde, 0xdb, 0xde, 0x08, 0x42, 0x00, 0x00, 0x00, 0x00, 0x00, 0x00, 0x18, 0xc6, 0xff, 0xff, 0xff, 0xff, 0xff, 0xff, 0xff, 0xff, 0xba, 0xd6,
    0x00, 0x00, 0x00, 0x00, 0xcf, 0x7b, 0xdb, 0xde, 0x00, 0x00, 0x00, 0x00, 0xae, 0x73, 0xff, 0xff, 0xff, 0xff, 0xff, 0xff, 0xff, 0xff, 0xff, 0xff,
    0xba, 0xd6, 0x00, 0x00, 0x00, 0x00, 0x00, 0x00, 0x00, 0x00, 0x00, 0x00, 0x00, 0x00, 0x18, 0xc6, 0xc3, 0x18, 0x71, 0x8c, 0x00, 0x00, 0x00, 0x00,
    0x00, 0x00, 0xc3, 0x18, 0xff, 0xff, 0xff, 0xff, 0xff, 0xff, 0x18, 0xc6, 0x00, 0x00, 0x0c, 0x63, 0xff, 0xff, 0x3a, 0xff, 0xff, 0xff, 0x8e, 0x73,
    0x00, 0x00, 0x00, 0x00, 0x00, 0x00, 0x00, 0x00, 0xd7, 0xbd, 0xbe, 0xff, 0xdf, 0xff, 0x46, 0x29, 0x62, 0x08, 0x62, 0x08, 0x62, 0x08, 0x62, 0x08,
    0x62, 0x08, 0x62, 0x08, 0x62, 0x08, 0x10, 0x84, 0xbe, 0xff, 0xff, 0xff, 0xc7, 0x39, 0x00, 0x00, 0x00, 0x00, 0x00, 0x00, 0xb2, 0x94, 0xff, 0xff,
    0x13, 0xfe, 0xd8, 0xfe, 0xff, 0xff, 0x69, 0x4a, 0x00, 0x00, 0x00, 0x00, 0x1c, 0xe7, 0xff, 0xff, 0xff, 0xff, 0xff, 0xff, 0xff, 0xff, 0x4d, 0x6b,
    0x00, 0x00, 0x41, 0x08, 0x5d, 0xef, 0xff, 0xff, 0xe3, 0x18, 0x00, 0x00, 0x65, 0x29, 0xff, 0xff, 0xff, 0xff, 0xff, 0xff, 0xff, 0xff, 0xff, 0xff,
    0x10, 0x84, 0x00, 0x00, 0x00, 0x00, 0x00, 0x00, 0x41, 0x08, 0x00, 0x00, 0x00, 0x00, 0x08, 0x42, 0x20, 0x00, 0x1c, 0xe7, 0x00, 0x00, 0x00, 0x00,
    0x00, 0x00, 0xe7, 0x39, 0xff, 0xff, 0xff, 0xff, 0xff, 0xff, 0x59, 0xce, 0x00, 0x00, 0xd3, 0x9c, 0xbe, 0xff, 0x20, 0xf3, 0x34, 0xfe, 0x1c, 0xe7,
    0x00, 0x00, 0x00, 0x00, 0x00, 0x00, 0x00, 0x00, 0x71, 0x8c, 0xff, 0xff, 0x59, 0xce, 0x62, 0x08, 0x62, 0x08, 0x62, 0x08, 0x62, 0x08, 0x62, 0x08,
    0x62, 0x08, 0x62, 0x08, 0x62, 0x08, 0xcb, 0x5a, 0xff, 0xff, 0xfb, 0xde, 0x00, 0x00, 0x00, 0x00, 0x00, 0x00, 0xa6, 0x31, 0xff, 0xff, 0x2e, 0xfd,
    0x20, 0xf3, 0x41, 0xf3, 0xb7, 0xfe, 0xba, 0xd6, 0x10, 0x84, 0x75, 0xad, 0xff, 0xff, 0xff, 0xff, 0xff, 0xff, 0x38, 0xc6, 0x34, 0xa5, 0x61, 0x08,
    0x00, 0x00, 0xc7, 0x39, 0x59, 0xce, 0x38, 0xc6, 0x8a, 0x52, 0x00, 0x00, 0x00, 0x00, 0x7d, 0xef, 0xff, 0xff, 0xff, 0xff, 0xff, 0xff, 0xff, 0xff,
    0x49, 0x4a, 0x00, 0x00, 0x00, 0x00, 0x41, 0x08, 0x10, 0x84, 0x00, 0x00, 0x00, 0x00, 0x00, 0x00, 0xe3, 0x18, 0xff, 0xff, 0x41, 0x08, 0x00, 0x00,
    0x00, 0x00, 0x69, 0x4a, 0xff, 0xff, 0xff, 0xff, 0xff, 0xff, 0x75, 0xad, 0x00, 0x00, 0x5d, 0xef, 0xd8, 0xfe, 0x20, 0xf3, 0xcb, 0xfc, 0xff, 0xff,
    0x41, 0x08, 0x00, 0x00, 0x00, 0x00, 0x00, 0x00, 0x71, 0x8c, 0xff, 0xff, 0x55, 0xad, 0x62, 0x08, 0x62, 0x08, 0x62, 0x08, 0x62, 0x08, 0x62, 0x08,
    0x62, 0x08, 0x62, 0x08, 0x62, 0x08, 0x08, 0x42, 0xff, 0xff, 0x14, 0xa5, 0x00, 0x00, 0x00, 0x00, 0x00, 0x00, 0x10, 0x84, 0x9d, 0xff, 0x83, 0xf3,
    0x20, 0xf3, 0x62, 0xf3, 0x89, 0xfc, 0xff, 0xff, 0xff, 0xff, 0xff, 0xff, 0xff, 0xff, 0xff, 0xff, 0x59, 0xce, 0x41, 0x08, 0x00, 0x00, 0x00, 0x00,
    0x00, 0x00, 0x20, 0x00, 0x24, 0x21, 0x61, 0x08, 0x00, 0x00, 0x00, 0x00, 0x00, 0x00, 0x75, 0xad, 0xff, 0xff, 0xff, 0xff, 0xff, 0xff, 0x7d, 0xef,
    0xa6, 0x31, 0x00, 0x00, 0x00, 0x00, 0x8a, 0x52, 0x3c, 0xe7, 0x00, 0x00, 0x00, 0x00, 0x00, 0x00, 0x65, 0x29, 0xff, 0xff, 0x24, 0x21, 0x00, 0x00,
    0x00, 0x00, 0x2c, 0x63, 0xdb, 0xde, 0xff, 0xff, 0xff, 0xff, 0x92, 0x94, 0x82, 0x10, 0x1c, 0xe7, 0x13, 0xfe, 0x20, 0xf3, 0xf2, 0xfd, 0x3c, 0xe7,
    0x00, 0x00, 0x00, 0x00, 0x00, 0x00, 0x20, 0x00, 0x38, 0xc6, 0xff, 0xff, 0xbb, 0xd6, 0xe4, 0x18, 0x62, 0x08, 0x62, 0x08, 0x62, 0x08, 0x62, 0x08,
    0x62, 0x08, 0x62, 0x08, 0x62, 0x08, 0x62, 0x08, 0xff, 0xff, 0xef, 0x7b, 0x00, 0x00, 0x00, 0x00, 0x00, 0x00, 0xb6, 0xb5, 0x96, 0xfe, 0x89, 0xfc,
    0x83, 0xf3, 0x83, 0xf3, 0x20, 0xf3, 0xe5, 0xf3, 0x5b, 0xff, 0xff, 0xff, 0xff, 0xff, 0x7d, 0xef, 0x04, 0x21, 0x00, 0x00, 0x00, 0x00, 0x00, 0x00,
    0x00, 0x00, 0x00, 0x00, 0x00, 0x00, 0xa2, 0x10, 0xcf, 0x7b, 0x00, 0x00, 0x00, 0x00, 0x4d, 0x6b, 0xff, 0xff, 0xff, 0xff, 0xff, 0xff, 0x96, 0xb5,
    0x24, 0x21, 0x00, 0x00, 0x61, 0x08, 0xd7, 0xbd, 0xff, 0xff, 0xe7, 0x39, 0x00, 0x00, 0x00, 0x00, 0xeb, 0x5a, 0xff, 0xff, 0x08, 0x42, 0x00, 0x00,
    0x00, 0x00, 0xb2, 0x94, 0x18, 0xc6, 0x75, 0xad, 0xff, 0xff, 0x71, 0x8c, 0x65, 0x29, 0x7d, 0xef, 0x90, 0xfd, 0x4e, 0xfd, 0xff, 0xff, 0xae, 0x73,
    0x00, 0x00, 0x00, 0x00, 0x00, 0x00, 0x86, 0x31, 0xdb, 0xde, 0x7c, 0xff, 0xde, 0xff, 0xcf, 0x7b, 0x62, 0x08, 0x62, 0x08, 0x62, 0x08, 0x62, 0x08,
    0x62, 0x08, 0x62, 0x08, 0x62, 0x08, 0xa7, 0x31, 0xff, 0xff, 0x4d, 0x6b, 0x00, 0x00, 0x00, 0x00, 0x00, 0x00, 0x38, 0xc6, 0x34, 0xfe, 0xc5, 0xf3,
    0x06, 0xf4, 0xc4, 0xf3, 0x21, 0xf3, 0x20, 0xf3, 0x4e, 0xfd, 0xff, 0xff, 0xfb, 0xde, 0xef, 0x7b, 0x00, 0x00, 0x00, 0x00, 0x00, 0x00, 0x00, 0x00,
    0x61, 0x08, 0xa6, 0x31, 0xa6, 0x31, 0xeb, 0x5a, 0x7d, 0xef, 0x00, 0x00, 0x00, 0x00, 0xc3, 0x18, 0xff, 0xff, 0xff, 0xff, 0xff, 0xff, 0x92, 0x94,
    0x00, 0x00, 0x00, 0x00, 0xef, 0x7b, 0xfb, 0xde, 0xff, 0xff, 0x10, 0x84, 0x00, 0x00, 0x00, 0x00, 0xeb, 0x5a, 0xff, 0xff, 0xeb, 0x5a, 0x00, 0x00,
    0x00, 0x00, 0x10, 0x84, 0x55, 0xad, 0xcb, 0x5a, 0x51, 0x8c, 0x51, 0x8c, 0x86, 0x31, 0xff, 0xff, 0xff, 0xff, 0xff, 0xff, 0x51, 0x8c, 0x00, 0x00,
    0x00, 0x00, 0x00, 0x00, 0x00, 0x00, 0x8e, 0x73, 0x9e, 0xf7, 0x90, 0xfd, 0xbe, 0xff, 0xf0, 0x7b, 0x62, 0x08, 0x62, 0x08, 0x62, 0x08, 0x62, 0x08,
    0x62, 0x08, 0x62, 0x08, 0x62, 0x08, 0xcb, 0x5a, 0xff, 0xff, 0x2c, 0x63, 0x00, 0x00, 0x00, 0x00, 0x00, 0x00, 0x55, 0xad, 0x19, 0xff, 0x41, 0xf3,
    0xa3, 0xf3, 0x69, 0xfc, 0x41, 0xf3, 0x83, 0xf3, 0x90, 0xfd, 0xff, 0xff, 0x0c, 0x63, 0x38, 0xc6, 0x45, 0x29, 0x24, 0x21, 0x00, 0x00, 0x86, 0x31,
    0xbe, 0xf7, 0xff, 0xff, 0xff, 0xff, 0xff, 0xff, 0xff, 0xff, 0xe7, 0x39, 0x00, 0x00, 0x00, 0x00, 0x34, 0xa5, 0xff, 0xff, 0xff, 0xff, 0x08, 0x42,
    0x00, 0x00, 0x86, 0x31, 0x55, 0xad, 0xff, 0xff, 0xff, 0xff, 0xef, 0x7b, 0x00, 0x00, 0x00, 0x00, 0x8e, 0x73, 0xff, 0xff, 0xae, 0x73, 0x00, 0x00,
    0x00, 0x00, 0xae, 0x73, 0xff, 0xff, 0x24, 0x21, 0x00, 0x00, 0x20, 0x00, 0x45, 0x29, 0x8e, 0x73, 0xeb, 0x5a, 0x45, 0x29, 0x00, 0x00, 0x00, 0x00,
    0x00, 0x00, 0x00, 0x00, 0x20, 0x00, 0x79, 0xce, 0xff, 0xff, 0x4e, 0xfd, 0xff, 0xff, 0xe8, 0x39, 0x62, 0x08, 0x62, 0x08, 0x62, 0x08, 0x62, 0x08,
    0x62, 0x08, 0x62, 0x08, 0x62, 0x08, 0x08, 0x42, 0xff, 0xff, 0x10, 0x84, 0x00, 0x00, 0x00, 0x00, 0x41, 0x08, 0xc7, 0x39, 0xff, 0xff, 0x4e, 0xfd,
    0x27, 0xf4, 0x4e, 0xfd, 0x2d, 0xfd, 0xdf, 0xff, 0xff, 0xff, 0x10, 0x84, 0x65, 0x29, 0xff, 0xff, 0xff, 0xff, 0xa6, 0x31, 0x00, 0x00, 0xef, 0x7b,
    0xff, 0xff, 0xff, 0xff, 0xff, 0xff, 0xff, 0xff, 0xff, 0xff, 0x4d, 0x6b, 0x00, 0x00, 0x00, 0x00, 0xe3, 0x18, 0x9a, 0xd6, 0xbe, 0xf7, 0x00, 0x00,
    0x00, 0x00, 0x28, 0x42, 0x5d, 0xef, 0xff, 0xff, 0xff, 0xff, 0xff, 0xff, 0xf3, 0x9c, 0x65, 0x29, 0xb6, 0xb5, 0xff, 0xff, 0x92, 0x94, 0x00, 0x00,
    0x00, 0x00, 0x4d, 0x6b, 0xff, 0xff, 0xd7, 0xbd, 0x00, 0x00, 0x00, 0x00, 0x00, 0x00, 0x00, 0x00, 0x00, 0x00, 0x00, 0x00, 0x00, 0x00, 0x00, 0x00,
    0x00, 0x00, 0x00, 0x00, 0xae, 0x73, 0x7d, 0xef, 0xbe, 0xff, 0x96, 0xfe, 0x59, 0xce, 0x62, 0x08, 0x62, 0x08, 0x62, 0x08, 0x62, 0x08, 0x62, 0x08,
    0x62, 0x08, 0x62, 0x08, 0x62, 0x08, 0xc4, 0x18, 0xff, 0xff, 0xf7, 0xbd, 0x00, 0x00, 0x00, 0x00, 0x00, 0x00, 0x00, 0x00, 0x34, 0xa5, 0xff, 0xff,
    0x5b, 0xff, 0x19, 0xff, 0xff, 0xff, 0x18, 0xc6, 0xc7, 0x39, 0x20, 0x00, 0xaa, 0x52, 0xff, 0xff, 0x9a, 0xd6, 0x00, 0x00, 0x00, 0x00, 0x59, 0xce,
    0xff, 0xff, 0x71, 0x8c, 0xcf, 0x7b, 0xa6, 0x31, 0x86, 0x31, 0x00, 0x00, 0x00, 0x00, 0x00, 0x00, 0x00, 0x00, 0xeb, 0x5a, 0x79, 0xce, 0x00, 0x00,
    0x00, 0x00, 0x6d, 0x6b, 0xff, 0xff, 0xff, 0xff, 0xff, 0xff, 0xff, 0xff, 0xff, 0xff, 0xff, 0xff, 0xff, 0xff, 0xff, 0xff, 0xb6, 0xb5, 0x00, 0x00,
    0x00, 0x00, 0x69, 0x4a, 0xff, 0xff, 0xff, 0xff, 0x8e, 0x73, 0x00, 0x00, 0x00, 0x00, 0x00, 0x00, 0x00, 0x00, 0x00, 0x00, 0x00, 0x00, 0x00, 0x00,
    0x00, 0x00, 0x69, 0x4a, 0xbe, 0xf7, 0xff, 0xff, 0xb7, 0xfe, 0xff, 0xff, 0x8e, 0x73, 0x62, 0x08, 0x62, 0x08, 0x62, 0x08, 0x62, 0x08, 0x62, 0x08,
    0x62, 0x08, 0x62, 0x08, 0x62, 0x08, 0x62, 0x08, 0x38, 0xc6, 0xff, 0xff, 0x65, 0x29, 0x00, 0x00, 0x00, 0x00, 0x00, 0x00, 0x86, 0x31, 0x51, 0x8c,
    0x5d, 0xef, 0xff, 0xff, 0x38, 0xc6, 0xae, 0x73, 0x20, 0x00, 0x00, 0x00, 0x51, 0x8c, 0xff, 0xff, 0x6d, 0x6b, 0x00, 0x00, 0x04, 0x21, 0xff, 0xff,
    0xff, 0xff, 0x38, 0xc6, 0x86, 0x31, 0x00, 0x00, 0x00, 0x00, 0x00, 0x00, 0x00, 0x00, 0x00, 0x00, 0x00, 0x00, 0x20, 0x00, 0x14, 0xa5, 0x00, 0x00,
    0x00, 0x00, 0xeb, 0x5a, 0xff, 0xff, 0xff, 0xff, 0xff, 0xff, 0xff, 0xff, 0xff, 0xff, 0xff, 0xff, 0xff, 0xff, 0xff, 0xff, 0xdb, 0xde, 0x00, 0x00,
    0x00, 0x00, 0x45, 0x29, 0xff, 0xff, 0xff, 0xff, 0x9e, 0xf7, 0x49, 0x4a, 0x00, 0x00, 0x00, 0x00, 0x00, 0x00, 0x00, 0x00, 0x00, 0x00, 0x61, 0x08,
    0x10, 0x84, 0x3c, 0xe7, 0xff, 0xff, 0xbf, 0xf7, 0xff, 0xff, 0x1c, 0xe7, 0xa3, 0x10, 0x62, 0x08, 0x62, 0x08, 0x62, 0x08, 0x62, 0x08, 0x62, 0x08,
    0x62, 0x08, 0x62, 0x08, 0x62, 0x08, 0x62, 0x08, 0x46, 0x29, 0x1c, 0xe7, 0xd7, 0xbd, 0x00, 0x00, 0x00, 0x00, 0x00, 0x00, 0x00, 0x00, 0x00, 0x00,
    0x20, 0x00, 0x41, 0x08, 0x00, 0x00, 0x00, 0x00, 0x00, 0x00, 0x41, 0x08, 0x3c, 0xe7, 0x3c, 0xe7, 0x61, 0x08, 0x00, 0x00, 0xeb, 0x5a, 0xff, 0xff,
    0xff, 0xff, 0xff, 0xff, 0x7d, 0xef, 0x69, 0x4a, 0x00, 0x00, 0x00, 0x00, 0x00, 0x00, 0x00, 0x00, 0x00, 0x00, 0x00, 0x00, 0xef, 0x7b, 0x00, 0x00,
    0x00, 0x00, 0x69, 0x4a, 0x5d, 0xef, 0xff, 0xff, 0xff, 0xff, 0xff, 0xff, 0xff, 0xff, 0xff, 0xff, 0xff, 0xff, 0xbe, 0xf7, 0x92, 0x94, 0x00, 0x00,
    0x00, 0x00, 0x20, 0x00, 0x1c, 0xe7, 0xff, 0xff, 0x7c, 0xff, 0x96, 0xb5, 0x00, 0x00, 0x0c, 0x63, 0x14, 0xa5, 0x10, 0x84, 0x34, 0xa5, 0x3c, 0xe7,
    0x7d, 0xef, 0xff, 0xff, 0x75, 0xad, 0xa3, 0x10, 0xab, 0x52, 0x25, 0x21, 0x62, 0x08, 0x62, 0x08, 0x62, 0x08, 0x62, 0x08, 0x62, 0x08, 0x62, 0x08,
    0x62, 0x08, 0x62, 0x08, 0x62, 0x08, 0x62, 0x08, 0x62, 0x08, 0xab, 0x52, 0xff, 0xff, 0xeb, 0x5a, 0x00, 0x00, 0x00, 0x00, 0x00, 0x00, 0x00, 0x00,
    0x00, 0x00, 0x00, 0x00, 0x00, 0x00, 0x00, 0x00, 0x00, 0x00, 0x8e, 0x73, 0xff, 0xff, 0x92, 0x94, 0x00, 0x00, 0x00, 0x00, 0x55, 0xad, 0xff, 0xff,
    0xff, 0xff, 0xff, 0xff, 0xff, 0xff, 0xbe, 0xf7, 0xeb, 0x5a, 0x00, 0x00, 0x00, 0x00, 0x00, 0x00, 0x00, 0x00, 0x00, 0x00, 0x30, 0x84, 0x00, 0x00,
    0x00, 0x00, 0x65, 0x29, 0x1c, 0xe7, 0xff, 0xff, 0xff, 0xff, 0xff, 0xff, 0xff, 0xff, 0xff, 0xff, 0xff, 0xff, 0x1c, 0xe7, 0xcb, 0x5a, 0x00, 0x00,
    0x00, 0x00, 0x00, 0x00, 0xef, 0x7b, 0xbe, 0xff, 0xb1, 0xfd, 0xba, 0xd6, 0x00, 0x00, 0x8a, 0x52, 0xff, 0xff, 0xbe, 0xf7, 0xff, 0xff, 0xff, 0xff,
    0xff, 0xff, 0xf8, 0xbd, 0xa3, 0x10, 0x62, 0x08, 0x62, 0x08, 0x62, 0x08, 0x62, 0x08, 0x62, 0x08, 0x62, 0x08, 0x62, 0x08, 0x62, 0x08, 0x62, 0x08,
    0x62, 0x08, 0x62, 0x08, 0x62, 0x08, 0x62, 0x08, 0x62, 0x08, 0x62, 0x08, 0x14, 0xa5, 0xdf, 0xff, 0x8e, 0x73, 0x20, 0x00, 0x00, 0x00, 0x00, 0x00,
    0x00, 0x00, 0x00, 0x00, 0x00, 0x00, 0x00, 0x00, 0xeb, 0x5a, 0xdf, 0xff, 0xde, 0xff, 0x38, 0xc6, 0x00, 0x00, 0x00, 0x00, 0xb6, 0xb5, 0xff, 0xff,
    0xff, 0xff, 0xff, 0xff, 0xff, 0xff, 0xff, 0xff, 0xff, 0xff, 0xd7, 0xbd, 0x41, 0x08, 0x00, 0x00, 0x00, 0x00, 0x0c, 0x63, 0x59, 0xce, 0x00, 0x00,
    0x00, 0x00, 0x00, 0x00, 0xf3, 0x9c, 0xff, 0xff, 0xff, 0xff, 0xff, 0xff, 0xff, 0xff, 0xff, 0xff, 0xff, 0xff, 0xff, 0xff, 0xdf, 0xff, 0x04, 0x21,
    0x00, 0x00, 0x00, 0x00, 0x08, 0x42, 0xff, 0xff, 0x13, 0xfe, 0x3c, 0xe7, 0x00, 0x00, 0x41, 0x08, 0xf7, 0xbd, 0xff, 0xff, 0x97, 0xfe, 0x7b, 0xff,
    0xbf, 0xf7, 0x45, 0x29, 0x62, 0x08, 0x62, 0x08, 0x62, 0x08, 0x62, 0x08, 0x62, 0x08, 0x62, 0x08, 0x62, 0x08, 0x62, 0x08, 0x62, 0x08, 0x62, 0x08,
    0x62, 0x08, 0x62, 0x08, 0x62, 0x08, 0x62, 0x08, 0x62, 0x08, 0x62, 0x08, 0x82, 0x10, 0x92, 0x94, 0xff, 0xff, 0x9a, 0xd6, 0xcb, 0x5a, 0x20, 0x00,
    0x00, 0x00, 0x00, 0x00, 0xe7, 0x39, 0x75, 0xad, 0xff, 0xff, 0xbe, 0xff, 0x4e, 0xfd, 0xff, 0xff, 0xc7, 0x39, 0xcb, 0x5a, 0x3c, 0xe7, 0x3a, 0xff,
    0x3a, 0xff, 0xff, 0xff, 0xff, 0xff, 0xff, 0xff, 0xff, 0xff, 0xff, 0xff, 0xf7, 0xbd, 0x41, 0x08, 0x82, 0x10, 0x9e, 0xf7, 0xff, 0xff, 0x0c, 0x63,
    0x00, 0x00, 0x00, 0x00, 0x28, 0x42, 0xff, 0xff, 0xff, 0xff, 0xff, 0xff, 0xff, 0xff, 0xff, 0xff, 0xff, 0xff, 0xff, 0xff, 0xff, 0xff, 0xcf, 0x7b,
    0x00, 0x00, 0x00, 0x00, 0xae, 0x73, 0xff, 0xff, 0x90, 0xfd, 0xdf, 0xff, 0x61, 0x08, 0x00, 0x00, 0xaa, 0x52, 0xff, 0xff, 0xff, 0xff, 0xff, 0xff,
    0x8e, 0x73, 0x62, 0x08, 0x62, 0x08, 0x62, 0x08, 0x62, 0x08, 0x62, 0x08, 0x62, 0x08, 0x62, 0x08, 0x62, 0x08, 0x62, 0x08, 0x62, 0x08, 0x62, 0x08,
    0x62, 0x08, 0x62, 0x08, 0x62, 0x08, 0x62, 0x08, 0x62, 0x08, 0x62, 0x08, 0x62, 0x08, 0x62, 0x08, 0xc7, 0x39, 0x79, 0xce, 0xff, 0xff, 0x5d, 0xef,
    0x79, 0xce, 0x3c, 0xe7, 0xff, 0xff, 0x7c, 0xff, 0x0d, 0xfd, 0x4e, 0xfd, 0x5b, 0xff, 0x7c, 0xff, 0xff, 0xff, 0xff, 0xff, 0xf9, 0xfe, 0x06, 0xf4,
    0x41, 0xf3, 0x0c, 0xfd, 0x7c, 0xff, 0xff, 0xff, 0xff, 0xff, 0xff, 0xff, 0xff, 0xff, 0x3c, 0xe7, 0x9e, 0xf7, 0xff, 0xff, 0xff, 0xff, 0xff, 0xff,
    0x75, 0xad, 0x0c, 0x63, 0xb2, 0x94, 0xff, 0xff, 0xff, 0xff, 0xff, 0xff, 0xff, 0xff, 0xff, 0xff, 0xff, 0xff, 0xff, 0xff, 0xff, 0xff, 0xbe, 0xf7,
    0x92, 0x94, 0xd3, 0x9c, 0xff, 0xff, 0xf2, 0xfd, 0xc4, 0xf3, 0xff, 0xff, 0xae, 0x73, 0x00, 0x00, 0xf3, 0x9c, 0xff, 0xff, 0xff, 0xff, 0xb2, 0x94,
    0x62, 0x08, 0x62, 0x08, 0x62, 0x08, 0x62, 0x08, 0x62, 0x08, 0x62, 0x08, 0x62, 0x08, 0x62, 0x08, 0x62, 0x08, 0x62, 0x08, 0x62, 0x08, 0x62, 0x08,
    0x62, 0x08, 0x62, 0x08, 0x62, 0x08, 0x62, 0x08, 0x62, 0x08, 0x62, 0x08, 0x62, 0x08, 0x62, 0x08, 0x62, 0x08, 0x62, 0x08, 0x96, 0xb5, 0xff, 0xff,
    0x3a, 0xff, 0x9d, 0xff, 0xf2, 0xfd, 0x41, 0xf3, 0x20, 0xf3, 0x62, 0xf3, 0xcb, 0xfc, 0x1a, 0xff, 0x96, 0xfe, 0x75, 0xfe, 0x48, 0xfc, 0x20, 0xf3,
    0x21, 0xf3, 0x21, 0xf3, 0x83, 0xf3, 0xaa, 0xfc, 0x97, 0xfe, 0xff, 0xff, 0xff, 0xff, 0xff, 0xff, 0xff, 0xff, 0xff, 0xff, 0xff, 0xff, 0xff, 0xff,
    0xff, 0xff, 0xff, 0xff, 0xff, 0xff, 0xff, 0xff, 0xff, 0xff, 0xff, 0xff, 0xff, 0xff, 0xff, 0xff, 0x7c, 0xff, 0xb7, 0xfe, 0x6f, 0xfd, 0x34, 0xfe,
    0x7c, 0xff, 0x5b, 0xff, 0x90, 0xfd, 0x21, 0xf3, 0xe5, 0xf3, 0x9d, 0xff, 0xdf, 0xff, 0x79, 0xce, 0xff, 0xff, 0xff, 0xff, 0x3c, 0xe7, 0x62, 0x08,
    0x62, 0x08, 0x62, 0x08, 0x62, 0x08, 0x62, 0x08, 0x62, 0x08, 0x62, 0x08, 0x62, 0x08, 0x62, 0x08, 0x62, 0x08, 0x62, 0x08, 0x62, 0x08, 0x62, 0x08,
    0x62, 0x08, 0x62, 0x08, 0x62, 0x08, 0x62, 0x08, 0x62, 0x08, 0x62, 0x08, 0x62, 0x08, 0x62, 0x08, 0x62, 0x08, 0x62, 0x08, 0x62, 0x08, 0x18, 0xc6,
    0xdf, 0xff, 0x90, 0xfd, 0x7c, 0xff, 0xcb, 0xfc, 0x20, 0xf3, 0x41, 0xf3, 0xc4, 0xf3, 0x89, 0xfc, 0x5b, 0xff, 0x5b, 0xff, 0xb7, 0xfe, 0x76, 0xfe,
    0xc5, 0xf3, 0x20, 0xf3, 0x21, 0xf3, 0x41, 0xf3, 0x20, 0xf3, 0xc4, 0xf3, 0xf2, 0xfd, 0x9d, 0xff, 0xff, 0xff, 0xff, 0xff, 0xff, 0xff, 0xff, 0xff,
    0xff, 0xff, 0xff, 0xff, 0xff, 0xff, 0xff, 0xff, 0xbe, 0xff, 0xb7, 0xfe, 0x4e, 0xfd, 0x06, 0xf4, 0x41, 0xf3, 0x21, 0xf3, 0x20, 0xf3, 0x20, 0xf3,
    0x20, 0xf3, 0x20, 0xf3, 0x20, 0xf3, 0xcb, 0xfc, 0xde, 0xff, 0x5d, 0xef, 0x92, 0x94, 0xbb, 0xd6, 0xde, 0xff, 0xbd, 0xff, 0x59, 0xce, 0x62, 0x08,
    0x62, 0x08, 0x62, 0x08, 0x62, 0x08, 0x62, 0x08, 0x62, 0x08, 0x62, 0x08, 0x62, 0x08, 0x62, 0x08, 0x62, 0x08, 0x62, 0x08, 0x62, 0x08, 0x62, 0x08,
    0x62, 0x08, 0x62, 0x08, 0x62, 0x08, 0x62, 0x08, 0x62, 0x08, 0x62, 0x08, 0x62, 0x08, 0x62, 0x08, 0x62, 0x08, 0x62, 0x08, 0xe4, 0x18, 0xff, 0xff,
    0xbd, 0xff, 0xbe, 0xff, 0x4e, 0xfd, 0xbd, 0xff, 0x06, 0xf4, 0x20, 0xf3, 0x20, 0xf3, 0x41, 0xf3, 0xe5, 0xf3, 0x4e, 0xfd, 0x5b, 0xff, 0x1a, 0xff,
    0x55, 0xfe, 0x27, 0xf4, 0x20, 0xf3, 0x20, 0xf3, 0x20, 0xf3, 0x20, 0xf3, 0x20, 0xf3, 0x20, 0xf3, 0x83, 0xf3, 0x48, 0xf4, 0xaa, 0xfc, 0x0d, 0xfd,
    0xec, 0xfc, 0xcb, 0xfc, 0x68, 0xfc, 0xa4, 0xf3, 0x20, 0xf3, 0x20, 0xf3, 0x41, 0xf3, 0x41, 0xf3, 0x20, 0xf3, 0x20, 0xf3, 0x20, 0xf3, 0x20, 0xf3,
    0x20, 0xf3, 0x21, 0xf3, 0x2e, 0xfd, 0xff, 0xff, 0xff, 0xff, 0xfb, 0xde, 0x25, 0x21, 0xcf, 0x7b, 0xff, 0xff, 0xdf, 0xff, 0x49, 0x4a, 0x62, 0x08,
    0x62, 0x08, 0x62, 0x08, 0x62, 0x08, 0x62, 0x08, 0x62, 0x08, 0x62, 0x08, 0x62, 0x08, 0x62, 0x08, 0x62, 0x08, 0x62, 0x08, 0x62, 0x08, 0x62, 0x08,
    0x62, 0x08, 0x62, 0x08, 0x62, 0x08, 0x62, 0x08, 0x62, 0x08, 0x62, 0x08, 0x62, 0x08, 0x62, 0x08, 0x62, 0x08, 0x62, 0x08, 0x62, 0x08, 0xfb, 0xde,
    0xf9, 0xfe, 0xd8, 0xfe, 0xbd, 0xff, 0x6f, 0xfd, 0x1a, 0xff, 0x4e, 0xfd, 0x41, 0xf3, 0x20, 0xf3, 0x41, 0xf3, 0x41, 0xf3, 0x27, 0xf4, 0x54, 0xfe,
    0x76, 0xfe, 0x69, 0xfc, 0xc4, 0xf3, 0x82, 0xf3, 0x83, 0xf3, 0xc4, 0xf3, 0x62, 0xf3, 0x62, 0xf3, 0xe5, 0xf3, 0xe5, 0xf3, 0x27, 0xf4, 0x62, 0xf3,
    0x20, 0xf3, 0x20, 0xf3, 0x41, 0xf3, 0x62, 0xf3, 0x21, 0xf3, 0x20, 0xf3, 0x20, 0xf3, 0x20, 0xf3, 0x20, 0xf3, 0x20, 0xf3, 0x20, 0xf3, 0x83, 0xf3,
    0x90, 0xfd, 0x5b, 0xff, 0xbe, 0xff, 0xff, 0xff, 0xde, 0xff, 0xff, 0xff, 0x4d, 0x6b, 0x62, 0x08, 0x86, 0x31, 0xe4, 0x18, 0x62, 0x08, 0x62, 0x08,
    0x62, 0x08, 0x62, 0x08, 0x62, 0x08, 0x62, 0x08, 0x62, 0x08, 0x62, 0x08, 0x62, 0x08, 0x62, 0x08, 0x62, 0x08, 0x62, 0x08, 0x62, 0x08, 0x62, 0x08,
    0x62, 0x08, 0x62, 0x08, 0x62, 0x08, 0x62, 0x08, 0x62, 0x08, 0x62, 0x08, 0x62, 0x08, 0x62, 0x08, 0x62, 0x08, 0x62, 0x08, 0x62, 0x08, 0xeb, 0x5a,
    0xff, 0xff, 0x34, 0xfe, 0x8f, 0xfd, 0x9d, 0xff, 0x90, 0xfd, 0x7c, 0xff, 0x75, 0xfe, 0xa3, 0xf3, 0x20, 0xf3, 0x20, 0xf3, 0x21, 0xf3, 0x20, 0xf3,
    0x27, 0xf4, 0xb1, 0xfd, 0xf2, 0xfd, 0x2d, 0xfd, 0x89, 0xfc, 0x69, 0xfc, 0x41, 0xf3, 0x20, 0xf3, 0x20, 0xf3, 0x20, 0xf3, 0x20, 0xf3, 0x20, 0xf3,
    0x20, 0xf3, 0x20, 0xf3, 0x20, 0xf3, 0x20, 0xf3, 0x20, 0xf3, 0x20, 0xf3, 0x20, 0xf3, 0x20, 0xf3, 0x20, 0xf3, 0x41, 0xf3, 0x6f, 0xfd, 0xbd, 0xff,
    0xff, 0xff, 0xbe, 0xff, 0xd8, 0xfe, 0x5b, 0xff, 0xff, 0xff, 0x3d, 0xe7, 0x25, 0x21, 0x62, 0x08, 0x62, 0x08, 0x62, 0x08, 0x62, 0x08, 0x62, 0x08,
    0x62, 0x08, 0x62, 0x08, 0x62, 0x08, 0x62, 0x08, 0x62, 0x08, 0x62, 0x08, 0x62, 0x08, 0x62, 0x08, 0x62, 0x08, 0x62, 0x08, 0x62, 0x08, 0x62, 0x08,
    0x62, 0x08, 0x62, 0x08, 0x62, 0x08, 0x62, 0x08, 0x62, 0x08, 0x62, 0x08, 0x62, 0x08, 0x62, 0x08, 0x62, 0x08, 0x62, 0x08, 0x62, 0x08, 0x62, 0x08,
    0x0c, 0x63, 0xdf, 0xff, 0x34, 0xfe, 0x90, 0xfd, 0xdf, 0xff, 0xb1, 0xfd, 0x9d, 0xff, 0xb7, 0xfe, 0xec, 0xfc, 0x21, 0xf3, 0x20, 0xf3, 0x20, 0xf3,
    0x83, 0xf3, 0x42, 0xf3, 0x20, 0xf3, 0xa4, 0xf3, 0x27, 0xf4, 0x27, 0xf4, 0x83, 0xf3, 0x62, 0xf3, 0x62, 0xf3, 0xe5, 0xf3, 0x06, 0xf4, 0x89, 0xfc,
    0x62, 0xf3, 0x20, 0xf3, 0x20, 0xf3, 0x20, 0xf3, 0x20, 0xf3, 0x20, 0xf3, 0x20, 0xf3, 0xc4, 0xf3, 0x4e, 0xfd, 0xf9, 0xfe, 0x13, 0xfe, 0xb0, 0xfd,
    0x69, 0xfc, 0xec, 0xfc, 0x55, 0xfe, 0xff, 0xff, 0xf7, 0xbd, 0xe4, 0x18, 0x62, 0x08, 0x62, 0x08, 0x62, 0x08, 0x62, 0x08, 0x62, 0x08, 0x62, 0x08,
    0x62, 0x08, 0x62, 0x08, 0x62, 0x08, 0x62, 0x08, 0x62, 0x08, 0x62, 0x08, 0x62, 0x08, 0x62, 0x08, 0x62, 0x08, 0x62, 0x08, 0x62, 0x08, 0x62, 0x08,
    0x62, 0x08, 0x62, 0x08, 0x62, 0x08, 0x62, 0x08, 0x62, 0x08, 0x62, 0x08, 0x62, 0x08, 0x62, 0x08, 0x62, 0x08, 0x62, 0x08, 0x62, 0x08, 0x62, 0x08,
    0x62, 0x08, 0x2d, 0x63, 0xdf, 0xff, 0xde, 0xff, 0x34, 0xfe, 0xff, 0xff, 0x7c, 0xff, 0xff, 0xff, 0x7c, 0xff, 0xd8, 0xfe, 0x47, 0xf4, 0x20, 0xf3,
    0x20, 0xf3, 0x20, 0xf3, 0x20, 0xf3, 0x20, 0xf3, 0x20, 0xf3, 0x42, 0xf3, 0x41, 0xf3, 0x62, 0xf3, 0xe5, 0xf3, 0x83, 0xf3, 0x20, 0xf3, 0x20, 0xf3,
    0x20, 0xf3, 0x20, 0xf3, 0x20, 0xf3, 0x20, 0xf3, 0xa3, 0xf3, 0xaa, 0xfc, 0x4e, 0xfd, 0x6f, 0xfd, 0xe6, 0xf3, 0x62, 0xf3, 0xe5, 0xf3, 0xeb, 0xfc,
    0xf9, 0xfe, 0xff, 0xff, 0x3c, 0xe7, 0x0c, 0x63, 0x62, 0x08, 0x62, 0x08, 0x62, 0x08, 0x62, 0x08, 0x62, 0x08, 0x62, 0x08, 0x62, 0x08, 0x62, 0x08,
    0x62, 0x08, 0x62, 0x08, 0x62, 0x08, 0x62, 0x08, 0x62, 0x08, 0x62, 0x08, 0x62, 0x08, 0x62, 0x08, 0x62, 0x08, 0x62, 0x08, 0x62, 0x08, 0x62, 0x08,
    0x62, 0x08, 0x62, 0x08, 0x62, 0x08, 0x62, 0x08, 0x62, 0x08, 0x62, 0x08, 0x62, 0x08, 0x62, 0x08, 0x62, 0x08, 0x62, 0x08, 0x62, 0x08, 0x62, 0x08,
    0x62, 0x08, 0x62, 0x08, 0x86, 0x31, 0x38, 0xc6, 0xff, 0xff, 0x3a, 0xff, 0xff, 0xff, 0xff, 0xff, 0xd8, 0xfe, 0xff, 0xff, 0xd8, 0xfe, 0x47, 0xf4,
    0x42, 0xf3, 0x20, 0xf3, 0x20, 0xf3, 0x20, 0xf3, 0x20, 0xf3, 0x20, 0xf3, 0x20, 0xf3, 0x20, 0xf3, 0xa4, 0xf3, 0xe5, 0xf3, 0x20, 0xf3, 0x20, 0xf3,
    0x20, 0xf3, 0x20, 0xf3, 0x20, 0xf3, 0x62, 0xf3, 0xa3, 0xf3, 0x20, 0xf3, 0x20, 0xf3, 0xc4, 0xf3, 0xb1, 0xfd, 0x3a, 0xff, 0xff, 0xff, 0xff, 0xff,
    0xdb, 0xde, 0xeb, 0x5a, 0x82, 0x10, 0x62, 0x08, 0x62, 0x08, 0x62, 0x08, 0x62, 0x08, 0x62, 0x08, 0x62, 0x08, 0x62, 0x08, 0x62, 0x08, 0x62, 0x08,
    0x62, 0x08, 0x62, 0x08, 0x62, 0x08, 0x62, 0x08, 0x62, 0x08, 0x62, 0x08, 0x62, 0x08, 0x62, 0x08, 0x62, 0x08, 0x62, 0x08, 0x62, 0x08, 0x62, 0x08,
    0x62, 0x08, 0x62, 0x08, 0x62, 0x08, 0x62, 0x08, 0x62, 0x08, 0x62, 0x08, 0x62, 0x08, 0x62, 0x08, 0x62, 0x08, 0x62, 0x08, 0x62, 0x08, 0x62, 0x08,
    0x62, 0x08, 0x62, 0x08, 0x62, 0x08, 0xa3, 0x10, 0xd3, 0x9c, 0xff, 0xff, 0x5b, 0xff, 0xff, 0xff, 0xff, 0xff, 0xff, 0xff, 0xff, 0xff, 0xf9, 0xfe,
    0x2e, 0xfd, 0x62, 0xf3, 0x20, 0xf3, 0x41, 0xf3, 0x41, 0xf3, 0x69, 0xfc, 0x89, 0xfc, 0x68, 0xfc, 0x69, 0xfc, 0x48, 0xf4, 0x06, 0xf4, 0x42, 0xf3,
    0x20, 0xf3, 0x20, 0xf3, 0x20, 0xf3, 0xc4, 0xf3, 0x90, 0xfd, 0x75, 0xfe, 0xf3, 0xfd, 0xff, 0xff, 0xff, 0xff, 0x1c, 0xe7, 0x6e, 0x6b, 0x04, 0x21,
    0x62, 0x08, 0x62, 0x08, 0x62, 0x08, 0x62, 0x08, 0x62, 0x08, 0x62, 0x08, 0x62, 0x08, 0x62, 0x08, 0x62, 0x08, 0x62, 0x08, 0x62, 0x08, 0x62, 0x08,
    0x62, 0x08, 0x62, 0x08, 0x62, 0x08, 0x62, 0x08, 0x62, 0x08, 0x62, 0x08, 0x62, 0x08, 0x62, 0x08, 0x62, 0x08, 0x62, 0x08, 0x62, 0x08, 0x62, 0x08,
    0x62, 0x08, 0x62, 0x08, 0x62, 0x08, 0x62, 0x08, 0x62, 0x08, 0x62, 0x08, 0x62, 0x08, 0x62, 0x08, 0x62, 0x08, 0x62, 0x08, 0x62, 0x08, 0x62, 0x08,
    0x62, 0x08, 0x62, 0x08, 0x62, 0x08, 0x62, 0x08, 0x83, 0x10, 0x18, 0xc6, 0xff, 0xff, 0x5b, 0xff, 0xde, 0xff, 0xdb, 0xde, 0x5d, 0xef, 0xff, 0xff,
    0xff, 0xff, 0xff, 0xff, 0xff, 0xff, 0xf9, 0xfe, 0xd8, 0xfe, 0x4e, 0xfd, 0x0c, 0xfd, 0x6f, 0xfd, 0x6f, 0xfd, 0x13, 0xfe, 0x55, 0xfe, 0x19, 0xff,
    0x75, 0xfe, 0xf8, 0xfe, 0x54, 0xfe, 0xd8, 0xfe, 0xdf, 0xff, 0xff, 0xff, 0xde, 0xff, 0xff, 0xff, 0xc7, 0x39, 0x62, 0x08, 0x62, 0x08, 0x62, 0x08,
    0x62, 0x08, 0x62, 0x08, 0x62, 0x08, 0x62, 0x08, 0x62, 0x08, 0x62, 0x08, 0x62, 0x08, 0x62, 0x08, 0x62, 0x08, 0x62, 0x08, 0x62, 0x08, 0x62, 0x08,
    0x62, 0x08, 0x62, 0x08, 0x62, 0x08, 0x62, 0x08, 0x62, 0x08, 0x62, 0x08, 0x62, 0x08, 0x62, 0x08, 0x62, 0x08, 0x62, 0x08, 0x62, 0x08, 0x62, 0x08,
    0x62, 0x08, 0x62, 0x08, 0x62, 0x08, 0x62, 0x08, 0x62, 0x08, 0x62, 0x08, 0x62, 0x08, 0x62, 0x08, 0x62, 0x08, 0x62, 0x08, 0x62, 0x08, 0x62, 0x08,
    0x62, 0x08, 0x62, 0x08, 0x62, 0x08, 0x62, 0x08, 0x62, 0x08, 0x82, 0x10, 0xd3, 0x9c, 0xdf, 0xff, 0xff, 0xff, 0x9d, 0xff, 0xff, 0xff, 0xff, 0xff,
    0x5d, 0xef, 0x92, 0x94, 0x59, 0xce, 0xff, 0xff, 0xff, 0xff, 0xff, 0xff, 0xff, 0xff, 0xff, 0xff, 0xff, 0xff, 0xde, 0xff, 0x19, 0xff, 0x96, 0xfe,
    0x1a, 0xff, 0x96, 0xfe, 0x96, 0xfe, 0x96, 0xfe, 0x9c, 0xff, 0xff, 0xff, 0xff, 0xff, 0xdb, 0xde, 0x82, 0x10, 0x62, 0x08, 0x62, 0x08, 0x62, 0x08,
    0x62, 0x08, 0x62, 0x08, 0x62, 0x08, 0x62, 0x08, 0x62, 0x08, 0x62, 0x08, 0x62, 0x08, 0x62, 0x08, 0x62, 0x08, 0x62, 0x08, 0x62, 0x08, 0x62, 0x08,
    0x62, 0x08, 0x62, 0x08, 0x62, 0x08, 0x62, 0x08, 0x62, 0x08, 0x62, 0x08, 0x62, 0x08, 0x62, 0x08, 0x62, 0x08, 0x62, 0x08, 0x62, 0x08, 0x62, 0x08,
    0x62, 0x08, 0x62, 0x08, 0x62, 0x08, 0x62, 0x08, 0x62, 0x08, 0x62, 0x08, 0x62, 0x08, 0x62, 0x08, 0x62, 0x08, 0x62, 0x08, 0x62, 0x08, 0x62, 0x08,
    0x62, 0x08, 0x62, 0x08, 0x62, 0x08, 0x62, 0x08, 0x62, 0x08, 0x62, 0x08, 0x62, 0x08, 0x86, 0x31, 0x59, 0xce, 0xff, 0xff, 0xde, 0xff, 0xff, 0xff,
    0x51, 0x8c, 0x62, 0x08, 0x62, 0x08, 0xa7, 0x31, 0x5d, 0xef, 0xff, 0xff, 0xff, 0xff, 0xd3, 0x9c, 0x4d, 0x6b, 0x59, 0xce, 0xba, 0xd6, 0xf7, 0xbd,
    0xb6, 0xb5, 0x7a, 0xce, 0x18, 0xc6, 0x18, 0xc6, 0xb2, 0x94, 0xeb, 0x5a, 0x08, 0x42, 0xa3, 0x10, 0x62, 0x08, 0x62, 0x08, 0x62, 0x08, 0x62, 0x08,
    0x62, 0x08, 0x62, 0x08, 0x62, 0x08, 0x62, 0x08, 0x62, 0x08, 0x62, 0x08, 0x62, 0x08, 0x62, 0x08, 0x62, 0x08, 0x62, 0x08, 0x62, 0x08, 0x62, 0x08,
    0x62, 0x08, 0x62, 0x08, 0x62, 0x08, 0x62, 0x08, 0x62, 0x08, 0x62, 0x08, 0x62, 0x08, 0x62, 0x08, 0x62, 0x08, 0x62, 0x08, 0x62, 0x08, 0x62, 0x08,
    0x62, 0x08, 0x62, 0x08, 0x62, 0x08, 0x62, 0x08, 0x62, 0x08, 0x62, 0x08, 0x62, 0x08, 0x62, 0x08, 0x62, 0x08, 0x62, 0x08, 0x62, 0x08, 0x62, 0x08,
    0x62, 0x08, 0x62, 0x08, 0x62, 0x08, 0x62, 0x08, 0x62, 0x08, 0x62, 0x08, 0x62, 0x08, 0x62, 0x08, 0x62, 0x08, 0x49, 0x4a, 0x34, 0xa5, 0xd7, 0xbd,
    0x45, 0x29, 0x62, 0x08, 0x62, 0x08, 0x62, 0x08, 0xec, 0x5a, 0xfb, 0xde, 0x59, 0xce, 0xe4, 0x18, 0x62, 0x08, 0x62, 0x08, 0x62, 0x08, 0x62, 0x08,
    0x62, 0x08, 0x62, 0x08, 0x62, 0x08, 0x62, 0x08, 0x62, 0x08, 0x62, 0x08, 0x62, 0x08, 0x62, 0x08, 0x62, 0x08, 0x62, 0x08, 0x62, 0x08, 0x62, 0x08,
    0x62, 0x08, 0x62, 0x08, 0x62, 0x08, 0x62, 0x08, 0x62, 0x08, 0x62, 0x08, 0x62, 0x08, 0x62, 0x08, 0x62, 0x08, 0x62, 0x08, 0x62, 0x08, 0x62, 0x08,
    0x62, 0x08, 0x62, 0x08, 0x62, 0x08, 0x62, 0x08, 0x62, 0x08, 0x62, 0x08, 0x62, 0x08, 0x62, 0x08, 0x62, 0x08, 0x62, 0x08, 0x62, 0x08, 0x62, 0x08,
    0x62, 0x08, 0x62, 0x08, 0x62, 0x08, 0x62, 0x08, 0x62, 0x08, 0x62, 0x08, 0x62, 0x08, 0x62, 0x08, 0x62, 0x08, 0x62, 0x08, 0x62, 0x08, 0x62, 0x08,
    0x62, 0x08, 0x62, 0x08, 0x62, 0x08, 0x62, 0x08, 0x62, 0x08, 0x62, 0x08, 0x62, 0x08, 0x62, 0x08, 0x62, 0x08, 0x62, 0x08, 0x62, 0x08, 0x62, 0x08,
    0x62, 0x08, 0x62, 0x08, 0x62, 0x08, 0x62, 0x08, 0x62, 0x08, 0x62, 0x08, 0x62, 0x08, 0x62, 0x08, 0x62, 0x08, 0x62, 0x08, 0x62, 0x08, 0x62, 0x08,
    0x62, 0x08, 0x62, 0x08, 0x62, 0x08, 0x62, 0x08, 0x62, 0x08, 0x62, 0x08, 0x62, 0x08, 0x62, 0x08, 0x62, 0x08, 0x62, 0x08, 0x62, 0x08, 0x62, 0x08,
    0x62, 0x08, 0x62, 0x08, 0x62, 0x08, 0x62, 0x08, 0x62, 0x08, 0x62, 0x08, 0x62, 0x08, 0x62, 0x08, 0x62, 0x08, 0x62, 0x08, 0x62, 0x08, 0x62, 0x08,
    0x62, 0x08, 0x62, 0x08, 0x62, 0x08, 0x62, 0x08, 0x62, 0x08, 0x62, 0x08, 0x62, 0x08, 0x62, 0x08, 0x62, 0x08, 0x62, 0x08, 0x62, 0x08, 0x62, 0x08,
    0x62, 0x08, 0x62, 0x08, 0x62, 0x08, 0x62, 0x08, 0x62, 0x08, 0x62, 0x08, 0x62, 0x08, 0x62, 0x08, 0x62, 0x08, 0x62, 0x08, 0x62, 0x08, 0x62, 0x08,
    0x62, 0x08, 0x62, 0x08, 0x62, 0x08, 0x62, 0x08, 0x62, 0x08, 0x62, 0x08, 0x62, 0x08, 0x62, 0x08, 0x62, 0x08, 0x62, 0x08, 0x62, 0x08, 0x62, 0x08,
    0x62, 0x08, 0x62, 0x08, 0x62, 0x08, 0x62, 0x08, 0x62, 0x08, 0x62, 0x08, 0x62, 0x08, 0x62, 0x08, 0x62, 0x08, 0x62, 0x08, 0x62, 0x08, 0x62, 0x08,
    0x62, 0x08, 0x62, 0x08, 0x62, 0x08, 0x62, 0x08, 0x62, 0x08, 0x62, 0x08, 0x62, 0x08, 0x62, 0x08, 0x62, 0x08, 0x62, 0x08, 0x62, 0x08, 0x62, 0x08,
    0x62, 0x08, 0x62, 0x08, 0x62, 0x08, 0x62, 0x08, 0x62, 0x08, 0x62, 0x08, 0x62, 0x08, 0x62, 0x08, 0x62, 0x08, 0x62, 0x08, 0x62, 0x08, 0x62, 0x08,
    0x62, 0x08, 0x62, 0x08, 0x62, 0x08, 0x62, 0x08, 0x62, 0x08, 0x62, 0x08, 0x62, 0x08, 0x62, 0x08, 0x62, 0x08, 0x62, 0x08, 0x62, 0x08, 0x62, 0x08,
    0x62, 0x08, 0x62, 0x08, 0x62, 0x08, 0x62, 0x08, 0x62, 0x08, 0x62, 0x08, 0x62, 0x08, 0x62, 0x08, 0x62, 0x08, 0x62, 0x08, 0x62, 0x08, 0x62, 0x08,
    0x62, 0x08, 0x62, 0x08, 0x62, 0x08, 0x62, 0x08, 0x62, 0x08, 0x62, 0x08, 0x62, 0x08, 0x62, 0x08, 0x62, 0x08, 0x62, 0x08, 0x62, 0x08, 0x62, 0x08,
    0x62, 0x08, 0x62, 0x08, 0x62, 0x08, 0x62, 0x08, 0x62, 0x08, 0x62, 0x08, 0x62, 0x08, 0x62, 0x08, 0x62, 0x08, 0x62, 0x08, 0x62, 0x08, 0x62, 0x08,
    0x62, 0x08, 0x62, 0x08, 0x62, 0x08, 0x62, 0x08, 0x62, 0x08, 0x62, 0x08, 0x62, 0x08, 0x62, 0x08, 0x62, 0x08, 0x62, 0x08, 0x62, 0x08, 0x62, 0x08,
    0x62, 0x08, 0x62, 0x08, 0x62, 0x08, 0x62, 0x08, 0x62, 0x08, 0x62, 0x08, 0x62, 0x08, 0x62, 0x08, 0x62, 0x08, 0x62, 0x08, 0x62, 0x08, 0x62, 0x08,
    0x62, 0x08, 0x62, 0x08, 0x62, 0x08, 0x62, 0x08, 0x62, 0x08, 0x62, 0x08, 0x62, 0x08, 0x62, 0x08, 0x62, 0x08, 0x62, 0x08, 0x62, 0x08, 0x62, 0x08,
};

const lv_image_dsc_t rl_reel = {
    .header =
        {
            .magic  = LV_IMAGE_HEADER_MAGIC,
            .cf     = LV_COLOR_FORMAT_RGB565,
            .flags  = 0,
            .w      = 72,
            .h      = 288,
            .stride = 144,
        },
    .data_size = sizeof(rl_reel_map),
    .data      = rl_reel_map,
};
